Label Kategori,PC1,PC2,PC3,PC4,PC5,PC6,PC7,PC8,PC9,PC10,PC11,PC12,PC13,PC14,PC15,PC16,PC17,PC18,PC19,PC20,PC21,PC22,PC23,PC24,PC25,PC26,PC27,PC28,PC29,PC30,PC31,PC32,PC33,PC34,PC35,PC36,PC37,PC38,PC39,PC40,PC41,PC42,PC43,PC44,PC45,PC46,PC47,PC48,PC49,PC50
SPORT,-0.0023362202625064454,0.3785906108048972,-0.19235469014524825,0.061929767185734896,0.053858925650161024,0.07479227523008222,0.01740472639017915,0.0003194159030124803,-0.04004161570827731,-0.004862254198412544,0.012077853477103294,-0.036100478743778024,0.026787596860122605,-0.029564338839377688,-0.04835884274021853,0.07130794471136202,0.05505746945077192,0.11780538873963478,-0.13323541072350215,0.12965674178527828,-0.0692122683665971,0.021244645529038646,0.006251730629648837,-0.08701315897868672,-0.026623298609928944,-0.12105237232547868,0.004076456800034978,0.03837793997242967,0.05619898002741269,0.09911047101699508,-0.052301739161702,-0.04329402393466114,-0.12062687820690644,0.036548829547293174,0.012103717331920267,-0.1510344946113442,0.1980482405799921,-0.05021801978913024,-0.11587580940111053,0.02046499903920456,-0.07591918154724167,0.058082391464542575,-0.04123264571837444,0.08590647040291298,0.01859100153714247,-0.0884709586724669,0.07099457666455486,0.03344013369907146,0.013710073818950045,0.038653754804936
SPORT,-0.08188572638340448,0.33085904759903534,-0.07322422489545413,0.0883073744294482,0.06274082950143445,0.10432491099828856,-0.06417228804983281,0.16725454005586915,-0.05591524728428578,-0.006515700530937658,-0.005229554014782525,-0.006354682961374728,0.012556428772803465,-0.05076577306822978,-0.0019158843233878478,-0.09762425138369168,-0.097659964330974,-0.05078795680700989,0.09140290525376625,-0.16123993229150996,0.037785550786255256,0.028609748404864403,-0.03794491690601926,-0.03377928081618715,0.08778035438282372,-0.026975843984107333,-0.011782169380715794,-0.09563317070126169,-0.047820332849563156,0.07500063605628568,0.01554052338252997,0.03993642628480889,0.011174629242589504,-0.18225073333670017,-0.03324305545553361,-0.023168034593653908,0.00028642460190124425,0.014158430138242221,0.0038825033402857924,-0.007737382586483339,-0.030055864793986725,0.015502326183117972,-0.034772866951665184,0.016817949479463717,0.05998281082957549,-0.018370211772543322,-0.0076400356680743665,-0.015641511609359306,0.03604621757385759,-0.02963273917477222
SPORT,-0.22548062681586717,0.08087963636556157,0.5221693991258849,0.20408316837999696,0.029646879335862394,0.06441269957282118,0.056672660990408935,-0.1531207097227628,-0.01721477347505606,0.004144159820111185,-0.026253968194194406,0.010404359132402513,0.006861961378818206,0.01627090635666005,-0.0015122472374402554,0.023539264919658062,0.02114658835210825,0.046961795275620735,-0.02154995618409869,-0.016570312645340816,-0.027619029600383985,-0.015387942928285759,-0.008141130172668508,-0.0031557530188191245,0.009411793724553618,-0.010915370330616514,-0.016173429457161062,-0.031520292358034475,0.03284535975773751,0.026703263851737786,-0.0052482940714924445,0.011777879181433627,-0.03193978419365536,-0.033604907443648684,-0.03009688312190977,-0.005276907912745166,-0.032736813791338554,-0.01850147118418338,0.005470682337076594,-0.016647359982763146,0.038160909904096624,-0.019840083266313972,0.028938300863670743,0.05796930777411833,0.003934250745109954,-0.009487218176779754,-0.008773087538874355,-0.010377954403109553,0.046581351505492266,0.049721237741881086
SPORT,-0.01370614176396555,0.06860228852330955,-0.00018685024568020737,-0.016074778329203305,-0.04579309707051764,-0.09216603572825578,0.036761415297021406,0.003022050990209136,0.07691569334210231,0.010658823069829605,-0.023117815382717868,0.0055392509447961666,-0.012348733306579688,0.028108516603927106,0.04581465230060517,-0.00472026112368152,-0.01665558886993298,-0.055309557511336406,0.049452960776969625,-0.05485657883863292,0.026487223915556822,-0.004575946358729387,-0.009193088467483873,-0.04126927684890355,-0.0394027007057846,-0.007116808285530593,-0.031511591652085134,0.021485707639411118,0.05106839121856467,-0.02281921841908525,-0.014700199093239438,-0.0479709870890648,-0.008069564614362637,0.017046987084607442,-0.09481967837323231,0.05193425724198111,-0.03184154087954684,-0.026156467739121766,0.04434497791512486,-0.04747800839921758,0.13303126766740048,-0.0651418921156667,0.010254197619875657,0.06922271463915265,-0.03666699516918228,-0.015459510251441787,0.17769632331024063,-0.024145799906334833,-0.010614653571552491,-0.19262452457002674
SPORT,-0.01107065122855371,0.1505444180988105,-0.05822553709045977,-0.010364619815277053,-0.0385491898057488,-0.11992725113950156,0.05292048003057321,-0.03409083478069759,0.13805266185302215,0.030830668298558205,-0.05829714563793339,0.012690241497286642,0.029610925601712097,0.049109813350060094,0.03750388101515314,0.1477582986506809,0.07044932427129676,-0.03590448594497127,0.108315203963047,-0.08733165930619066,0.08870980378333103,-0.04461498386280181,-0.013686216195406758,-0.0876154195293421,0.081326456294445,0.43066300355651055,-0.20802771889425406,0.40915017642717444,-0.13659947301716704,0.08138825291065642,0.05193787926920135,-0.10314783558629245,-0.11288772868787339,-0.10579077525236426,0.14103595513486294,0.039222215161500325,-0.04777450179577018,-0.23288638402746878,0.001044155281773959,-0.025107568066110735,0.01242590728374141,0.05978216610939359,0.020596002216151866,0.012374180193752183,-0.03809561330091741,0.029024348415031796,-0.027990374585131202,0.03012794704163147,0.018564500263326653,-0.028225499058885082
SPORT,-0.17048425540139098,-0.056999741256000616,-0.0674548879394951,0.017909550674973747,-0.02543296949722461,-0.04667737283474548,0.04057195249947466,0.0012462989765152565,0.021929834363244267,0.00909677712620743,0.10637833220750041,0.040674831278579474,0.004679756640736416,0.011541222133434708,0.02568940773307264,0.020045193470955337,-0.018195260322863234,-0.06751148346427356,0.005825301969440597,-0.04008729820433325,0.007729533028299834,-0.0632735658152525,-0.026146850812872432,0.00942297285776374,0.02355456475820444,0.04888716463016384,0.04348269595281313,0.1096310210087852,-0.012356026497610226,0.1417475649374976,-0.11856379319668106,0.0014842938511005082,0.13739383437576427,-0.07094096751904037,-0.12987747165510746,-0.050960350663950126,-0.041675588638673065,0.20149099833214384,-0.08052254048885568,0.30847364427442836,-0.09074666709032596,-0.049811458964733574,-0.08344420704704646,-0.001782075629476175,0.09859711880509817,-0.05065269476959538,-0.17007012550292133,-0.0089824909522772,-0.16230273051552144,0.025591076130321917
SPORT,0.01627177787313223,0.3488883918632009,-0.16552425653995292,0.09846746761749527,0.008456151417369287,-0.009772460243954902,0.04119910855130299,-0.04011247298427238,0.041078108825088354,0.026536499592907277,-0.06669373005366236,0.022983662803924988,-0.01355140873251788,0.09577144736817228,0.033528364667658,0.08362648559492315,0.11459317264394485,0.022302660692735624,0.0021415266709840616,-0.033190330208327685,0.001060868128433324,-0.005027563378526648,-0.012322498444973207,-0.0985673609552207,-0.10880477899800527,0.0954499825014239,0.012519177717065694,0.06582853916853214,-0.010016465611643112,0.0237636867846171,0.0016012377188863044,-0.017384852866611063,-0.0534254987044889,-0.04635959521082291,0.029239576900952458,-0.007544357913481747,0.031174098199842872,0.01407544421916683,0.013777754211895563,-0.03167255477116719,0.03731507098215019,-0.04322031463519202,-0.04567679798494298,-0.05533713763878841,-0.008550353862235821,-0.013072152680755551,0.06202184964921997,-0.08104437303517548,0.13064486326333535,0.004017261343554968
SPORT,-0.03340817180660627,0.4447357909836668,-0.16215409939275394,0.09875938429561794,0.014343690331248786,0.048260893440999875,0.002998626559412071,0.07406828012741515,-0.01245499388020676,-0.014265347164019128,-0.022331174630417124,-0.06393939058801724,-0.02170786793171982,0.024736590593104568,0.02572725618981608,-0.08120606387289903,-0.07230697673541125,-0.0643086278931116,0.16283306704110387,-0.24202052602966517,0.047935602920875196,-0.04398051206419467,-0.07743794323413085,-0.17025662432889457,0.0110319127633926,-0.09562718831956518,0.013859933384082214,-0.05990207907586646,0.04167267975583152,0.007460258724778231,0.008195268796765505,-0.08765767174468463,0.014222499233766077,0.0023688463080445937,-0.1307259625701879,0.01967880314155811,0.015300961336057196,-0.10977924802570813,-0.07965686071381053,-0.06273549803285709,-0.01655727056018432,-0.09039690012458937,0.0073096547337391776,0.03169087310214256,0.012711157276036748,0.057189663105286274,0.011839606864161028,0.006678829176081393,0.06077877789260083,0.06234040564511516
SPORT,-0.11684388660480183,-0.11585195553353864,-0.10102840827024746,0.027890521738069805,0.008813583311344946,-0.04154907744256129,-0.021146158757082527,-0.059968798973652516,0.030512021622464518,0.0010638690462168878,-0.058007906578732255,-0.005243299483333593,-0.0022538940470778735,-0.032753960890980253,-0.03555897409414964,-0.0712048642844991,-0.05062839608191387,0.030592328258796105,-0.001291699341988961,-0.016411536892391873,0.04702707502178783,0.008040645566036838,-0.01456216990842131,0.09718349612216204,-0.06866937484194863,0.005744060689553731,0.052862789779953186,-0.03696875526454617,0.07958411734224788,0.10665427441080637,-0.06465081517680342,-0.08092382339668751,-0.019358910213577808,0.0033313230822042132,-0.04828187479354467,0.022276124943266248,0.030940067182400218,-0.22457974138910408,-0.13724233855005988,0.04729261100025361,0.22742308922480323,-0.13223795255823817,0.20232403909533822,-0.24908719746079114,0.0014512349325077247,-0.16918410967179173,0.07615247614669879,-0.0024690013038490754,0.027051789913418126,-0.28431925613325354
SPORT,-0.04946861520296545,0.37498559209182303,-0.09797264278113314,0.10399739943839142,0.043333480652653675,0.11340959841556034,-0.0023852329878212516,0.039309433804096953,-0.07264515465655076,-0.030184506324625757,0.07188431260418968,-0.06189499468142243,-0.0054991760072927,-0.07160112563010612,0.002264639855752676,-0.06910858961359505,-0.07564906349954471,-0.06759824274960298,0.04149952994493097,-0.0032702965772881377,0.0030224295474155813,-0.0054227403706581705,0.00739456395279257,0.057276025237066104,0.10240331055730327,0.04607270334193247,0.0070933557741170595,-0.01003037455415609,-0.14664316200554897,-0.022208985228583795,0.053581789205075066,0.08341162395169861,0.02286135913865993,-0.0898125698648859,0.01719307788556329,0.07192556612630673,-0.14754196082916818,0.10220559198677341,0.15555051571257045,0.07458344214389909,-0.004164848835408011,0.055599450933305435,0.04241482048807643,-0.10205271453454738,-0.06528460641515847,-0.058853219230054925,0.031739816053661454,0.05655851010781302,-0.07893865628268634,-0.05021565963741747
SPORT,0.004690799382829234,0.4193484016264035,-0.2107558263166241,0.0809915739360522,-0.0007252343387147332,0.0424845448584599,0.08488581809558063,-0.05516287998139238,-0.03380405282910823,-0.03892822016829708,-0.003327812056894322,-0.015067818370428403,0.002860951412867493,0.031209219195842516,-0.0028667541230371126,0.14254878075922867,0.12381282430888126,0.08491855121775706,-0.16890976522791723,0.20549301045502819,-0.04687618117774399,-0.054303703854501714,0.019884868948260817,-0.017902446731277104,-0.09423242017421711,-0.03859135354379675,-0.010841077263543575,0.03744104003253214,0.1069038424320429,-0.018442509307028322,-0.04158466966629084,-0.04734785056510756,0.02875889415572721,0.0820252462646624,0.018892969145918464,-0.06023538844206865,0.032135875249612485,-0.11404133566804858,-0.1330324363889488,0.06815758699692775,-0.11360725266334024,-0.028822459931684013,-0.027252554439363516,0.0365864106907164,0.025303076943590675,-0.015846573458704074,-0.008045413170209978,-0.0046504622376170495,0.015121012040599815,-0.015181001200156148
SPORT,-0.009129990359515413,0.02931885304027153,-0.008278548139201706,-0.0834578806824675,-0.09755629844677544,-0.21271766946343967,0.0886021971335832,-0.03139722477459961,0.1926523030792388,0.02169277076960568,-0.03820977676055155,-0.0025896636765722156,-0.09833093176611869,-0.019693141500987683,-0.1125090692615573,-0.24074292483097934,-0.2735246741602205,0.18840413615319682,-0.17625592113252925,0.0235972086968121,-0.09185847631458426,0.11984772245139705,-0.10693023238440574,-0.1297812162776733,0.11428695661613858,-0.023353607181779607,-0.04860503664048596,0.057059519106734416,-0.05632171028758214,0.06636622048730424,0.09613812344869473,0.023379488397185406,0.12463678477417324,-0.05382303652717341,0.07768068758247446,0.07074527206891032,-0.04630667014800248,0.11464743170782847,0.06020383099696066,0.016999412903854344,0.023578992974668676,0.029743513638929246,0.02913144675583177,-0.02272045689721445,0.0017766054026167885,0.021630376174241007,-0.00549199066095744,0.022863412288236705,0.06123421744816488,0.02975819460071558
SPORT,0.07777082524404827,0.3355954284489861,-0.20620066562864692,0.047185733870473576,0.18970344236151324,0.06149449011806207,-0.1687061769711854,-0.1357863231288541,-0.04578245021855365,0.16097268698694545,-0.12697306295157035,0.22481009830394652,0.03823184371155137,0.12934827385631348,-0.018693965212582816,0.07126718238170618,0.09706662566348193,0.1370922413176104,-0.020696030773495272,-0.16567316812642563,0.02777471283286114,0.2077375227876616,-0.020395815122341197,-0.007376032733105382,-0.062449901546792023,0.05442607502103862,0.05296455674684985,0.004410722071966552,-0.08140841700369332,0.05422731519394958,-0.04414385385754205,0.014839352100410602,-0.04949925176311338,-0.00012965201458472645,0.10763100858774767,-0.004216477784358606,0.08460724690316072,0.11172489384065998,0.07036070827626754,-0.011965508665320528,0.08804077740068694,0.06186368582628183,0.03532772206938619,-0.09237538741783134,0.05622966076619217,0.035335311050356984,-0.04853408996732389,-0.029448208073610527,0.014197532123256841,0.035596416400796874
SPORT,-0.027992192232583958,0.2229256994660985,-0.09067988514161278,0.010699058875500793,0.06859799129341036,0.0784424000340726,-0.05661483043977352,0.010321835889305903,-0.02659883499814484,0.019769083916083455,0.07380689278406163,0.08852448050132614,0.03745547488664991,-0.021604499538771665,-0.0019016441793915523,0.01202385462516563,-0.006080006419893627,-0.0063056138687682525,0.01492264383685466,-0.03866106018097833,-0.0345370767371619,0.08837359022756447,-0.006881777695598234,-0.040672130754428,-0.021531940715858643,-0.011845960061672944,0.06221578773473542,-0.022070750358983083,-0.09845047241886375,0.04881665096042325,0.014151933816077,0.0554428807970934,-0.11038951291384405,-0.06177793131593238,0.07777008198367495,0.03849715322015648,-0.03776826679298497,0.2666883309618585,0.008407180969713726,0.06751126414258334,-0.08441050187567681,0.029615194817381462,0.08312199715095264,-0.07991386681101553,-0.06274918779857737,0.19879379827481164,-0.016013888352643408,-0.03040576672885083,-0.0957256272356193,-0.2139739543625158
SPORT,0.015552400572674485,0.353273305919733,-0.17873368925565286,0.06584158211744286,0.020296248288424995,0.09047892653984398,0.054412086945087736,-0.01934883832894958,-0.051917041730072645,-0.02452837455736343,0.04193620752849677,-0.05356651409504255,0.02838546095593268,-0.051032977552175104,-0.03870704467832209,0.09676538561659048,0.06966985292377065,0.12964469477235668,-0.18403440194267393,0.2945087163846109,-0.06428819063780294,-0.02919666936873684,0.020014097419157155,0.011194739381320784,-0.007047525115212254,-0.11037785394406313,-0.059165443009680845,0.045785507940379826,0.07415260050113119,0.0770677870114683,-0.02981178882946344,-0.11433585653472111,-0.012029799234840488,0.1032415324196215,0.1117479402112995,-0.12944623266705307,0.06991542162044442,-0.08560542838746152,-0.11594139810012648,0.1148399482962387,-0.10327724626295524,0.006305921777569635,-0.06592954528643882,0.09602576222169225,0.018140679828865827,-0.0252492858617291,0.008700549183171761,0.07036192786452453,0.027404507701888983,-0.008541830445454346
SPORT,0.023027034172934474,0.4431224012905346,-0.2349745062615559,0.11797316550146912,0.028263242781911217,0.09881783572108652,0.06860417272117343,-0.04029872012639044,-0.0743392638788069,0.016760704465641853,-0.013306691755359777,-0.012737530688065395,0.019817871846067057,0.006057895776558204,-0.012132044400031402,0.10323757342806458,0.09018844224700374,0.1443858073918936,-0.15030436209758313,0.15333796439957326,-0.08045266132551239,0.03176317716678674,-0.018420317350223314,-0.057389793573699395,-0.05684802154093037,-0.1035875874200771,0.054576323658944624,-0.01221298759081583,0.045619268327956264,0.08390927844058536,-0.028757928093197643,-0.009226383497593032,-0.07052567547283288,0.044367802246303045,0.007962056198107356,-0.14358506995328116,0.1213512202565789,-0.02907065335551655,-0.09576905988414831,0.008536228966565817,-0.08325691103124526,-0.0012166422040965376,-0.026636636317846542,0.019364202056855153,-0.02423321313665964,-0.01752245423208473,0.00805642897650321,0.018877859491101004,-0.03338143252711647,0.0075713833992826765
SPORT,0.03609033399490271,0.4574463730737899,-0.24364673340720994,0.08027816328791562,0.07810480627921167,0.08140131392685801,-0.015553370763768703,-0.08424036441410028,0.023436408662472426,0.05224216999193527,-0.11263747412474451,0.12775377852679903,0.0024462962251722937,0.08554947898410238,0.021309173625401058,0.09161115918860753,0.07130236498497218,0.07194860785727883,-0.034172888235661156,-0.07200022272115607,-0.05109586985786137,0.0902113386132491,-0.00688208856241738,-0.04153693672522911,-0.06887216747229181,-0.006390355608770206,0.10103884658715132,-0.009366553161603737,0.049874708820377735,0.002683891024800583,-0.025799115923135368,0.07181285325795093,-0.06784394590820629,0.0009274856460583611,0.001031037868564692,-0.04902414833647133,0.03316980070779299,0.026184416466430913,-0.008658245250376347,-0.09709988349428184,0.02408228204793638,-0.0013931469276783337,-0.017245862043045818,-0.0093435930887391,-0.012573455712143357,-0.0011110842810901672,0.00918078027936995,-0.0059566975559667236,-0.020865039742433387,0.06962082477196527
SPORT,-0.4200214240186574,-0.27713190800181603,-0.2559777243426319,0.1238648701496486,0.03275984184301536,0.08773966205428209,0.021537529328291696,-8.438335695428752e-05,-0.03049241993380139,-0.015676061904544243,-0.09752584700545529,-0.023291615754874435,-0.018479104250679782,0.01639435008519796,0.04191630939315373,-0.00411868028017873,0.0006794944614122872,0.019279012675333326,-0.003744206207523859,-0.0031491124459158003,-0.012362964526922707,-0.023194675983108745,0.059273111013423314,0.046346246344487065,0.014419374275876884,0.0977702251133339,-0.06741494395254992,-0.0632297321071954,-0.09418646148493925,-0.09375179173380362,0.07837492235109692,-0.09345286355485434,0.06670692438774524,-0.0615204133030334,-0.09196419245807488,-0.09664395956968357,-0.049300952378908504,0.18965314397350197,-0.19911387883742673,-0.09332003115083977,0.04649475240048635,0.13455277097096635,-0.04617544764501017,0.19930111727102984,-0.12278398080197343,0.05891761641001674,-0.007395844933709849,0.002451979475845702,0.008929417719211833,0.0399389705001477
SPORT,-0.04020354871413779,0.06830911499826119,0.06115577422840556,-0.011036822894238085,-0.023929852384643707,-0.04457385474867927,-0.006453996466307771,0.051951657567206724,0.004136926200419157,-0.029472611037753768,0.015138396217275793,-0.031943061301127076,0.008258653603814307,-0.06044282968256262,-0.0006854913821914973,-0.08774463525971851,-0.10517083844761342,-0.14041773264866203,0.13196718068095342,-0.20103163555010384,0.09584484010638693,-0.037794542548260715,-0.02733816019474836,-0.08758030561790525,-0.12470209397299158,-0.028463714590829574,0.12182152882079657,-0.0247740054167042,0.08274042719081294,-0.18322181104414467,0.022491387626981534,-0.1466502861151631,0.398756282250395,0.14167590462618906,0.43202100504142954,-0.26220397110642185,0.026799204676125152,-0.0539551087850194,0.013024963595770782,0.014446187544869808,-0.05767820257998172,0.07570546906727069,0.01667905750254054,-0.05201280890774518,0.018909741111723718,-0.021791577308495076,0.0020631544270382943,-0.000771078846413233,-0.02342572784113372,0.023417450754655525
SPORT,-0.0856684321243723,-0.02151036111052978,0.0027147167727156916,-0.016840764629425586,-0.03128458043323156,-0.0681504725077949,0.014929353931552824,0.008936783224846312,0.040880223257288156,0.017288784042291762,0.12524842579554876,0.054389054723859125,0.012823366478896463,0.023468652952093307,0.029193754760299045,0.010308858253309289,0.024537547129929324,-0.09899348729126249,0.063469023556851,-0.036275847503290604,0.01134329753613476,-0.020266117473022947,0.024134412510576058,-0.003654808616132249,-0.006025750027224082,0.05444214878227096,0.02134985377566779,0.10873085467329763,0.020610353615726447,0.15822815101625648,-0.06487149246583214,0.016033638042250987,0.05982247956933232,-0.09036817809427154,-0.06994326795174828,-0.07244715209560183,-0.08045754348551323,0.2646679668339631,-0.06371559643802724,0.28740811398983873,-0.10477097518661435,-0.11104450818697226,0.028193538792970773,-0.07987301676411306,0.22189292195865873,0.04158688874742767,0.12259090020055798,0.1407384685570676,0.021685984405936845,0.07414896246426567
SPORT,-0.22091668095922815,0.1070133705248858,0.5489027545343356,0.22025015449493904,0.025359319300333995,0.07001436567380954,0.06867686787107552,-0.1876209291888369,-0.02043514885844808,-0.006691463170995488,-0.0297924429016543,0.020497180153641926,-0.00475492209101057,0.01965019043107478,0.0134444885943504,0.00954218231526514,0.007173018612979948,0.07670710003373744,-0.014976170845394241,-0.04684471554251988,0.009615254821334953,-0.04004891789966716,0.014819087774785307,-0.014485947493384506,-0.024007741660863093,-0.05120730303655452,-0.07151090533700016,-0.07847895251987909,0.05420308571510704,0.046892673720680914,-0.0539333036883152,-0.04014358950733966,0.00025712670749635733,-0.09210164877782304,0.09271863494332269,-0.01781435883264189,-0.1428833510147134,-0.020810706581261135,-0.0069395382724324805,-0.0001823374449524973,0.07691350575934111,-0.006713838726146786,0.07651624032353543,-0.030854097937774966,0.04829339813837393,0.013281364359574431,-0.030606027946357996,0.05315146858912457,0.039136572269145825,0.021048230034179195
SPORT,-0.015424981114130517,0.07295508954717306,-0.016490802200795723,-0.04460728138890743,-0.06353983937832731,-0.16933235251274129,0.09971842837469767,-0.041514411731100834,0.1570964069202841,0.047846111767096126,-0.0591605853481079,0.005094181718572659,0.02582634229730886,0.05847973782483665,0.024947468118151586,0.13605697921742493,0.092942727712395,-0.06634361112374518,0.09764653653804753,-0.08342694591019838,0.10170255448667134,-0.07865659012012673,-0.012766424563113896,-0.06951246774644902,0.08168976020083218,0.41246646219694244,-0.22930388688618084,0.3987178024247616,-0.11638139171444369,0.07506896421863851,0.05469452259816303,-0.11853163845586867,-0.1076348146423251,-0.1026960236685938,0.11680571835510639,0.02012493698557462,-0.05235833731073063,-0.1994220669539124,-0.016350721651704595,0.033368118450021904,-0.013378852842654382,0.06258390243532123,0.009076236443629327,0.03100443036374192,0.006558032166318449,0.03793664633663879,-0.026490160420992167,0.024517360343559193,-0.027395345799606383,-0.0013144252749276763
SPORT,-0.009112452807880228,0.03337334379695339,-0.013993213568069948,-0.04816145534564947,-0.09618150465477084,-0.18364217111211256,0.07246331059529575,-0.052490924371640636,0.17427946340577843,0.02960603379101706,-0.07221341257395608,0.004605426487748379,-0.0077856796669762305,0.09032267073319344,0.06466677201185261,0.117570243552541,0.07897981157186765,-0.1601958242492794,0.1345778610586757,0.06863218985743293,0.028724278775332273,-0.09392621556340221,0.01134355834091737,0.12030641529974488,0.2422521091614609,-0.1233040231764643,-0.022556043198251784,-0.08633451050675237,-0.040195797882434894,0.09576026388717057,0.012358014359988852,-0.029921427648774833,-0.030271856255095726,-0.02810576298407557,0.07659315331241535,-0.04321189924124652,-0.044567974648403993,0.004859387060429444,0.02880057316474481,-0.04825966285273599,0.03835996979296971,-0.08384208206653505,0.014036111953545696,-0.040621375020367924,-0.025257919585166343,0.01865204570150182,0.10151384137447986,-0.03248969881377857,0.035407221938876826,0.12375755961420454
SPORT,0.03909770319795291,0.401437356921174,-0.2285318140508817,0.056090992819901604,-0.030992820776271506,0.029515756720276103,0.06438945386798764,-0.08364747429099086,0.03056434204481483,0.038232807192396454,-0.09247137935042105,0.0358141031705852,0.011701005486894525,0.1505335979597664,0.05202471134584901,0.0816612365977786,0.08210263964824174,0.0452899247193205,-0.03560139167132472,-0.06594083390078966,-0.055335550943123576,0.008847100891927829,-0.000873235122048768,-0.04122865268099712,-0.11772108077589997,-0.018212855708551388,0.03755787307889618,-0.017599733046432284,0.008380809809226765,-0.08199656844675152,-0.03675639362300679,0.057894430022339384,0.07008847633214996,-0.002435169526306992,-0.1399722374480459,-0.028618553482977125,0.007924096143066441,-0.006711990992033021,-0.03287438993160972,-0.04496492530498572,-0.031323886044605335,-0.08638007620721784,-0.023958725430569868,-0.12803655045543078,0.01884968940541769,0.06318719108130853,-0.08070199256565272,-0.05001961346719485,-0.023852752506812024,-0.019466312805134008
SPORT,-0.039269402732083895,0.07920249085488694,0.014245566571438169,-0.016190264193782358,-0.017402935203763563,-0.059709265252160866,-0.0040796133681328915,0.0359011994863016,0.020660633335939132,-0.011959994422070323,0.0020513470945160033,-0.013317823941828972,-0.0005838909206317929,-0.020310783861657314,0.022607497118354285,-0.04565840181457907,-0.06670744946984526,-0.14898054500318644,0.12548717665436954,-0.23189124195871877,0.10817373554132757,-0.04168690225872065,-0.04672475680974023,-0.1323730753832505,-0.1502683659723882,-0.02723097172064147,0.09381792274362531,-0.019581224718104123,0.0873958149900476,-0.15832822818930448,0.012019253476161083,-0.15211653002823344,0.4250332327024257,0.10348581812798655,0.3970524608431858,-0.26342856421173994,-0.0061039461560292154,-0.005967056138184691,-0.005967489212064767,0.02288001368009877,-0.05143576573663118,0.08919568488958614,0.0007447048038310413,-0.06748268683854954,0.02790878386842296,-0.015502088427102188,-0.006395976390726974,-0.0047523230474278795,-0.01901307775077983,0.01832072317543411
SPORT,-0.00515095499503759,0.4072733581608371,-0.17975277595556208,0.11653678789531265,0.0437239777864746,0.11350434414967964,0.027293800281429376,0.017084036628961848,-0.06510885833443854,-0.0745978120165033,0.14459798788154338,-0.10758133773570262,0.015457672572875381,-0.09747240934071394,-0.03397103905732652,-0.01988857092708057,0.019210672131962276,0.033124178089398,-0.11967281434685366,0.33011654825000253,-0.04253436122515733,-0.09499902213284359,0.10892640449400112,0.20106634671315496,0.09672834541326583,0.04867330430861562,-0.19603894820373796,0.011925350287698321,0.054316921622873895,-0.07726304491651494,0.0013011512902763522,-0.07259163340593977,0.11828485986912875,0.10424343519561104,0.12208326107935044,0.05959835491650535,-0.14736808127410417,-0.028126805300236663,0.03709636862228353,0.04956113894840668,0.03579224925357214,-0.00879729117322771,0.04939915625961966,0.021965473229962097,0.02976910353615088,0.0047958923521691415,-0.028939610966478554,0.04436698808260988,0.037789780076915934,-0.06120161023760067
SPORT,-0.003010512343689955,0.01888628464140496,-0.01006833430517681,-0.10130147733692474,-0.14708883963678687,-0.2588938436894418,0.1052358966494439,-0.05126067281470087,0.21460050608736433,0.023806198224097085,-0.041257832987761686,-0.006539502805408827,-0.08983782541481247,-0.021586457639374706,-0.11964596791640707,-0.24898322797609324,-0.30901366019736026,0.24304767267331595,-0.1884164701597876,0.043209856386127364,-0.10446831936918746,0.113545347432129,-0.1048222208499647,-0.0795532514361231,0.10899550186583667,-0.0318600602964779,-0.02453968714796082,0.02837231789218019,-0.05929982694414675,0.08032982131897082,0.08692613101612066,-0.02877368232464745,0.03472243131674103,-0.0023710806668856992,0.058108385470188484,0.007671529035269158,-0.002955404178666411,0.03659796146888357,0.017511208465740696,-0.034040021886150025,0.03533108190504808,-0.007889871253438513,0.02187738905852592,-0.019883274898334042,0.030024273739607026,0.021992949249560367,-0.012897274467243725,-0.0419142332223249,0.06054634961659346,0.02319383855360173
SPORT,-0.08950789449592671,0.39320352682416615,-0.0866490003410176,0.12140543123632111,0.052491663674615434,0.1114095048495142,0.0003669261550438696,0.01911226636266277,-0.07978977796367048,-0.042262437357091655,0.10422523576780927,-0.09298458321989803,-0.028143308719296403,-0.08095130144526269,-0.012812287185391078,-0.09367994557951503,-0.10807966293381133,-0.06483335575462643,0.01795573138076494,0.120670672747672,0.013523606694318333,-0.044077110875207305,0.027614827556221785,0.12721448067577068,0.03435087255221438,0.09224589146972546,-0.02799201646531986,-0.03564596790298568,-0.031226889418263203,-0.08783382549755743,0.02590099514563788,0.01123822888143394,0.06834054547527746,0.020181330583810327,0.0044168473479861345,0.07976757339932034,-0.0614215632218126,0.03281588528072209,0.020985109697385346,0.02237879251923505,0.03831988119721977,0.002718463762089937,0.08573752540436362,0.04041788894579653,-0.08617937814249149,0.01544112696294575,-0.02520258972958565,-0.12418369641494334,0.04015170521196594,0.06443744195231954
SPORT,-0.042201196115923205,0.3859587346117307,-0.12625948898765732,0.07576639846682251,0.04851672781183062,0.08800293696417853,-0.03642199550709257,0.12934726065779495,-0.07680489520983476,-0.013414720329776447,0.021470433113600414,-0.06792338437446445,-0.02482223145985797,-0.026736767517918952,0.015464662117709624,-0.10856876467261492,-0.09990293411250979,-0.05152543685461761,0.13600918470222545,-0.2131873776696309,0.09710140933745216,-0.030722995643483537,-0.054597230071037034,-0.1264147609012142,0.059988507973448985,-0.07841392600414067,-0.04478570208873275,-0.1099260838335066,-0.004482212497519524,0.06820257545082553,0.03655037252565583,-0.012148124861389923,-0.005399424396320098,-0.09653549920714961,-0.10103479663352659,0.006656055212120249,0.02400208084802226,-0.07123530514203812,0.010376230001276203,-0.08771123297577596,0.007151715384278962,0.012033689433407149,-0.048611626199721855,0.0421659346006566,0.06056283260313052,-0.0005743610430912125,0.06111453995184992,0.03857086504131739,-0.016585309806841704,-0.0012350639160619544
SPORT,-0.04608730754380837,0.2868101456586272,-0.11664776291202288,0.06177378905245898,0.048943396205253474,0.05571086658404678,-0.028824296241858775,0.0648693796820717,-0.04940812039780571,0.002433127155257612,-0.0012739598875355334,-0.005023636869361609,-0.007977242895952136,-0.05008519816448612,0.004201390102037634,-0.06823711773480205,-0.051153972835035644,-0.05317087376546599,0.12418746038549199,-0.1707312010204421,0.025315925253559787,-0.010999954336307122,-0.05109799600769972,-0.12933664543058276,0.05248116433062637,-0.08999401541288057,-0.07704193494448747,-0.05435594883840634,-0.041433065883995486,0.12526979318640694,-0.009202170060183281,-0.009954507160977963,-0.04438592307695567,-0.10485789250993023,-0.07957686199657768,-0.03534122105996056,0.0751368333489199,0.0528226943571044,-0.05580503139483999,0.008695459036624673,-0.052391003427668004,0.06879691322357634,-0.17641931782189538,4.1217250490425774e-05,0.029451020974055806,-0.09863170634633936,-0.06254377210826989,0.015049287665356317,-0.06649595098499977,-0.08986914055482931
SPORT,-0.18572765305953395,-0.10300088549951615,-0.04110327067768974,0.01860351084337865,-0.005553635319989734,-0.050222089413402775,-0.026546840912610146,0.07440931850907781,0.04418275262675706,-0.0017306263259035926,0.6107655657411644,0.33532567237370076,-0.02130830593903754,0.15261460349104364,0.06218825782885514,0.04023970351235574,0.02344235108362886,0.09469571439895072,-0.02362156687988949,-0.02795679151535203,-0.02263772132809955,-0.043262652922639346,-0.030711161172004908,-0.020193551999707064,-0.008555968833105347,-0.04755987163854266,0.017658940448630926,-0.05845567581048149,0.004496810139895135,-0.08151597796024913,0.08174683684707723,0.0043420745928558985,-0.06149378686538687,-0.010035997609002973,0.025937192460167853,0.018849313858691187,0.019723479978506608,-0.10818811141375884,-0.01752924552520792,-0.01061106340016587,0.0035165081455010676,-0.014334383068428037,-0.045689791963863864,-0.08344534425754666,-0.02597683571870452,0.009738927618623713,-0.0495813538984982,0.023862189163312817,-0.01527686048653964,-0.010511773321205758
SPORT,-0.009519137884801852,0.10931441541276798,0.01640143932935922,-0.016354982001873544,-0.07714179719193032,-0.08965505911160157,0.03297703548685328,-0.020626359615441073,0.06927590995363037,-0.01885523122254589,0.02769186066605688,-0.07094298605166811,-0.08678445841600517,-0.04962446925710955,0.039857668329838766,-0.2189129176030818,-0.13315282804081452,-0.09685530764039536,0.0423811958093495,-0.010872826664242856,0.13352871201717706,-0.0816742002921403,0.10461363237595692,0.3867975151136691,-0.19431517408776236,0.13149689181538146,-0.07675249721973199,-0.1149479382505903,0.05834956383779912,-0.020486459134861884,-0.09746886462621913,0.008485397688775986,-0.10312217695981438,-0.023029961212143287,-0.02284263551257907,0.08158878703689977,0.05010587205370023,0.021719911476956774,0.04673156155270079,-0.08119117443713696,-0.05945631986032293,0.064534066967159,-0.04662511857169371,0.008675848525157922,0.06281859753133033,0.06793767880280537,-0.03426240327215542,0.026435347735486663,0.022919911129131502,0.039612620652433324
SPORT,-0.03209844081423877,0.05531149414689135,0.012930985176509242,-0.0347816580839186,-0.050729819898766834,-0.10625499859258311,0.03489125689361114,-0.006439180423904273,0.09178078989973125,-0.0015687128519872987,0.008134256476787588,-0.020240059444012824,-0.026249779398095467,-0.04436837530609138,0.0022725314882065077,-0.1608572955071768,-0.11818570874229144,-0.09564990227315863,0.03894143004367253,-0.031163615433598905,0.10900509699314417,-0.06900968120082727,0.06389488543918234,0.33292334793488726,-0.1961663861521309,0.15852505217432392,0.0064727806660061235,-0.11198556371070617,0.08208888940536296,-0.03283695399902903,-0.23680301156194664,-0.01109117398580529,-0.18321804314628265,-0.03064165543638902,0.061729045485449587,-0.007238040981090452,0.1376022354976616,0.03627126832939925,-0.004194544426275512,-0.09336105447358382,-0.12143094231710391,0.05581316354987431,-0.050944928905700904,-0.027175747239941296,0.023306825328139814,0.14268278001127793,-0.057538047636195,0.13767863014184653,0.02124575493768299,0.04216717434506233
SPORT,-0.015167557592076688,0.08928329967676452,-0.028116807707672525,-0.0511612548500315,-0.10269181710141007,-0.19982009065863288,0.08288428541656233,-0.05264541333371312,0.16827513452795803,0.020402114795799703,-0.05000362518548244,-0.013515447550630855,-0.09277520173965867,0.03260293031296928,-0.003354413969739477,-0.11853833824898999,-0.11858151825938397,0.03741712181905727,-0.05134084206782769,0.012565383504886804,0.0069620017896001455,-0.01823964815941055,-0.05166463968151371,0.008441118091393524,-0.04521054679996803,-0.025534310764503562,0.03197714509754332,0.011611762250776734,0.04497375919258995,0.044469447274807956,-0.04012676977228187,0.021974012584472936,0.017953953083753083,-0.02528853873294273,0.003996833803041237,0.1025307894269825,-0.1432408914297076,0.02712929923660375,0.012703813699889838,0.09027696894513215,-0.032336552479736054,-0.0738900825333276,-0.07833776328694397,0.01328783665853137,-0.06171207007552516,0.04552036528174302,0.02074863477491574,-0.10977403013979976,-0.02327071859938475,0.0868586181442742
SPORT,-0.20530206875428425,0.08770857643525144,0.5483290679592395,0.20283115389465214,0.026654309956935057,0.05132377943696529,0.05225773141646878,-0.16498003047865434,-0.015808297747657712,-0.007440660012565524,-0.04405003647241684,0.020256443211531146,-0.012072731895582693,0.053424842624098905,0.025898966762039045,0.017436780120862926,0.025917747178472842,0.10197226012196578,-0.01729064080299764,-0.020787267539895057,0.05777604504339495,-0.04202345101801872,0.040526326982025705,-0.02357744185677854,-0.03555217159182121,-0.06500847623601679,-0.108693663263785,-0.07470406795129111,0.06001195501697586,0.07334238207341677,-0.07369831072203814,-0.054805341332955074,-0.010821266420235792,-0.09001757257331722,0.07045492043755372,-0.01999402428410237,-0.168872850731634,-0.01394313256621121,-0.017919537320197146,-0.023101741397340014,0.08498335486874928,-0.0038844007964989867,0.059810278610626794,-0.05085907604327335,0.06746468401764628,0.010054406941395151,-0.030505637415490484,0.06241646666931579,0.03634426315461082,0.01758029755784172
SPORT,-0.08183078809530228,-0.025877670271385014,0.005410348516147388,-0.017156942697493304,-0.018601167348452925,-0.056432378176186994,-0.006020735967340641,0.006851609738864389,0.026920744714532454,-0.0043617396698990875,0.1317717897500713,0.05438799883401762,0.006659198198049489,0.019354955035200853,0.021213502391959568,0.014043850902985537,-0.008281281596679083,-0.05816658385637764,0.0482547769167227,-0.03198364562396979,0.008736267861908653,0.00856147086829254,0.037631713333788834,-0.007857831242097496,-0.02884775180649232,-0.020038409130752943,0.02323777019557448,0.07437921490763963,0.044356272014433956,0.14940918151724988,-0.08004669258733847,0.0211855297419311,-0.0008818141164155418,-0.09165497422738643,-0.0632999979913751,-0.0750147242441734,-0.10329355856956926,0.16092681153781133,-0.027996515468435387,0.21394309548723825,-0.046020595277489855,-0.1087190076366841,0.17435641908106675,-0.09881111429263016,0.11349292809869038,0.06342740105435814,0.19528830970298408,0.2557358928436685,0.07808069239096294,0.06125901676176233
SPORT,-0.37493477259815783,-0.25428902246967783,-0.21785182253475024,0.10221691050712363,0.029802051964370434,0.05183972143574402,0.013105180290831353,-0.0025378071875769384,-0.017913197402566708,-0.023112998184615093,-0.06503769051013625,-0.008804774555394718,-0.011224398761224505,0.031309883242978585,0.019394524823186418,0.011292069007744564,0.0006304742454919236,0.05894353398507774,-0.03400319340167443,0.011557445257245991,-0.01342762038693075,-0.0271557253664949,0.03798756083319765,0.03389045858434555,-0.0011950855124000352,0.062071143676482886,-0.03759354298087375,-0.030274042339303097,-0.03564606554453335,-0.023463187545429778,0.01223424343625519,-0.11702374836413815,0.05953564337092906,-0.013521990712863644,-0.13711227029686224,-0.16739300662652465,-0.022175309770595526,0.12569159913535052,-0.1661609879254049,-0.06914861117510127,0.06761896221398171,0.07056947122908824,0.006046538573911389,0.074939350505858,-0.10402539982068679,0.0098793728269479,-0.02679353965603602,0.09351227388055029,-0.025282880537828782,-0.012422301871838754
SPORT,-0.16201418372778065,-0.11862073275833394,-0.10186185108025857,0.010535929159276496,-0.0026299476247836507,0.00628506570018719,-0.007490240191872803,-0.041946699065948855,-0.024944971849856258,-0.0075981153125612095,-0.06972218835093955,-0.0860441190464216,0.015323762776089838,-0.05041767831677225,-0.045408687334047806,0.020604135760097342,0.02219240820531934,-0.010503932255605622,-0.024473646091787843,0.03375122969673869,-0.012812381769536384,0.012190972157384822,-0.038777155504100914,-0.05478139671481448,-0.022613788807727433,-0.16263854989923485,0.000546698415742218,0.02468011942923133,0.07399101796932422,-0.046029133809977696,0.0548240155286004,0.0041612108448663985,-0.08068853054301763,-0.1031276729031019,0.1223799210581337,0.07707335196265921,-0.005483085243092333,-0.1895852295354146,0.33597665813771665,0.23447978640784992,-0.16331201486075883,-0.0798550473694125,-0.05956648070792853,-0.08747359388296756,-0.0943016616706989,0.13471098240579377,-0.012418769124631409,0.12179426465699147,-0.054953632594852704,0.035483740286112515
SPORT,-0.20800672048818475,-0.12054698051801217,-0.06473356698796864,0.029409502231405565,-0.0077412238513703486,-0.006015178675795851,-0.018003635250211883,0.06298643964850936,0.02496948439245432,0.007047594990485292,0.1921691299290133,0.10565897595716879,0.003428114916949555,0.0457885217223633,0.035754345152745406,0.027148651560439514,-0.015501207366734772,-0.00494436519114349,-0.008991342157107507,0.033650178752811906,0.027710000558125582,-0.0032060321138061942,-0.00037144293762887264,0.017960133710917578,0.04101607142001827,0.03759955712811003,0.05448843852763649,0.1802394620313952,0.07279825217749755,0.20888919671233122,-0.19930188128662904,-0.08971049705399518,0.15803749902904135,0.16237425527352178,-0.25350923615547016,-0.2169349806442235,0.05660133571993233,-0.032143842150302845,0.3969544388256119,-0.15439555968238403,-0.011023133614102978,0.021110440353912633,0.01478892450835883,0.17166547598341148,0.006685492966280213,0.03396902863524234,-0.03818164276666597,-0.06012739731736847,-0.018380533150886353,-0.002655427487027027
SPORT,-0.18916563769414627,0.061349588127202086,0.39027317039550563,0.14420015556098315,0.01917193205186418,0.027415593009406877,0.04463029506884109,-0.11030979111388452,0.002278440997328404,0.012491394444679655,0.004072732203807084,-0.0023347413254320836,0.002375706743626865,-0.005457764915304534,-0.005789575723120115,0.0010962776535159912,-0.013173597940378451,0.0003824035682109419,-0.0075872244508321425,-0.009121652145832824,-0.009087730529267597,0.009650469131801688,-0.015005996949317953,0.03369330179308211,0.009826787715924202,0.02771362861142636,-0.0016113298953581935,-0.006023455585568845,-0.008959335705086738,0.02905055509513839,0.008934989338663981,0.00804390707423588,-0.010143296901532671,-0.04932606316015832,-0.10308301832516209,-0.04307800192932095,0.009243559247406599,0.0448155341456032,-0.02510565717779901,-0.014562140189505003,0.03961140694564253,-0.02997494301095883,0.020024552596750674,0.07686408691546741,-0.05505971673081356,-0.06854802416570233,-0.0039503350130687285,-0.06250974296895323,-0.013548161315990973,0.058588924045696385
SPORT,0.0006848630400484274,0.027196197861487307,-0.018206953058449885,-0.09222062402490025,-0.12439052493013086,-0.2249966513792352,0.09349542711477872,-0.045013215161375485,0.18290588040621183,0.02515034188472465,-0.018804641290247785,0.004980283119532897,-0.04796850667666463,-0.018403625630290764,-0.13120367516979578,-0.17291214068967983,-0.24892624416954284,0.2147596939822615,-0.1954854882250755,0.03976127037125102,-0.10765912821311695,0.11115337310597535,-0.11096163967553042,-0.07219137230847593,0.10806855506073011,-0.03849830409856571,-0.04354670456768129,0.023650296964808304,-0.06398200883847525,0.06546111420926412,0.07826794419737824,-0.01520526801564912,0.06044990241637687,0.013240496679027084,0.008354667354846131,-0.0488719098233626,0.03928319616222768,0.021531343915251445,-0.0037803481985420515,-0.08025833492305955,0.017717618780399697,-0.043945622978959424,0.036570998692682904,-0.010551458910355197,-0.003933042579208182,0.0072118186567948425,-0.01602086080541531,0.024692925189239007,0.0015537020115366936,0.01028486239095121
SPORT,0.05012781843265029,-0.04009294900251232,0.00798400433047904,-0.05932397724921387,-0.05597338280811845,-0.043365669793088875,0.060782154113226156,0.005733975055187275,-0.0410795190785714,0.023419590741767894,0.01667550471285963,-0.024105649077808072,0.09931700394661988,-0.12097561901165266,-0.056624278004699456,0.07138700854413006,-0.014052678734608132,-0.011797236920459378,-0.061378095953468895,0.0816258490520859,0.005107229098679411,-0.031058173029869865,-0.025003352193099813,0.017155777268710082,0.07885341521104389,-0.06467885756331078,0.35151581068939414,0.03367702099264599,-0.03232771944016321,0.009563939476712075,-0.03148365110558527,-0.17745988522486666,-0.04153864467910884,-0.08285027840102438,-0.09038299880012354,0.04690914496072696,-0.07254667302959812,-0.10292497526305786,-0.10439116223485723,0.013551841380996361,-0.02909368229359143,0.3109547189508687,0.05226411511317549,-0.04609256653602703,0.2184027964598441,0.045562839765025384,-0.04057111658623388,0.0311067742483701,-0.06816971533908832,0.007079358908247356
SPORT,-0.16187882293552983,-0.09759241805022222,-0.03468239561031784,0.00425741068610448,-0.00519359251264395,-0.01664690332687762,-0.03155024036043668,0.07282162885063134,0.03190365071894271,-0.0033821773824092276,0.290756758014069,0.15685982735439888,-0.0057555553158577,0.06866215840681887,0.03815999093130797,0.03891153874684976,-0.0010698029504950942,0.018945355497086116,-0.017617592690160527,0.03293424321978638,0.03209778023173345,-0.026897803247551786,0.02325419324210795,0.029889137007870752,0.048490245791565696,0.03176895544798358,0.040179808632041854,0.14886733872508245,0.06249533149383412,0.1519809383249788,-0.13996255183763193,-0.10762789390653314,0.12059308983143817,0.1492311204118985,-0.20520718144135655,-0.190282024120303,0.036984072558493473,-0.07154537302000734,0.39601746202100685,-0.20717973456890787,0.0038631734265667404,0.012014565605642702,0.043399096438250157,0.1797720222326463,0.08394242243610472,0.04262211366081474,0.03364033520287002,-0.06156855106925108,-0.007543987107872827,-0.011546479650293612
SPORT,-0.15050246030661438,-0.09114712840115227,-0.008851200957068553,-0.019311925432073024,-0.006488217053491886,-0.07872316527340803,-0.03218292668788164,0.06989668063868953,0.052556671357252185,0.016702472235371323,0.6073136003599847,0.3267343561391936,-0.03916492516905718,0.16528719498020367,0.049662598759227246,0.04376734611985821,0.02250604777984607,0.11070277541095068,-0.014045308711034262,-0.03416769894958191,-0.028083167083331837,-0.03595218554123327,-0.03862628956455964,-0.02200052515980942,-0.02492377773456895,-0.04917219134273778,0.0073992517314158636,-0.0888272143924958,-0.017487484612458852,-0.11779126791090312,0.09752756085195968,0.016154865818610576,-0.07511725206061888,-0.018933952394417215,0.04692371366082595,0.03862692826220444,0.029219019914470443,-0.10045795970768147,-0.043567131154212076,0.007001675018467112,-0.018759144026601334,-0.025888611670222654,-0.024074625942733102,-0.09550554201423095,-0.023399155061940267,0.025274737518986706,-0.04383595652108635,0.05161875396984201,-0.007761036108864316,-0.02136342064317629
SPORT,-0.128262812937035,-0.09717103251716287,-0.08481717462319278,-0.0060776853667251,-0.027962894540441142,-0.0066305410687911015,0.01197655301155339,0.002235254854168233,-0.006898027510096038,0.012295575833287971,0.06009093765212756,-0.014898946217258794,0.021347178575257923,-0.016427581067750566,0.0044021956753153065,-0.005401371699322098,-0.019084968412222725,-0.009459364527227144,0.02584772110790601,-0.026304628616257902,0.012403518086169983,-0.01929199843962565,0.0001629727285450205,0.02223526889113595,0.0032372060794592355,-0.030935908909203568,0.021025290467012837,0.0690876009106629,0.03393276027174869,0.1270842183164413,-0.14146236002153678,-0.011975991492536498,0.03388618847090372,0.025401063985413544,-0.03730266592103641,-0.04454763904654905,-0.04681522738060461,-0.02046190178970347,0.025420011476861116,0.0449563622006387,0.08183662467170957,0.09289906035884063,0.017847752625554804,-0.10448312195709006,-0.254201765135312,-0.06062998919831346,0.06825929718556398,0.040307494003738537,0.1389921735709087,0.093464781863799
SPORT,-0.4645618750864985,-0.31976950425593725,-0.26883328424991804,0.14059346694600452,0.04370032424924965,0.0757825655278708,0.013723835015958495,-0.03549237083822269,-0.023458901162163162,-0.005740336130649103,-0.0706028766128285,-0.021905124911510733,-0.0165014354661861,0.03269141292500636,-0.01149977636569017,-0.005423742915603766,0.013712088712465069,0.0577981458692836,0.0033161762216217232,0.002908086523080991,-0.003466227847669982,-0.006879368639437712,0.026792464692079604,0.013106495431929632,0.008143299698212949,0.03907176104492627,-0.041213215133861045,-0.06500850366481273,-0.02506996326753762,-0.06815779307718206,0.035644415724161105,-0.034958392760407166,-0.01689103486593558,-0.006485724772121317,-0.008668878754367977,-0.006358887830569626,-0.024196567831782513,0.05852319045766711,-0.14296973331146443,-0.1049405318097312,0.07640811395907905,0.06034388977938405,0.022267405104586503,0.04409913345954547,0.005581325412185723,0.02665181512715169,0.06802925485429627,0.029773730201523584,0.035534019337358044,0.042687077340497315
SPORT,-0.29389957118933646,-0.20338258328863815,-0.17502150933163044,0.06984283614031304,0.018162711130749725,0.04291465967977226,0.01196493026650368,-0.02726170418252661,-0.010215500980183196,-0.001008392804280932,-0.02625240918958492,-0.017609311209611504,0.011540258415333326,-0.02987290605466613,-0.011822030151808686,0.031692339484873745,0.0005021604333874233,-0.032190686904536275,-0.02941652361328023,-0.03416788893120425,0.0036583533360567437,0.01984741898717142,-0.021173855401772322,-0.025266667517468262,0.022494850986826926,-0.11007192342510855,-0.0037895784377083006,0.05536026559402421,0.0361861566713661,0.05130116855685423,-0.03008791321315076,0.06158447651748518,-0.06259654888887388,-0.05390477229823412,0.05830904698204952,-0.024648218253516554,-0.007232447957371514,0.006936089983811073,0.15690432410781577,0.15078909376599076,-0.07425194408201098,-0.03126468648412572,0.03910147775687651,0.008337103368190938,-0.17101342383907073,-0.033111465087102755,-0.10785324878251933,-0.09980237010830344,-0.04328117454021415,-0.09138803713843707
SPORT,-0.1626587361377095,-0.08799425823241823,-0.017600872857201227,0.004167966266974832,-0.005576538121057633,-0.045072096401641865,-0.01674554518685124,0.062225516475401574,0.032714114962515015,0.0099339462677611,0.5041065520506717,0.27165512124672536,-0.023709493655102543,0.11916705836421643,0.03801032467831511,0.038453773923956464,0.014771336116743156,0.07649603639685566,-0.010805963478652791,-0.03458496233368661,-0.0069231447283903845,-0.031737760132796146,-0.005813261526109036,-0.004651949766637281,0.010069804383818885,-0.03298344108688784,-0.03559310245950905,-0.08285789626033456,-0.09859861037612924,-0.13146024740843143,0.1096984051148759,0.019463195047754196,-0.08284240044907408,-0.08504375657963344,0.09906186288052708,0.05120910077201397,-0.02122629366165608,-0.04309816877717001,-0.09694186174511535,-0.028778625306933973,0.014183699996441231,0.05455972599002888,-0.007952583068063068,0.06895095374267432,-0.05464331368300539,-0.020391048657553396,0.03450520624992332,-0.01701920007416961,0.03770249053398685,0.02567341234897617
SPORT,-0.24171646682238385,0.10273148094978626,0.5518390347122232,0.22222900345448826,0.02695043097931734,0.06365448037795571,0.07213958421154033,-0.20343285058821806,-0.01651169250252413,0.009738660983127556,-0.0410211426078451,-0.005385043676149458,-0.0050360371064265734,0.04476439631571604,0.018659877240559994,0.0015209671777892605,0.010586106430071107,0.04139437685228081,-0.0005049171974167392,-0.011096073777580878,0.06156938378461356,-0.0039096326767183035,0.02939219694233132,-0.04255566514499069,-0.01123568142108886,-0.025020333425729614,-0.0672764604426781,-0.011825104093809994,-0.005716331037119701,0.05873804617524053,-0.03185694017991955,-0.019799089133148526,0.02297244579893242,-0.06206653098393408,0.001022695972676396,-0.02447261361506676,-0.061440593793285266,0.01610365334928225,-0.027628451478551648,0.006748752297569357,-0.010020023991367923,0.00801807823795607,0.0017855687466756154,-0.0012012678813837537,0.003101012080151889,-0.02543740191727156,-0.03874628596003032,-0.013177838437703156,-0.043315030180573144,0.006404883437582013
SPORT,0.0064253359926910595,0.0409883998199472,0.007174872502984395,-0.054541582958471856,-0.07871787821321205,-0.15281709251366157,0.05231847534788442,-0.03175456948145421,0.10465938510233835,-0.008337415026968074,-0.016580079820963396,-0.016423005467023927,-0.04301366141638989,-0.006089240846947569,0.010968625693303173,-0.17779149068021038,-0.14032451067930696,-0.05737936768227127,0.025269802473524436,-0.019096079558820762,0.1004020926272313,-0.04612783255252846,0.08519986668375568,0.36517293545442175,-0.2431352023834497,0.09812861171975615,0.020450085737564808,-0.1398274537438438,0.05479657201514924,-0.008199227294670104,-0.23267345158401254,-0.06781941616299976,-0.25018560066685724,-0.017238957318211085,0.007221134675378266,-0.02529172996426521,0.09212652866938217,-0.030710551493318798,0.004022193495702838,-0.06782049193354374,-0.11310135457523916,0.008877634247922884,-0.04795964744658674,-0.09577094599195501,-0.03381993837279989,0.08346791134855737,-0.06667761625517346,0.07437338992437882,-0.010240146522188104,0.04819976635223395
SPORT,0.028843425749487405,0.16004341957534937,-0.08486171967443754,-0.019360055636793723,-0.08181704675537572,-0.14994213167958476,0.07886412444950089,-0.08467450947500152,0.14872275615654626,0.025692131635846934,-0.10622098676974641,0.039676141303750585,-0.060748833107228645,0.13846861591842577,0.05465895420010689,0.05749500895855148,0.08807697463880924,-0.01765370357068624,0.007832309533306964,-0.015623486536936609,-0.021511548039074877,-0.08113038397086417,0.0016086190667988487,-0.060406668525718035,-0.2176535656568748,-0.08936444661045836,0.06206012860644899,0.0013861562351604921,0.13320424460896593,-0.23541123856690788,0.06205772364079544,0.13861595724334144,0.0553476018841366,0.034534920040108906,-0.15765253751059455,0.19033348174535752,-0.07708357176314246,0.006278437955053318,0.0932622772209041,0.09780865575286456,0.025114001534387156,0.11780949526434217,0.09887200272379647,0.14817351949381358,-0.031217463346452364,-0.11537232258619548,0.07312879676894468,0.10790823884832097,-0.13419733805454884,0.0659896990844466
SPORT,-0.03715417498893234,0.37774793719467803,-0.14387058362337293,0.09358162071124977,0.05427748228584944,0.11214808556718005,0.007811222747142768,0.014744272652779132,-0.06411764299534106,-0.03214024344357977,0.06711269229736354,-0.04704537847476576,0.014069744357975908,-0.028622357557086153,-0.030598547141494025,-0.05476459657706264,-0.04599528433918377,0.012902804858005731,-0.014638951320657997,0.07576186765768879,-0.010596291044454198,0.025050288844671673,0.01457994648007206,0.016308171873041233,0.04651030850049218,0.019138383471961236,0.05091476948994052,-0.03262297100094262,-0.036162448664143705,-0.0121500131194675,0.00010684575182116056,0.08587475642171878,0.016163280138235522,0.0018235641200087225,-0.06606341470723993,-0.015059052014847127,0.05057396505517312,0.03100877401260463,0.024255652803577516,-0.0267994260431196,0.018024224744055514,-0.03930244582961554,0.0564719842071947,-0.03975978116139169,-0.06856941907915153,0.006030061851528351,-0.011133407005766255,-0.12467606577289635,0.037427377684510606,0.043964161258731004
SPORT,-0.02844955690736785,0.46585555167949705,-0.20716033942515502,0.13336223595153004,0.048666360410838494,0.11902693827741702,0.036037612904807385,0.013073508798198047,-0.06894140027237348,-0.06469865276116821,0.14450947772002037,-0.08479666038362584,-0.003871994320544774,-0.07916749240557082,-0.02308262344796297,-0.02200551235888383,-0.000395360998970322,0.02489330957755676,-0.07696681219603708,0.2672356033264722,-0.017043695831996088,-0.09307824637641315,0.0915960648869159,0.18973214829053048,0.07202673639954102,0.07658144108413213,-0.1798418394978225,0.0020972125476349025,0.04341658780188128,-0.083913382385147,-0.0071189842040164835,-0.043042939156909654,0.13464718133813897,0.07467270948664821,0.08836363325856414,0.07813669251099725,-0.16755068041099036,-0.0166416402650319,0.0531776529521773,0.037278139241147444,0.046009240534910956,-0.004848017281331162,0.04130266945557505,-0.010244556552227694,0.03605282983736004,0.012713331251230201,-0.026287501185933645,0.004343646704072616,0.020347014661703144,-0.05023548533893124
SPORT,-0.10552127993866596,0.15616808239401717,0.14971626654765918,0.07810218162621867,0.01298147383578409,0.03673616403901805,-0.004137464563428994,-0.0026350686900088486,-0.04686865519110257,-0.018188892851764664,0.05742624514902639,-0.07277796615720916,0.023638910586981934,-0.12308512398978753,-0.049262585937757286,-0.04922645524167716,-0.03240879169307727,-0.17404229419117828,0.019576788594041994,0.02075069873904685,-0.07534357482427383,0.06750490361722157,-0.022069588396402155,0.10462416785798957,0.07593081152599022,0.09482795540657199,0.35874020635881226,0.2490957519653045,-0.23103030001029148,-0.18277216464129747,0.17852464487944,0.1304026259472258,0.0012544927076776487,0.06925944487648683,-0.0724259778960913,0.05272076453253445,0.22354903657357963,-0.02340213413693318,-0.02829430054717204,0.026356748365900337,0.011690649249233784,-0.04864642905249439,-0.025277555859720732,-0.06169278453059708,-0.015323133275298629,-0.039583117958745445,0.03821757908727852,0.09348888428221651,-0.008580711121614052,-0.02382103882198458
SPORT,-0.1877012655250683,-0.056067117564662365,0.002532883370138987,0.04050842435747139,-0.006951397041808253,-0.03301872253171463,-0.028738464942573424,0.08778389760012575,0.052614222987244975,-0.0036828785130736245,0.5536954116990963,0.2847173471114558,-0.03323579937844455,0.13716539804541106,0.059127301048940414,0.033041955497273255,0.008897692582300583,0.06405332587852874,-0.00889537640112477,-0.03419207750385199,-0.0028196860956612026,-0.05380681325298109,-0.007724143498757602,0.01913811223024483,0.02569950071429961,-0.016242667080240792,-0.02443721452070118,-0.07294933424564215,-0.03688128184340932,-0.09647932248308777,0.07060219305786873,0.0329628987764858,-0.01590883712743155,-0.025501894346381455,0.06187103606175466,0.09714529549325751,-0.01425274791303792,-0.07172057553223031,-0.07728942335572372,-0.006037564445495489,-0.033494090948342235,0.013154405784056175,0.004574202478095546,0.01043096954063997,-0.007080672190931014,-0.02809515516002703,-0.007919686860497786,-0.03962267589597318,-0.002214860703912247,0.00437066792963583
SPORT,-0.24115238368424924,0.0986920088916363,0.5623794432862974,0.22783104818496958,0.03326997222664104,0.07587145257413054,0.0752580126368791,-0.1849668533702369,-0.020249742528788927,0.011332583603779646,-0.017731687540005748,0.012982007189753158,0.0006389993138591249,0.017778416767645112,0.01595388686243152,0.0147866816666493,0.006574563402036905,0.04809868596274131,-0.02519693438118579,-0.0054676475490460265,-0.016404776973865463,0.011430983505299367,-0.002821822078549637,-0.02314314888855935,-0.0186403612225789,-0.010591732518976287,-0.026121047201161134,-0.03968639010298724,0.02333218853240487,0.041013418809839726,-0.034389903884135806,-0.01236127440458419,0.03599915884692094,-0.03903860511227931,0.01575672780792272,-0.020370512344301372,-0.01651095120278594,-0.0030142479634213573,-0.0033954418896677357,0.008250235656521833,-0.014256563926873153,0.04285682313708119,-0.009948361146085398,0.004821600641376428,-0.002926913454918011,-0.019412145919400343,-0.01632004557028183,-0.016708424141038142,-0.0297919564230558,-0.008074393931072819
SPORT,-0.05664301787522044,0.40196668275968245,-0.12185378536215621,0.11575894008470618,0.06403532808661275,0.11954971428223886,-0.007122857578124754,0.04569921740872613,-0.10634320915493652,-0.03564213873300004,0.09438985309679351,-0.09208199581434376,-0.0184464659265151,-0.10367652686806932,-0.020566039610987845,-0.09237948598146815,-0.06457477242290606,-0.050719576442879895,0.058335401989458344,-0.005756249255270676,-0.019050408270308232,-0.025382623151210718,-0.0023252464580023036,0.04720326140719106,0.14345977594356224,0.035457684938945314,-0.08370997466258231,-0.03329464484652856,-0.09022574591541033,0.0030184760708090435,0.0352604832785985,0.11393502311604244,-0.0029497042833471396,-0.06562667321373292,-0.015513974437646759,-0.004815862641098653,-0.11795546009443726,0.05686274861330616,0.13914927456144016,-0.0568874445518281,0.04513655987414772,0.05213016703419816,0.017815276016152386,-0.07432406674724312,-0.025504702568737003,-0.12703511194758646,0.09953404365969168,0.028976488511243282,-0.14834751153694595,-0.03180900200370379
SPORT,-0.01589997679623428,0.03241836120134665,0.032762784996885105,-0.043031705194133046,-0.03694023637789693,-0.11227235253018963,0.03705793132772487,-0.03823699589459875,0.07338999141793978,0.012740519250666186,-0.030460485585101768,-0.00246477375516739,-0.016406292670502438,-0.009267020799515663,0.006960200454131546,-0.06188004187331815,-0.07211810481604006,-0.0028955933009553684,0.006674553978710978,0.005247416451979064,0.07582503946368548,-0.009952314500082615,-0.000448889908617635,0.10139676967202263,-0.10317909610023501,0.04807454406540641,0.008830548206253872,-0.011042261127805892,0.05121151722173303,-0.06253500986490529,-0.035287250115464505,-0.09529595069802187,-0.0930879849254942,0.06992187080351271,0.08055851041085653,-0.08048326715196429,0.11410430761313038,-0.042551312539578445,-0.009655357925118768,0.02255425854364705,-0.015454885462972771,-0.019635489192477887,-0.09165014197373227,0.05688771300355302,-0.07846441918621454,-0.06606544688157527,0.01819824242653924,-0.1482403168299023,-0.056391960900493227,-0.18272221060766577
SPORT,0.003427614415263334,0.13716938899028877,-0.029940504408473692,-0.016126255436389025,-0.039211815990885995,-0.1104014302951288,0.08264616502994904,-0.04253278223416887,0.13948838244920228,0.02184617266198114,-0.0499785578960739,-0.004694710388813889,-0.01656787511745371,0.04280178592705346,0.0050897953202234105,0.027948686127595837,0.0032327161807096994,0.003884731322264188,0.005473900022647405,0.017672257376577554,0.03367034037590259,-0.014075185881932814,0.003304303183159364,-0.003803970868040372,0.027900804176784123,-0.07083011879803756,0.009728632996821371,-0.038140964999708135,0.023303461482100427,0.004634296071992903,-0.02782128425216769,-0.028367583459445848,-0.12638321465362512,0.021637452661740487,-0.0615582656702303,0.04062614756528572,0.022269103395168084,-0.04997249050776649,-0.012010848077915932,-0.02690799222136727,-0.018878939576464755,0.011383840799549225,0.0824975387901319,0.06031015863525353,0.06933200116409374,0.04435772114534031,0.08906975590034254,-0.08821083060736969,-0.10025322847891542,0.12145737523053599
SPORT,-0.09911761347453206,0.0106301583703677,0.16725145782811288,0.006252421624539514,-0.01754412489160659,-0.06458519512061976,-0.2034363107200648,0.6620888147359437,0.02517727920046056,0.04290149084002864,-0.22794097128652255,0.027102259430868685,-0.034354733866721755,0.1223132363445416,-0.013126896807096989,0.0619413201797891,0.06517288002710807,0.11776320948734639,-0.09756286425044086,0.11149424202473783,-0.028849250550205395,-0.04160082112823857,0.001009446405101033,0.08279703483111482,-0.07022571717225663,0.04976018542631764,0.04953456690799913,-0.038749173021493326,-0.020493775023497415,0.00907286121634409,-0.020358664285467027,0.12335993036073789,0.09291000070201332,-0.23365411633519953,0.044122988066555756,-0.09086305809038481,0.015370587995850204,-0.05650737835604431,0.019988640194784,-0.007869551049584369,0.03332649091623095,-0.00022723374843003935,0.008879546935207991,-0.005366310046948398,0.004080322295538194,-0.002248280465627874,0.021670345792299536,0.021462111369858594,-0.009383276123179718,-0.015177579544708034
SPORT,-0.23958572702370862,-0.14447810608503234,-0.11205707126049122,0.03978575056258986,0.007617992003903044,-0.00345312271501338,-0.00011418101360222602,-0.009920087656094733,0.013195319824373808,0.002099265161633407,0.06382045730608019,0.02484370790585051,0.0008859240640156178,-0.019335590492353272,0.01186687612154734,-0.013606564117091846,-0.00022250337567752233,-0.06885182929091078,0.045840824892043525,0.019676715609579124,0.01756265494616371,0.013161733832068822,-0.03197895928552926,-0.015525033005770352,0.006304570383433275,0.06444563361534135,0.027495755164698366,0.09901315144131402,0.015736108455744156,0.15587285006897628,-0.14674755328435657,0.0590235296364323,0.11691394832723943,0.0995644270278525,-0.07849350697835288,0.007781015919692927,0.03411085703686685,0.08285116560506328,-0.1804294426594382,-0.004221905093074503,0.017822891070275668,0.044940174944650794,-0.001826127688213663,-0.09587352429472194,-0.19752886170002956,-0.04895861891130721,-0.0011413200358377437,0.013670360123021965,0.045045423348970555,0.035834939534286785
SPORT,-0.14330153950977237,0.08314405090679157,0.21725449617495676,0.10070476351030522,0.014025122162333195,0.01908940982638506,0.002176952231355512,0.00801071053267404,-0.02407596290570135,-0.0072818022847684575,0.035377753958998684,-0.0420509430861508,0.010196509224058542,-0.06363195919410608,-0.03706399464568729,-0.03898911051126286,-0.013422186423372942,-0.1447852895710094,0.04000504434759896,0.04662770611223314,-0.05748738457677938,0.07200505078638006,-0.015205020462389649,0.09126165109838136,0.03859709559635235,0.14186973992942117,0.21784864033242293,0.1958745423964123,-0.17470330803586717,-0.169953809601213,0.14672590489557288,0.114761044631455,0.09012517563335032,0.154990262302395,-0.10580270640810911,0.03467270526927855,0.3252949932554107,0.024979807413481776,0.03666638802508211,0.021083332863617337,-0.0680364571910481,-0.05703188629447471,-0.08793520772792757,-0.03887954409838691,-0.05720312837484669,0.014640679878201052,0.09347834028218326,0.0025086608774898575,0.01780764483268797,-0.08254440157942669
SPORT,-0.05319509042379358,0.3742671620005399,-0.09832832554493456,0.10442958107907437,0.03590854110941722,0.10607774909118123,0.006389655672613629,0.02777406047955193,-0.07351151245400263,-0.060162433760938494,0.10222468482526434,-0.10159910230706815,-0.008667612786054506,-0.09917307774708731,-0.010605017372402568,-0.10683639631046955,-0.11972319179927114,-0.07129594921175778,0.039642140000629225,0.05375361376374312,0.028952132125330935,-0.06512460551607174,0.030856253876196733,0.14000373659918106,0.08917304812372882,0.0706369674967303,0.012924087084397112,0.012872934318095552,-0.03245667770911791,-0.07956090424050642,0.048555304098933744,0.04748399217859851,0.043375727739921474,-0.006219931811394999,0.00982490706836412,0.07164376448963002,-0.09815295139730643,-0.026539034376737818,0.049142417081813536,-0.0025227871680868767,0.15163182889392973,-0.0685649556302704,0.10912030193565418,0.006275583862225793,-0.02089374642690157,0.01967131488327738,-0.048849545350661584,0.015315379642141871,0.03649845612140737,0.10291649745053928
SPORT,-0.018517389831426458,-0.003433053443010431,0.0020184780451176663,-0.053643266790999525,-0.04497668365487893,-0.088955517381035,-0.0007433890178242462,0.008944581763530177,0.06031063465577335,0.01801040556360432,0.0724737697046104,0.030098131518370562,-0.022205891828696245,0.0044503080390237626,-0.04966409119561821,-0.06357630108392441,-0.0021975154195014615,-0.011234412783716298,0.009099949813320837,-0.017552204037107545,-0.010555962506735272,0.06553042639437676,-0.004461507867194162,-0.046571458768052756,-0.040982125631594264,-0.03220554835492871,-0.017680749887627148,-0.05561016138767131,0.030288243908669635,-0.005900299670734821,-0.07761736197245359,0.03287202144380602,-0.13698796726938445,-0.08078532963198337,0.0871161358893783,-0.02136550422079242,0.06430148527440933,0.0931986506732886,-0.08159448049675053,0.06384074684068984,0.10736135874564204,0.05720870115000842,0.013115169756348327,0.07470065489789009,-0.06419447233565412,-0.0011290540120759355,0.18362250248444523,0.032120989490608196,-0.019710555320245595,-0.1040528473936113
SPORT,-0.2432612218742509,0.09156857193415881,0.6157552408640341,0.23492215727456534,0.03312790144444227,0.08019656084479433,0.06311980875921779,-0.16689759654294345,-0.029539709536916012,0.013232031007196825,-0.05100975047812081,0.00952446735554578,0.006040441167076024,0.016397682019457217,-0.001829894339195038,0.03354301802949487,0.024390022034856757,0.06706166241222139,-0.0360712807652128,-0.004860998494020555,-0.038198075649510804,0.005535012261709958,-0.011733807448525362,-0.02813199236174748,0.013174551300928684,-0.03730816304742567,-0.010658571587034083,-0.021610847127579498,0.054138193465106135,0.009367345608881085,-0.002313022595125081,-0.005646146146581184,-0.022463333325779763,-0.00038432638818372626,0.015745291937474766,0.023995928846254757,0.01137332298816178,-0.03503798591746003,0.027470636351764107,0.007028577558426992,-0.04147360318392609,0.03452193912229749,-0.02718611119894543,-0.0016678965354085897,-0.01701335861155424,0.039592294305632034,-0.005010190642156242,0.010138033310188449,-0.003961331155587632,-0.02219608359507071
SPORT,-0.0004521960369570219,0.03924611268577394,-0.01621498897809761,-0.08740887300816091,-0.0858363669814226,-0.2301146929144179,0.11171930800595077,-0.04997035536771702,0.2104433243684225,0.0016885774188176716,-0.03778466528329061,0.009714995108653555,-0.08041196495672849,0.019007528947038152,-0.11662958496612173,-0.20452143600021,-0.14481410143417323,0.17889695556907692,-0.14939850405982064,0.03394118740932239,-0.09986843400442989,0.06457415314599932,-0.01623573796577495,-0.11960663602339669,0.10269896524132768,0.05765006172447993,-0.028834370010042423,-0.025069101857873068,-0.0652676266131589,-0.018834358569475,0.032360624409823444,0.008663100731775016,0.0771578470659904,-0.009992457866967347,0.008162254101089903,-0.02069588621005509,0.08854529399791476,0.03206662912781341,-0.047970833432762476,-0.10048172906107944,-0.049298729737882706,0.008275817142499153,-0.03313174127096296,-0.017427925191811505,0.054514346544346996,-0.03051558707757179,-0.1005345666341745,0.06217711223035875,0.04162966258942843,-0.058782867617010945
SPORT,-0.10274471121263622,0.015153699024598245,0.17896034386344095,0.00893757486674748,-0.008788265134768361,-0.061528085493630626,-0.2036572174063449,0.6733095431136767,0.02747705284298047,0.04224465176596105,-0.22320613479579585,0.03238151719554459,-0.03648572180482013,0.11733812096191985,-0.01615370471614723,0.05657205324907925,0.06353174288188487,0.11148802466200879,-0.0947600734574309,0.10588293017606622,-0.026864561619130266,-0.050995671641530925,-0.0007285834144500836,0.08984166025589062,-0.05955212800485341,0.05184750942131493,0.04420316051057989,-0.03288002521886934,-0.023616624618306437,0.009637057943957542,-0.01854090792753905,0.11220850380378879,0.09593575692277778,-0.21908316006252881,0.044030521851502476,-0.07575726912614598,0.023604707826597356,-0.05253528027846363,0.010741821006794926,-0.0072296063079768085,0.027815011352658337,-0.0025992177647158657,0.012516602027619157,7.830671122995932e-05,-0.009780135463091984,-0.001689136263512992,0.007796490151773399,0.009656517925823725,-0.008865062585239879,-0.009233404574016705
SPORT,0.0014592768386835356,0.03540256312236489,0.001533350459948641,-0.04802046881888366,-0.061758986677516295,-0.15008672806680734,0.08887622221746892,-0.02779972863342152,0.14033755256849906,0.020863336881360436,-0.040602369628870975,-0.010932079168348294,-0.011086480182162867,0.038377617977790365,-0.03649585018391421,0.0204040504255149,0.05527870206996954,-0.06785259892605908,0.06054697540094875,0.06299734713345354,0.025836419860075493,-0.03448071206068529,0.05181568777774571,0.07479505077384942,0.16197357695228157,0.007240276247602869,-0.002409307248436745,-0.021276543857018486,-0.10701847906312671,-0.0457563299512355,0.019317360429905176,0.034797109007528124,0.0038707194243966475,-0.032941568507173086,0.007425020026153338,-0.04130062625912105,0.13420275114054522,0.02458841989550333,-0.0054855831398335705,-0.00485226337215475,-0.07886543567666097,0.10251447947211292,-0.03229360254067189,0.05146594007359751,0.04641200753678639,-0.1147795071449591,-0.156538354567817,0.1122463084870222,-0.08307815452327287,-0.2553820942590836
SPORT,-0.47030847304523193,-0.3135817082586073,-0.278885015653052,0.14884097182597072,0.03241421501283861,0.09077560938438169,0.038821921547491436,-0.031799779305939524,-0.041486524522043294,-0.0018783417770846119,-0.10251481384925226,-0.030870444552925293,-0.004190624568964531,0.012939080436105612,0.01999394919866263,0.016772132833238085,-0.007164119871521284,0.024922526221955166,-0.005905938326781441,-0.003310831793631462,-0.02067124766893613,0.0033195220094752093,0.016116585314850412,0.013342868438156893,0.0023994068329750047,0.021181883349716404,-0.039423702080766884,-0.05635908264985754,-0.09428688612022361,-0.12258796669144015,0.10073822518137468,-0.07086474927613316,-0.0379156844958572,-0.055627984383372374,0.003293900277604775,-0.043289710422323255,-0.03887315474004882,0.12469539280305812,0.00809203275258125,-0.02656483145541809,-0.03284835443369713,0.0942152685635054,-0.03748139037189869,0.14730829572443455,-0.054214120686881875,0.05280455286936305,0.0095555000542053,-0.02647818957790444,-0.011406619277404743,0.06304969913360023
SPORT,-0.40868924612537805,-0.26299435442355135,-0.2459303776893656,0.10303116461542032,0.008437037235360203,0.04310131797190167,0.04038308276533042,-0.07462948106546242,-0.016451027648798404,-0.014707221206238078,-0.10965339948552565,-0.060377798295292155,0.003717416798861376,-0.04697512962300462,-0.030739811105086133,0.008834758045552024,0.014175019619490387,-0.03613153062016258,0.010299262155966675,-0.0038891355181389325,-0.04597454060045061,0.008220622770769964,-0.05608669926065601,-0.04056848832852357,-0.002044432767211482,-0.16070820979338737,-0.028507667395702874,0.04107537379895342,0.02022504573526101,0.03039865460334061,0.011745484231491176,0.035164951816842135,-0.09066770140183072,-0.1121968726617909,0.09003391248597552,0.023425532574994357,0.002691502404062989,-0.09620921636331183,0.24000414565112113,0.23543329135336832,-0.13890164377840622,-0.09076430209788817,-0.02918471350447899,-0.08857813544222874,-0.08847476254437951,-0.024269245678351023,-0.09245260800983045,-0.022991294773427328,-0.08569114751354506,-0.031194360315691793
SPORT,-0.08415948867279811,0.0025998328139474236,0.14317664659786491,0.005534082251748818,-0.004613846443589554,-0.036118207980345575,-0.11722293668674862,0.3536981937563643,0.01779103306717677,0.03203463027270681,-0.09271196201085208,0.02392197770616085,-0.01279828710201203,0.05087446078950575,0.009587485773429393,0.02660093683376914,0.026789752085895745,0.03299670933484832,-0.0278339981855567,-0.039823241583176856,-0.0004287343519764865,-0.025546679511462285,0.007501246046758068,-0.035479855591808176,0.0846340564818609,-0.028118562824926707,-0.07455908457503711,0.10485738128092166,0.054018913693841646,-0.05924264367641433,-0.017000771815971556,-0.18758425153621047,-0.12125387384124124,0.4109334165824361,0.024879196660999022,0.16743421326012767,-0.11671683709572626,0.17855486953187888,-0.10800370013294881,0.04108554435624549,-0.040889301836647345,0.06440285788238924,0.07615877267389348,-0.1440797839218825,0.0035178887088555284,0.017974564461416476,-0.020272470544136223,-0.12887175564474737,-0.015969761576669152,0.035689533955148824
SPORT,0.04685007190390937,0.23421760920716408,-0.14069770203719564,0.013288337412693448,-0.05451266539019386,-0.10754391026843822,0.0689600345587834,-0.10629098290975068,0.0961506370234721,0.05453976818016888,-0.1432685952126643,0.09176993518782964,-0.007820126592199803,0.1669587960377779,0.11564079776096704,0.09633883031744259,0.09671992728500782,-0.002844819419814747,0.0267507506027324,-0.06945993145647274,-0.02573387666898393,-0.02469575353254503,-0.020299457764866104,-0.04647691754987886,-0.15140021177439414,0.02942343316709009,0.0023165661636478808,0.06472920759216552,0.04388291461834816,-0.14264094007543274,-0.020090370206883142,0.004613353364715656,0.1429193327130205,-0.008397223948893189,-0.11931137259642378,0.04493076756534555,-0.02267639541308851,0.038341500953513484,-0.027849271401272552,-0.000509778811211281,0.0018734224675192636,-0.07779093849466791,-0.014628307189342094,-0.013450741837602413,-0.0014635935236230488,0.09623369331505183,-0.06078363701605492,-0.0026556220796277717,0.037547860538609125,-0.03324616795631896
SPORT,-0.07120663383748226,-0.010212311993285069,0.07221703142838724,-0.021311752834538625,-0.027340169138372776,-0.05558069704370523,-0.02926870403786569,0.06542598597056923,0.033093842309314524,-0.004256531083406977,0.08571179660560195,0.008718187159483103,0.04926597609398969,-0.08810802907243416,-0.028065910880976104,0.035726366322167795,0.030208913092010282,-0.37766074092331886,0.08459926622545075,0.24411791866459026,-0.13826912313721432,0.5673340544902139,-0.1334467864261342,-0.08253223406987917,-0.12984797373533438,0.07076376882864036,-0.11894337521132119,-0.09415793580661502,0.008750932163239694,-0.004363557155258853,-0.02857703544793717,-0.05118748780705238,0.007782613959848173,0.019714131831999954,-0.07349837564148295,0.019566436765043202,-0.08818837136777992,-0.03901374452014724,-0.04138142727189291,-0.04911481159975522,0.013133128775859478,0.04125241899266648,-0.019952574673460118,-0.03405466114075859,-0.03497395922015275,-0.03097956519119548,-0.09032360979629281,-0.01828680502776358,0.017533923851464395,0.025544284405002587
SPORT,-0.09341551663141467,0.07753294484211128,0.16734933529581283,0.03510985281987302,-0.008554954737092781,-0.027809673498371813,-0.10270572320591771,0.3409150338086016,7.805423119569305e-05,0.00708403764139508,-0.09882103158199797,-0.01059974315234758,-0.014245392149276247,0.021484336318312175,-0.03215424693244354,-0.02150918889246953,-0.021013408711840428,-0.036041775072298894,0.05561596899772109,-0.019232245721263214,0.004958921844525196,0.010316638754041763,-0.009333555610621656,-0.044615255950539785,0.031957417566242555,-0.045870815687195254,-0.046362496517164946,-0.00721031193448955,-0.032938302922306276,-0.022101981075872378,0.05208118464864086,-0.06972473308123113,-0.10113032799766551,0.15606115422785513,-0.07053206278202331,0.09064077584529871,-0.051086589335571635,-0.02642549867712797,0.039953567544703444,0.05583804778068138,-0.02454176333484719,-0.07511660095447131,-0.03464344572824661,0.016725961935303495,-0.055862543046306244,-0.011127147922994228,-0.06841614023225609,0.0974327809229949,-0.004868545323898268,-0.008210132845337826
SPORT,0.028782783246506773,0.09434142880280634,-0.06638872625001195,-0.05477280387861339,-0.15640353896676282,-0.2842932537268269,0.1688726388924916,-0.0969287779627895,0.2717095826648796,0.033844307470724755,-0.12650054178980252,0.013595114766347092,-0.10541372647417577,0.11606912569122145,-0.061283688075332694,-0.13866209036618884,-0.14082942031265114,0.1646227186589998,-0.08647196187761926,0.02431958092927721,-0.05434764555721506,0.03497664525318431,-0.06489157491527237,-0.043237351069868396,-0.021860853562299904,-0.02786573261757094,0.04402310717903507,-0.04281242608486606,0.009721590242839128,-0.05972106795588497,0.03839400625629821,0.04182296546730097,0.03591427541859924,0.011894666221721766,-0.06482202079259818,0.06908642832356142,-0.05119135042109875,0.013774655445547929,0.06126480252721003,-0.07747773946758164,-0.031467891633529456,0.03769558989264284,-0.012730751714514644,-0.061947197919469794,-0.02580500259682802,-0.034518504562212254,-0.01829655477782586,0.052873262266812285,-0.019314058727544877,0.02126313834934078
SPORT,-0.22930669317652716,0.09210302536974257,0.5841364749494816,0.2250387756574031,0.02378151762148765,0.06995078405276225,0.05813939431313808,-0.1501441551577616,-0.009314795893295622,0.008186739704551645,-0.05733769125182853,0.011427337151752476,0.002572936526448394,0.012541031015995028,0.0004103528828326926,0.03672455632094555,0.037059347424106985,0.03477239374151936,-0.035085778851253684,0.02813717299257104,-0.05869495841709634,-0.004097439872562169,-0.02698851463193115,0.007822686526206647,0.025573910921546476,0.015168258577598707,0.039172107213501686,0.019103674077377116,-0.01687603214709545,-0.035685472519659416,0.03332413078676177,0.03833820967947025,-0.02301200939873788,0.04712685414994156,-0.06275635585634864,0.02064201403158564,0.08133136293933071,0.012399574516245947,0.01546326608625802,-0.011967716799553265,-0.035262924684256236,0.00584849008987023,-0.05471302408885058,0.01963354956867732,-0.05524845528667931,0.01344635751149113,0.03833765236076375,-0.0184314981303608,-0.0007103529546827205,-0.02853450982489537
SPORT,0.026795296394572874,0.15679993776439288,-0.0928234684941102,-0.03768805470504852,-0.12184416454755927,-0.2091679721405389,0.11887681570965522,-0.1031850705977633,0.1967665189493135,0.04550601549794794,-0.13458325339851682,0.04679431686272333,-0.08068236022746184,0.20928216231666522,0.07904809231196928,0.08442090864203379,0.13301534344211374,-0.02219033888031465,0.04509592241617508,-0.024782997785200565,-0.028750710369403503,-0.08684764086408785,0.02535618777824182,-0.06342955891485862,-0.23428898517863783,-0.05560554188107314,0.03455907309153323,0.04264455633632836,0.1487931150964266,-0.2788406796372159,0.036126895454698826,0.10767331630137786,0.11219460273503415,0.03911832157549289,-0.20608350096712602,0.18901838390288295,-0.10361633891790989,-0.028726988129645418,0.06420183462030285,0.09222710292903509,0.0005998283915221572,0.056954840147610965,0.05806492417500639,0.11588956899544818,0.0003982595735001053,-0.05654492379061855,0.012303670459976804,0.05210941111403395,-0.10182717396830028,0.06681272319229555
SPORT,-0.1401152569741055,-0.12612238246039922,-0.13195860099117138,0.022227958925513183,-0.021783791894664922,-0.012321417091879032,-0.007527205957661389,-0.0940635081799323,-0.012400066302428459,0.015761014878336952,-0.10194798750564452,-0.012786811672348446,0.027029770484515842,0.0047816555372634465,-0.02994192640792063,-0.021856700710878592,0.016574113377964106,0.052324789185563894,0.012630516698143355,-0.010340912054225713,0.02583354683071737,-0.03156679704730767,0.007370584101462439,0.06991240393789871,-0.03899571109875939,0.006868753379863928,0.049431630339163056,-0.0661874462845733,-0.0012582802738550494,0.04418367453400758,-0.02375200664085561,-0.07244756423163531,0.04617209544621211,0.05004301830300207,-0.12693010214787478,-0.065836115507658,-0.10433893464761182,-0.1921608537794447,-0.15454586666106884,0.045774033908870096,0.12361757778271863,-0.05715373318287913,-0.03161993887188323,-0.1773886615068196,-0.14668913917172008,-0.13119441577858829,-0.08072575936993809,0.10279817848823039,-0.0008792108180273316,-0.14708030095047941
SPORT,-0.5046581403408942,-0.3155359006487202,-0.27774915386467525,0.16796314499872392,0.052512432689887575,0.09805745758287045,0.016796805852463882,-0.05173936291423681,-0.026157801645656436,-0.006273925866615509,-0.20615357625443975,-0.09228292026419996,-0.010172004639276646,-0.00222386403811072,0.004315813715058434,-0.016997542406784357,-0.0003898043793587863,0.03651938873607,-0.00908093573022208,-0.0012164389704707999,-0.014706384183995539,0.014184990673950671,-0.005835146761339809,-0.016155870900430646,-0.013514878208801352,0.0024815515284807607,-0.00697754680984578,-0.06298908305470104,-0.03953697085034629,-0.1365835103101456,0.11653928862607768,-0.013687763714859788,-0.08321469020769882,0.0012373294140161325,0.06762357866821268,0.04594393311984224,-0.003624515148826066,-0.017556255488502148,0.06962317621237833,-0.01860965482102512,-0.021579946625903915,-0.026297755450234266,-0.0004399482092004807,0.011148189168979274,0.10220843909883533,0.046638896643697476,0.0356142460222119,-0.027100520642724935,0.041365531421196415,0.014847431198413264
SPORT,-0.10831927820713927,0.00988731849305118,0.17223398813976054,0.010359603245851794,-0.010098449904543422,-0.05674968466526391,-0.1933650415464919,0.6335079349828823,0.022643401894855808,0.04034705268957976,-0.19610255609771685,0.035239564734251924,-0.0320607074711156,0.10928460785681461,-0.026006809095533934,0.060751308156993644,0.0638678033420345,0.10860271544203498,-0.09763485568517762,0.12104235142328418,-0.03494346235486341,-0.04246337547598367,0.0019667072259210677,0.09680499757233413,-0.06467964000241386,0.06377359804396233,0.057237760414816576,-0.02971526198381651,-0.02558358686474576,0.020185755228548624,-0.015557902161356725,0.12897408673886465,0.09292655895245265,-0.23861963272058004,0.0172403899338377,-0.09393010944805526,0.03486420777726033,-0.06061779316420422,0.02735727426132787,-0.01985994375171879,0.0363142543425037,-0.013081536907738531,0.030653862883091704,0.007508965673854465,-0.0031319982081046897,-0.008985262053735212,0.011921732889666735,-0.0040955281122909476,-0.005914877612939827,0.006131594668147203
SPORT,-0.19387792563589656,-0.16483615401312643,-0.11388577157402732,0.03391541032962729,-0.006501045138185996,0.02004092325010593,0.012018686121243167,-0.008960832289727834,-0.015823857041715378,0.03378491001617112,-0.008490523038784609,-0.023642080095679276,0.027436120975762205,-0.03788816457141401,-0.015018096084493688,-0.02641880496200822,0.013035924853925908,-0.05315648329306916,-0.014291680018419739,-0.022191512982435057,0.057874266372727814,-0.002596732761010747,0.005743846421554786,-0.05610642143059511,0.08702534885756578,-0.03896733759338196,0.029138201009816546,0.08926753146453703,0.1747381250541282,0.20075908363242673,-0.238044088290159,0.3982163263732012,0.12709332976020418,0.03512131905926637,0.180538548482753,0.29061757763249735,0.04699803018151149,-0.12311713285774355,-0.15569570450399864,-0.07545450184160928,-0.018323384570301693,0.09966932192389652,0.000896752914181365,0.07717994163542678,-0.07317852021858043,0.012037122922094176,-0.018004190356560337,-0.05914439036914746,0.009559808811204506,-0.025761459946125626
SPORT,-0.046711794371798045,0.3217461889412336,-0.09594728296112938,0.07046662195745142,0.03451498873596677,0.07693343345187126,-0.034235848461426355,0.17663799401664787,-0.07545201307573364,-0.022832301691403073,0.025635635547687465,-0.06059271739946542,-0.0026159517035603892,-0.07671971195065315,-0.0064998089532573465,-0.14667304137543147,-0.15526034182348347,-0.10813369381717808,0.19536890817708688,-0.3128751115551246,0.10031911713549853,-0.05032828625599959,-0.0689971174810341,-0.17201750655742262,0.11717024378432526,-0.16587700938489416,-0.05791586308052547,-0.12332892214684821,0.05137096970744533,0.10410451667393728,0.04227149526819932,-0.1298577207302354,-0.08964918998305306,-0.03324023227042507,-0.15036816578467735,0.0761713627321435,0.04655497029270276,-0.1332039214242417,-0.03653162632020405,-0.0487185279542648,0.004114784060622333,-0.006942502518901376,-0.05825529836196083,0.11248996203051084,0.04304224912183808,0.009967577552228974,-0.013399885976905427,0.03012603822412228,0.013919891181551538,-0.0322018603247664
SPORT,0.017415229527224848,0.0887835388525255,-0.04532496863792153,-0.011519350405171514,-0.13943415690858374,-0.2430660180123006,0.13983555735576542,-0.08341938688703054,0.26523711109379183,0.058754342288476154,-0.14738396815269136,0.03041697938106245,-0.0066095498207895285,0.19796795682572524,0.10023158287068373,0.2167086571422102,0.18538347737769642,-0.254707828895737,0.1887409108113923,0.12172773517995901,0.02094988970355304,-0.08466115817889101,0.025024804101470687,0.13528766703029335,0.33692656912620533,-0.19408800287895522,-3.980281907287048e-05,-0.16794955832498193,-0.08111962043193914,0.03858095591502321,0.052329649094818395,-0.0066333471417355655,0.02221911560843536,-0.0017069811915129199,0.06361088269008515,-0.04595631459016592,0.1074289269955486,0.07763615241520225,0.01652152293917665,-0.03342361250841462,-0.0003893755482421838,0.011078145768834095,0.04227944196595685,-0.029434168980634372,0.003300667670439779,-0.061228929883654706,-0.0374972085872342,0.013717658796271737,0.046272085510993724,-0.046364126935314554
SPORT,0.02271583801568873,0.0422008803860052,-0.01570250896511435,-0.045550563549380974,-0.13415362906893935,-0.23498690202301928,0.10935119998607558,-0.06758417852487235,0.23377331650060365,0.0508454747913634,-0.11134538554373254,0.01564932059599521,-0.018927419634895044,0.15301206652050522,0.09572402639785753,0.2088246308632517,0.16476920358658093,-0.273703112994157,0.1882173224940797,0.1464454252288195,-0.001894152469678516,-0.04840051303567992,0.025079954861996503,0.14975950536504717,0.36938515976459585,-0.23805266833953725,-0.03419032329843337,-0.2049956955144088,-0.07918814832129845,0.0753065171856761,0.057239231331956894,0.010198821138159066,0.012532395474247306,0.027602072833034137,0.08452787211802511,-0.0710094430448879,0.08199703801624947,0.0655452419550021,0.018704780672374133,-0.062155996388185086,0.04203036175166026,0.0014378577439727246,0.0403834155095406,-0.03347911950978294,0.012558898562698794,-0.02450381809421492,0.0010973084108075464,-0.013573447441045544,0.058188317444565395,0.009219217857697751
SPORT,0.0009341983673332095,0.029596186554201653,0.005206842412223955,-0.07246225923944885,-0.0866260259469561,-0.13200047903447842,0.03348976759560748,-0.03034063570593211,0.08549992850516668,0.013185978994791982,-0.01698686825760161,-0.03799486431503974,-0.02819368816749945,0.019436311890641628,-0.002610886078470124,-0.09048751013680842,-0.077375078950182,-0.026373292144876607,0.003916192102828618,-0.022491225367093855,0.03757256450560931,0.006305666670878173,0.06684032085444057,0.08051365603288459,-0.10979760163184928,-0.05475984751958239,0.0633987008306275,0.016195215929698824,0.06154700611262763,-0.027692021998726668,-0.05014034821778106,0.003340499047438586,-0.15576991192011191,0.015170213097432477,0.009022327135998659,-0.08441950367081537,-0.061356382335823675,-0.06606916400335426,-0.041405683267697536,0.017289346692780136,-0.059890759444612494,-0.020697563031896345,-0.0486902352509293,-0.04407811359421608,-0.1632109247664216,-0.0957662424299125,0.13670836329424577,-0.29363804573627655,-0.023706848097626933,-0.09750488937338994
SPORT,-0.22783723378643717,0.07879912607527052,0.5428203626869885,0.20341473251767156,0.02610951084494382,0.06514953884527667,0.05284205270674584,-0.14049442217143418,-0.024882707325597258,0.001157544973124856,-0.03695392487043278,0.0014432808481461403,0.013386925292033164,-0.0019859268292133025,-0.005627643633440212,0.023420296985479535,0.01830372792426299,0.007686642335318559,-0.023661189882410262,0.00585482064011718,-0.05434610336544742,0.026609984445731146,-0.023649941363827417,0.014548660817991357,0.009984311659426733,0.04251579120222486,0.07740310874970217,0.045003550099280934,-0.025849453842319927,-0.08008864498884087,0.047506435701803906,0.04006555296829294,0.024031629967287173,0.09984422996541072,-0.020757729435274184,-0.012112204436424797,0.17560858301311366,-0.02100686153737113,0.023509016969825297,-0.022085054060869386,-0.05903413762657932,0.027961388408622986,-0.08140474086194364,0.007451390339342634,-0.006783734071422127,0.02264372492598549,0.05605326278833979,-0.005679490284934105,-0.008550008681113259,-0.06500001360754029
SPORT,-0.24478019095705322,-0.13018801344865427,-0.08532996022846692,0.045256078656564516,0.002008131148957032,-0.0013639931689701673,-0.0008549942448779884,-0.007023621795219105,0.027713386425564084,0.01553324030143978,-0.0071265067487351905,0.01207678598861627,0.03470046147655293,-0.026815675825937756,0.025421800666494375,-0.016618333765908554,-0.020911165663534955,-0.08343272018300965,0.0170798565914969,-0.014949015698445586,-0.013271807300483811,-0.03812860339277484,-0.015818516112561867,-0.01005589438711688,-0.023511263853213754,0.009333115831570687,0.063537227017211,0.09003281064221108,-0.007112419169237581,0.12318860563010223,-0.07979628038431995,0.07481578625651902,0.07181124941487485,-0.01824953288219424,-0.0741727976725697,-0.002179512985303798,0.0069367144048173325,0.03493895996233541,-0.15110339798757053,0.11649212567346921,-0.0025088821099455362,0.006019098640541246,-0.022833537806138227,0.06550483836875486,-0.14735460623814692,-0.10686311961612409,-0.1299889021241416,-0.12983630081153133,0.0007296595855285802,0.07282900294515457
SPORT,-0.33228014076905393,-0.22773112398693046,-0.1874246108452218,0.08208740806131647,0.024136751204630498,0.01154961569234262,0.007953583680861503,-0.03653460507831622,0.008305250124474334,0.005005029331914657,-0.016297867903440143,0.01268255942051653,-0.026857391314779724,0.018431737420434132,-0.02167579565234459,-0.023001460018250194,-0.03239401092326091,0.042600774138579024,-0.00593483849031899,4.649737461117483e-05,0.018229402847069257,0.0016588861663061481,-0.024165555039204673,0.029036223686093366,-0.04013372708269846,0.019510028485647295,0.0626531828219107,0.01264627791962774,0.07726145634294665,0.09164974387422462,-0.06473317430675075,-0.020999077385984735,0.006104094738279125,0.09125970714104391,-0.03511012367980839,0.06532640303512623,0.07551668442162315,-0.13309945974327908,0.028267626732948605,-0.06361240930699377,0.09433866298622096,-0.1405696702811429,0.11257574415649434,-0.23766048217451677,0.2318934681260385,-0.07031742422842165,0.08883524061266729,0.013816630672101574,0.035180381337477695,-0.09724386702764626
SPORT,-0.22506052013390057,-0.12881033845575182,-0.06550840835623278,0.041332408829148425,0.011828455288542651,0.005628008779782813,-0.011863761616288543,0.008166901763067103,0.0015423471364461381,0.0012733767244108086,0.08183588229423928,0.04931208808800138,-0.009718904916226732,0.019842845022565343,-0.033520433866163976,0.0017428135094258031,0.017635046701068167,0.0363938153189673,0.01904823628674506,0.00873433604654226,0.03680869359600538,-0.010771183018691104,-0.0032783597469237323,-0.016519114207734057,0.007079040902113012,0.012512703921414962,-0.01102614017789807,0.024397033986497053,0.006564388825063357,0.07164280984813706,-0.11405463514844487,0.0505114918123004,0.043978649965997596,0.08533370013180652,-0.010184029892289772,0.015406514854682783,0.03958121623397068,0.10845171372044306,4.4098277076943715e-05,-0.12043644580517736,0.07591440274047957,-0.04574389336338319,0.013453694420310983,-0.19261111088297744,0.2330109666231146,-0.03925649574029272,0.06718016165454246,0.05086352188212927,-0.0654796130510569,0.08757683811854383
SPORT,-0.5162878296318821,-0.35235888451910136,-0.3223520881593837,0.1665370276346234,0.05921194422981242,0.10411468393293713,0.021078161613538093,-0.06757429214776209,-0.028188255077465994,-0.010605247022083916,-0.19384725232530545,-0.0906873223987348,-0.006665697029176331,0.0005598953898130703,-0.0029361952795524306,0.0003082029279372499,-0.000706622601636808,0.021804732500970012,-0.014070519447885824,0.00023746624288716357,-0.02113364121356931,0.02465619273636485,0.003838777270072346,-0.010671688320712202,-0.009388349317323916,0.006266265660318485,-0.021233983360865186,-0.0686841198225406,-0.02290212538627812,-0.12414940262058219,0.11192756456505266,-0.032004579743778454,-0.06631142845878304,0.005568441724642397,0.07104339276798083,0.016019667459054393,0.002565820575277237,-0.041125329152787125,0.06648899558227267,-0.04920687705988252,-0.024266596691932835,-0.03411714181265192,0.007209986335291565,-0.0004062012653988828,0.1361665558952063,0.049853075445351794,0.03895877481248083,-0.008397616665881518,0.034874019129372415,0.0085490703937691
SPORT,-0.10980529327768174,0.007357773769820647,0.17389765249390976,0.014827265084017043,-0.004367986898269525,-0.03152420252627221,-0.1346889187544473,0.41696280416486947,0.014817940039875174,0.033541033155203216,-0.1357447202752906,0.02187654986804075,-0.025787743197986362,0.06061038878909059,-0.004610417356752523,0.026604800639617437,0.021624965885496714,0.039355572799790836,-0.023282953974021876,-0.024769487754602488,-0.002676518487278398,-0.029692774413683218,0.01887999603963418,-0.04206862889902692,0.09078777154511514,-0.03865878006510521,-0.08217556030075546,0.11079103904533076,0.06286923493003366,-0.054188519983527576,-0.008508498301435094,-0.18533955686467593,-0.1335061137321568,0.4238200986829422,-0.013061450491292696,0.17551804216216502,-0.1036731266151968,0.13532655299081178,-0.09567812905365661,0.03034427895491419,-0.0465539193669752,0.05971095600287176,0.06314849367995906,-0.1292965537302158,-0.00523169837086496,0.016663255703508274,-0.018689666837300167,-0.09846508280111652,-0.02544938437258214,0.03451157347454303
SPORT,-0.187644018427321,-0.11398716550164302,-0.1069537107790711,0.02932178858838576,-0.015057297630671167,0.026713537420115,0.017030628259096636,-0.0060652827744749555,-0.01855731666678496,-0.006467414488875858,0.006243225562576487,-0.029977557843308123,0.009275970500051576,-0.03339422816311337,-0.015424580992748934,-0.02743079840147935,0.03715182032058995,-0.047408670062808134,0.02731024306818756,0.012649805217172608,0.07477619040435406,-0.014996670775147778,0.016683702910456816,-0.03766784347156722,0.10084090844804491,-0.05751001879896232,0.02334280986949564,0.04769200163624084,0.12973513174501233,0.2121292783072434,-0.1958822298015224,0.40966722386520227,0.11803883194923606,0.05211778247775701,0.21667131332956335,0.3209664267113515,0.048791070432365066,-0.11378612353235662,-0.0984846730996247,-0.12369910618267145,-0.08610653201334384,0.12087255520872166,-0.03849869612917725,0.10506206032015945,0.060464475612261724,0.016778473732200573,-0.025609089937926804,-0.06528556241374814,-0.033358521739502454,0.06175257320665933
SPORT,0.024166529351981353,0.07138207834879495,-0.028797691030656294,-0.035136687656359154,-0.060235516380030295,-0.08144147214542645,0.02992408892513325,-0.039049402219428556,0.03278958211039531,0.022509235593196293,-0.047906267753252546,-0.02286659861508546,-0.03142289719534196,0.06530452527694691,0.06323662683122053,0.03928890929912182,0.05144740784349151,-0.04008111726667492,0.03967727746279118,-0.0452333390549024,0.003922563627990676,-0.03152621465507952,-0.00357724815820823,-0.03867457168034282,-0.12304078003270184,-0.002506789738546165,-0.02777521012738853,0.04024481020529205,-0.002354004426512896,-0.11565705217677502,0.004054494294763021,0.04568455681825228,0.07022036058889355,-0.008513145160932484,-0.06610729230822199,0.04144650945377153,-0.09115605041616713,-0.03411258087260373,0.001281380385162411,-0.07309891787143469,0.13974737666774892,0.023201815062537254,-0.013603213819630823,0.015704623628538285,-0.06402680701608537,0.024713866915110728,-0.026597354716975535,0.03475250155440278,0.18979554262694345,-0.0530904310043574
SPORT,-0.034052036547125394,-0.02723140232734244,0.03897453809050662,-0.0451513920753334,-0.025012426303252296,-0.04543049314302857,-0.03481858271251171,0.052551134839925406,0.02162858049968571,0.0009240871744262727,0.055003220922797316,0.001875021512849949,0.03904735761936437,-0.062124798578786694,-0.026470016799483128,0.020974082206801664,0.016221051294668522,-0.23372660663844835,0.014120876609812667,0.14015727246394166,-0.06748740407519596,0.3696694990354328,-0.08325209575392867,-0.09022760130841811,-0.10637078149143796,0.05783351224993387,-0.09364424369080826,-0.07351907083532859,0.06416392051055271,-0.021776549988630448,-0.027291139565028384,0.028991589333023562,0.011022974446302824,-0.03905312392666554,-0.0028574220305408534,-0.024439046167263955,-0.0709981223595921,-0.04622650134180743,0.0005754316873212035,0.0168479041274627,-0.017657720721746956,-0.012829729005515322,-0.02589365544386281,0.028280842201357768,0.10104758996347392,0.02571054337683849,0.06596820806220265,0.036748183567680885,-0.011911532024487397,-0.0023847221492769863
SPORT,-0.057845027388994864,-0.015615453559169844,0.065728326583214,-0.03549220203906652,-0.03447046243953263,-0.0589663896849209,-0.03662310865401288,0.08297172205101024,0.04434000110207414,0.0013098614962630643,0.07769320459028982,0.008643379344676972,0.04564244306164315,-0.07385329772547244,-0.01859109101276406,0.034499189541162094,0.03388122567388664,-0.3952210543969905,0.06161004447334502,0.23936947178559898,-0.14914650298730753,0.597339948194589,-0.13738393241330607,-0.10775065592888079,-0.14955448320293763,0.07402956998330275,-0.13011887100246994,-0.14131716966553784,0.03321153983521153,-0.0014283068090125595,-0.043296247791707536,-0.029788565279872874,0.018768316159112078,-0.007870675402632536,-0.04111575072142038,-0.002173949741817717,-0.08390526724312546,-0.08165624243443932,-0.03028160364798619,-0.035561096671718403,-0.004743727572706093,0.03304884396393486,-0.014952452649113657,-0.011035766964014863,0.007088224964730011,-0.003015683687910376,-0.043557756533682504,-0.007237583220064507,0.0037241912365365017,0.011750160135380829
SPORT,-0.3770381229631518,-0.23628653587807466,-0.15250392503711707,0.12064964264262816,0.04071508489426214,0.07349200383106877,0.005920091733587875,-0.005593618554887456,-0.022216216064108917,-0.00806763646761633,-0.11500819626390897,-0.04307284023645457,0.007555487740142269,0.003837898092460662,-0.008250247636926562,0.005645389787065121,0.007723070339750225,-0.0093390426862529,-0.004173647418230524,0.03273870968050704,-0.02202774258173495,0.04937280589557692,-0.010052566853449909,-0.027302341176645824,-0.0021583060148795273,0.0135550300308529,0.025211555716069377,-0.017148357189545944,-0.007274529815319627,-0.07396600465352404,0.07515551698894654,0.0769882631035228,-0.06493513181110695,0.07847291838624224,0.10564785747989482,0.13538728053880283,0.0931495330588576,-0.06359204672684649,0.12354014006667804,-0.08805072790618278,-0.06986220888631048,-0.034416004025122536,-0.027840059125726114,0.01613983374385771,0.30246047877347476,0.025045424512074237,0.07124658195834901,-0.03908241736485942,0.04503023045900719,0.06488873823245105
SPORT,-0.10440952547259855,0.07953562456235223,0.17037743689733145,0.042256743345954834,-0.00795658617763936,-0.02421006452582537,-0.1142598789463237,0.41607711281751414,0.0004780509787757482,0.01562326455397451,-0.11655850565753215,0.0012914137056872794,-0.017531242792921273,0.025498354787377206,-0.017216132037177402,-0.04586688118883668,-0.03626618773547601,-0.03939950708364404,0.07838788184976933,-0.12411745056660009,0.020481729053482684,-0.03158609077842263,-0.021779654027587383,-0.08378780826153047,0.026302949392538584,-0.10996537215941397,-0.05065765331387044,-0.033090835731267906,0.00771515578060619,0.012283596364600032,0.03655998128338718,-0.12282630020831838,-0.10997538361756205,0.1645393726250296,-0.07017994019875708,0.10565913433854544,0.01780564739303035,-0.07632665963872835,0.002253942951407945,0.03274440951466945,-0.07240596367441172,-0.024976874308154873,-0.06584127498818335,0.04830585107672605,0.008768342035243206,0.013395464156710616,-0.06739959099717752,0.018072915068346088,-0.0045327614158260235,-0.022426499152726004
SPORT,-0.12215521424583747,0.04591854991035954,0.009027159898842197,0.027116177290921854,-0.017200921911507502,-0.04290501085781199,0.027620682233380038,0.023932132122877616,0.04491874450739759,-0.012670235400401972,0.062414917783659166,0.01673173196889394,-0.03786032907504595,0.027811885492273543,0.04091233705352637,-0.038820946368722464,-0.06352803085288003,-0.07464766938013805,0.05018362816051042,-0.020641920167017654,0.03754685332760273,-0.04285334058978347,0.029417921250947113,0.08225955551438484,-0.03019347495899241,0.10171145097171823,-0.030433193580984803,0.034011852325201375,-0.023815357061368163,0.015601291505627949,-0.048202813477311576,0.04339811636620217,0.1314826235296325,0.013066348919059325,-0.08914518750117353,0.04439756987778134,0.07184704592699084,0.18071727136073665,-0.14482576418993306,0.06341186047479942,-0.07725855459189676,-0.09250800465019549,-0.057196767043755925,0.0031322987770830914,0.10436995951607032,-0.005633886798694748,-0.07159278447542822,-0.15047596349369846,-0.08198312695626765,0.05386982191918622
SPORT,-0.47193978052259355,-0.3273631795534002,-0.2998947047100505,0.15831015692315595,0.042576001379221906,0.07366765785863724,0.02713010354474676,-0.06979485333563591,-0.013670375638390197,-0.013676948095797767,-0.113380406602888,-0.028497011438935203,0.0037338141102973652,0.01175929105632074,0.015106844161550946,-0.002514931622109368,0.0026736704335274496,0.019762731017251317,0.00022939047367570865,-0.009375400396758791,-0.0040829939509930005,-0.028055611206296932,0.0016031837633201898,0.004965894460939012,-0.023249786695342493,0.016707420035240943,-0.0023983471649786188,-0.019930625013092132,-0.014105752336953012,-0.020956805263142725,0.018469102602929117,-0.09562749518589796,-0.007323434153537958,-0.005623202781372193,-0.057385906266714,-0.08047638259369787,-0.044225975191443924,-0.008835230930404418,-0.017960230119511405,0.0266170280228285,0.027368550621805016,-0.02094964169091824,-0.01971143669359317,-0.06478781728738245,-0.04214717411263392,-0.04991695291968789,-0.0454978941009655,0.07534795684353061,-0.019042322244866315,-0.04828730393387583
SPORT,-0.025736320692240307,0.03358433295428981,-0.003281899012606731,-0.05125106460621215,-0.04215163746274369,-0.14053998914429958,0.06641724526421514,-0.02116051407002232,0.10445181480521734,-0.007445833327526975,-0.020903892553639152,-0.008968346025427492,-0.003043009607442698,-0.011009701418497218,0.007819483236482563,-0.04481799672977915,-0.07115571209069918,-0.020672892444800445,-0.0014075342988068877,-0.014115625122497854,0.0434259967022343,-0.008207054835632046,-0.010030037505036223,0.03780829884166686,0.021060190773299695,0.06904300110446109,-0.052133250649008395,0.03152361785593906,-0.01501234303749977,0.023757386452088008,0.004719490829126202,-0.08689553951509268,-0.08644545871563712,-0.01383101217749195,0.03276677819519261,-0.09582519451628495,0.04196775073334756,-0.004142806935458391,-0.06552016001375925,0.10854028432077185,0.010513539459433235,-0.07578260195184815,-0.09627294880396907,0.10820616122315611,0.09836353223793722,-0.0012433886934553947,0.05524728133108451,-0.11117937222808008,-0.2316961011355408,-0.11739799405263489
FINANCE,0.08293674495919238,-0.06891419558322058,0.0393923874903357,-0.13649196067715968,0.0453829674964941,0.10226217424007306,-0.22075516169611786,-0.10711916936323376,0.09937011644329569,0.06962294573773668,-0.058353485307207964,0.12847722903316028,0.05236490322269796,-0.2160499920349598,0.007455494955548491,-0.04590538629653785,-0.053924673853498716,-0.1424443659455329,0.02892260146962441,0.2530527787720166,-0.0693614744532768,-0.4362234340754194,-0.2892495523573366,-0.2343739182077027,-0.1531111390645854,-0.02463651475829491,-0.14455596985812016,-0.009096771557569596,-0.17991611923385237,-0.08601414295540032,-0.11449820924808415,0.055461886980738,-0.03377060308438761,-0.031238065578426743,-0.0611802488803603,-0.04594343461316377,0.04790163262718293,0.045116152143093634,-0.021117354102115352,-0.1168494633526812,-0.05131763904380658,0.03473781693914156,0.08106259595073588,-0.09183060612486624,-0.007492974912642344,-0.0031531213913607577,0.052525436475406584,-0.06129000537908092,0.014913530352955855,0.029188067698708783
FINANCE,0.20661036617347744,-0.1280073656786207,-0.01240429131274825,-0.005682493540884819,-0.2558626633159589,0.13405576506683273,0.42344996572871746,0.08347555334385466,-0.3946721042212088,0.5215877822351845,-0.03134381101013444,0.1144523430031208,-0.07434099031684605,0.0639304547071618,-0.03532714733088997,-0.08886088195352605,0.01726911505617627,-0.10193647754465035,-0.06614694299692901,-0.0045742316603664965,0.009818055231584527,-0.027149054670018016,-0.022853379977018404,0.009371549158458933,0.016842270009344743,0.019689774328949645,-0.04680332500014704,0.010750763442598248,-0.021547977153377935,-0.018061922258305337,0.0063259151116020745,-0.0234238638405937,0.0217839407161096,-0.016046813758917762,0.0008639522085108124,0.011408743631402804,0.009831884957896069,-0.0023560074480428184,-0.0029144008769068992,-0.014356934142937152,-0.01543877767401655,-0.028287107398291256,0.006839318279262429,-0.022223273785232468,0.014787673622506717,-0.04376979024808381,0.014537904364007712,-0.019998842568356254,0.022199074621436388,0.02382437761960566
FINANCE,0.10649695664210759,-0.02899800359564407,-0.004587849450963438,-0.033939475969996996,-0.03635096875272682,0.13087282454709576,-0.00996228910397867,-0.024599119192837755,0.10532088607945694,-0.05480554836842762,-0.001196469190731545,0.08579348758098272,-0.26913560517353696,-0.16450316980187338,0.010789858357536332,0.2073266383071752,-0.02516540808941907,0.009513728351948091,-0.011165945570612814,0.028659335197977216,0.00976564975340449,-0.030730666174544292,0.030524296481242472,-0.04440919185485135,-0.10052154798357715,0.13569371402378458,0.264548061886796,-0.1730474142186791,-0.09390425248863289,0.19804760833968385,0.06793274740445032,-0.15727658161860936,-0.03494147082116335,-0.024423241399061428,0.10730654772190842,0.1322039558298622,-0.16099070750214156,0.08066863762985782,0.05737123889003631,-0.08998879707472204,-0.20977869912288244,0.0279572909635056,-0.011413829358259792,0.07626685938231212,-0.06886629154593253,-0.050845528126825,0.09051201292338683,-0.07154969593435449,0.0005032341683091869,-0.08620889423755852
FINANCE,0.15621060014274815,-0.09924030429719807,0.017225008475727013,-0.020399252221868325,-0.01920359366538445,0.16134296432840026,0.0015999433352108848,0.011335678360044048,0.09763497244700578,-0.044055128263563025,-0.031181852427426326,0.08855785482162669,-0.21973828196318002,-0.11721873785601018,-0.04722328077545069,0.051935850149167864,-0.08534205374534083,0.003587426414585627,0.06755840040878501,-0.008614439168085438,-0.06199674053117624,0.011655384459246812,0.10612815063347791,-0.028135846159102897,0.06441532521985112,0.02142381744334746,-0.09717543720574692,0.08181149196212367,0.1512376484438388,-0.1292497455906523,-0.008500184659862853,-0.002786548215020225,-0.0046131995999031,-0.06645814476556543,-0.060890889789169615,-0.06632284099868767,0.07997976110734528,-0.017974250430494273,-0.04696442911511238,0.010814888245719476,-0.09755549026337458,-0.041991857751776177,0.08621934280489513,0.0949746995778843,0.03652410382243628,-0.059353676043540096,0.0810133183332982,0.06717055802268806,0.0048939013312664014,0.014104523649286054
FINANCE,0.10005927589018956,-0.07243225970938189,0.02280202092201414,-0.07828234775444458,-0.03245781212825737,-0.028867887006751976,-0.032914358512114036,0.008900940171336982,-0.0025472449090482977,-0.042626387729184444,-0.006796636604193352,-0.030337130614280478,-0.12085316042704429,-0.31566969581772986,0.5364358894179695,-0.19600127931773256,0.28220218245172796,0.20254119603025547,-0.06947588008930178,-0.0454025127626342,0.11114875291817078,0.17404378181728866,-0.07483150415237451,0.050741545942208324,0.13433485976564616,-0.0003832648839493217,-0.004300973246737135,0.0013885022031231856,-0.004980280810382511,-0.0742281111327112,-0.04121142793408736,-0.044569233456951456,-0.01606738711837379,-0.03683524727824164,-0.020842696755494626,-0.010641074856897003,0.0531152703664269,-0.047132724259878446,-0.015347874620543775,0.017018461846630462,-0.040927176086011006,0.01237229221648096,0.06610750638025982,-0.042069216464255405,-0.0041088026742667075,-0.04653531388150136,0.010364673433847022,-0.04686173165446109,-0.045298413976866764,0.06494199422797922
FINANCE,0.1689358451520776,-0.10484352050311498,0.029520614024797304,-0.14489247327184968,-0.14805528536402524,0.5503569377855662,0.023833194612444437,0.024828039898338615,0.31066251580083154,-0.13954310287562566,0.025454897222327178,-0.07641035315105524,0.02620244589132153,0.18213486746952484,-0.06863777785584312,-0.07214972717993937,0.06388502733198226,0.01907585922598089,0.004960359599825682,-0.0034129087697258743,0.0589452254425262,0.0397289345307836,-0.18197517198195753,0.06352523529906125,-0.003295411068104766,-0.01747357252338155,-0.009600921440913002,0.046413128208571346,0.020322845666384502,0.025903976943256666,0.009339961295804751,-0.008036572712680459,-0.0265789453612896,0.039302068245524756,0.05649473955183535,0.012293746299789755,0.04093397035617653,0.05040080784611026,0.006697996592932023,-0.002330081945845691,0.037976407899890756,0.009388712402877404,0.004295878060781186,0.024029638312154152,-0.017113798596244387,-0.04671082340759396,-0.05269847280305861,0.01758978101278143,-0.04156199113193749,0.039969188270602994
FINANCE,0.17479584368819515,-0.09858357727733329,0.008983938293797374,-0.051910949973630695,0.010718559289677857,0.19437194886937412,0.006337559454080908,-0.015790688023414275,0.08881937712133471,-0.0245516043366072,-0.04857025353727061,0.060179627242326623,-0.3022581162799344,-0.1249229110075457,0.05158961827855344,0.15141921595828065,-0.05230239505342053,0.05240250820114835,0.08376114025228135,0.04336800975424187,-0.06752038233840836,-0.02877068823423695,0.0826524094786555,-0.01802279869722607,-0.07185136639676368,-0.02879355705754806,0.015083583570697109,-0.05562390070499352,-0.19172190209654832,0.09747886830364633,-0.00013908082608643093,0.055573067183240094,0.1563974406729916,0.08025905094210992,-0.04375560426371067,0.02855678182975614,-0.004910995107297925,-0.06347970917582495,-0.03682846449437241,0.028523854997776796,0.029589577018531703,-0.13521199345460685,-0.10405142943354384,-0.01398745946350665,-0.04213454135164243,0.15135829492634933,-0.048429054885639776,0.08221373016221434,0.03553916839934041,-0.06865548303845052
FINANCE,0.1886893647029332,-0.10824438027036001,0.02987943911889124,-0.150996036804274,-0.14352817710848784,0.5896544315241878,0.021159935216371103,0.01927985628071468,0.3261081974190629,-0.14727933085666767,0.021823070140526413,-0.06831817407821232,-0.01536706500148583,0.16533709262173774,-0.07093532695901453,-0.04081117282004296,0.03984043335173656,0.01897913608377851,0.01710309005025122,-0.0225051772461608,0.03294914442252697,0.04316253226374657,-0.16831660876665927,0.04606802507818393,-0.016878968533240005,-0.015442696499156321,-0.04248016853231945,0.04012134957736888,0.018978165838787423,0.02064886629578162,0.009914559979952494,-0.014718868849009421,-0.014556811380445038,0.012425353839411839,0.04314144480162392,0.038386633655306084,0.04830827232981921,0.032075662231256505,-0.010529012654763192,-0.012859466871866981,-0.011790060302116356,-0.04811672325055688,0.08346123000394418,0.050746309861329005,0.03406944898333165,-0.007658860258565265,-0.0927570980160156,0.011730794724060238,-0.022124881315068123,-0.004739855250172163
FINANCE,0.2735491058271568,-0.1580663909988512,-0.006658434907648626,0.03729505883820775,-0.17937456511063324,0.16962221232073374,0.3694126681973096,0.07617991535684497,-0.32449939462072364,0.4970809683942801,-0.024957955679564613,0.09741344730886796,-0.08894415255140053,0.07289767067428553,-0.02509146862412574,-0.09333124140603043,0.02962304837035215,-0.07867790205615374,-0.0859199954589111,0.008302037105287149,0.023478722082386314,-0.01465081843502704,-0.047710488247796314,0.02018379895934031,0.000975329815558934,0.013451642038407189,-0.039128055570051744,-0.01832873381180598,-0.0516818155972966,0.009544814972398922,0.0026511843166388215,-0.04031144079688034,-0.0016350130294155733,0.016714148393991518,0.016525173194596784,0.0041324406140788635,0.029954290681558995,-0.016594529622607542,-0.0027612015962045332,0.005706069182087464,0.0059302959295514735,-0.039351660067763757,-0.004431928739112739,-0.012866127406614221,0.012716500686437055,-0.040200796339085076,-0.02346180045635044,-0.008583105479690578,-0.01945026009953845,0.024709271317170163
FINANCE,0.06372020179385006,-0.037028501286958504,0.021640484451527598,-0.06015230509864759,-0.03261323037696424,-0.004882377169580239,0.05361960931114789,0.022724602376748403,-0.052531522466698614,-0.06532372894889081,-0.011923082759311044,0.023031312180242406,0.050036228915438255,-0.055629641201668106,0.016149994119948025,0.02370786975230845,-0.04480172482743306,-0.0634505474911709,-0.015750386975979032,-0.0106524704149124,0.05210287326768014,-0.01492417212024969,0.016422873953176063,-0.06507068338979212,-0.013641194663617635,-0.020799401993027735,0.08285246547940193,-0.005644294210592877,0.11345187950633144,-0.03451190033991576,-0.00788655665953573,0.0019523611386635328,0.02762272464601827,-0.03526658171742021,-0.01411506392808278,0.09142955605362166,0.04930514426092535,0.03977047033244662,-0.004226929059464749,-0.09693875166597724,0.1768728222609249,-0.0655387113625566,0.20359223704163074,0.2304073504135845,-0.02281087376453046,-0.04680208416636272,-0.026488213125076626,0.15797349638873065,-0.09782020941320967,-0.23042842816042386
FINANCE,0.08670124691459426,-0.047224841717650255,0.01308317407579325,-0.05393998188251719,-0.05742433372802617,-0.045457511232116554,-0.011923042694599081,0.014165971520240218,-0.014076665156662843,-0.06398958809865543,0.002922982603119024,-0.02709929119458496,-0.11726153391974184,-0.3395406184774101,0.5572751937984644,-0.17964667246816288,0.28219605364893313,0.19049192665107104,-0.042885475338901184,-0.024651161028992924,0.10338085548918491,0.13232079388931012,-0.09583865977813913,0.011613709131850848,0.13671397519640655,0.003771481839985421,0.0061070461834157,0.023491679071086412,0.021456029032045843,-0.09517590963373765,-0.016035735316506285,-0.019904579289494944,0.024101307075171774,-0.06734159761070184,-0.05984533586141119,-0.0041973287629532025,0.008638388628600757,-0.01786422945361855,-0.007045522333180308,-0.011363885059671733,-0.055171504230827534,0.021336966316980392,0.012022110219803386,-0.061392465224512534,-0.018520230604809833,-0.009451022654800464,0.03914170486190878,-0.03868379383909431,-0.03480263266068445,0.03340715630257562
FINANCE,0.0706023951947421,-0.04897437503947607,0.017913041102800682,-0.10804770275648029,-0.11939028394517547,0.005144654250177228,0.12196257003758587,0.05110251999081658,-0.04940399511465487,0.051671042263996145,0.0319480383051094,-0.12702154790853729,0.39930795103541916,-0.09072323364951562,0.13554588141134777,0.29138393965673887,-0.2629332337654448,0.25011214146405253,0.19122587762653837,-0.02123522232363024,-0.010039949820923329,0.07298886393810675,0.07166756894970663,-0.021553122483478255,-0.056296196868023465,0.057669924374827215,-0.0449375547473046,-0.06525019751682201,0.02681976795256041,-0.04810107576456832,-0.011037544461698662,0.045067548038977466,0.049548747489292236,-0.008737684829308189,0.00512441549496197,0.04831207377252774,0.06844272688722221,0.07799274694243652,-0.028857646741286384,-0.04729788418617039,-0.021573394050950816,-0.06448215410633502,0.05909212929902256,0.03339683007011938,-0.03921684131612714,-0.08317959180555917,0.016867334804600974,0.0017997471167246317,-0.07083503801899357,0.03359395780561125
FINANCE,0.03853401287843683,-0.04569385345147968,0.01800481033610107,-0.07952197219962921,-0.06630804386506162,-0.13076921411199272,0.07404413948889514,0.0015673373349468316,-0.06321108761184072,-0.01749048803090657,0.07244244591060664,-0.04361705342093781,-0.022514989438363303,-0.19299466195668355,-0.5150421068602568,-0.13018432466223,0.4711362711840538,0.2814272112089403,0.3706355756314068,-0.005171507264510126,0.06579406914401334,-0.0014726876741330277,0.008456136530661811,-0.05900673376602128,0.007038526153215794,0.10792133243783375,-0.011980593365429688,-0.11512882781906103,-0.01705395809024835,-0.07011475264530541,-0.05391421167106549,0.0766708161452785,0.003999032997594978,0.04264241499408959,-0.012804259470215434,-0.0342156152403424,-0.021944292998530606,0.0459923719999645,0.020448856648314886,0.0059564882877488215,-0.03419263631942211,-0.004668971789148126,-0.005780101594553225,0.01844970226152378,0.014041723903102701,-0.00643533527347902,-0.01294438910072768,-0.019484451397802728,0.04323348236589211,-0.003916804066973093
FINANCE,0.3990616854814749,-0.2126314783259187,-0.025704391945145063,0.2560794005228978,-0.11061155914466167,0.14531282913081883,0.2200548650564181,0.06228878496061946,-0.15716566355082154,0.2961607197759516,0.000982610740266983,0.029483947442363694,-0.05382354559624236,0.02618076767260108,0.003363170690895214,-0.03914482451851922,-0.02785722654914138,-0.020222419848278893,-0.031753595349956094,0.0034347127612662947,0.003549064485980004,0.009546370149631654,-0.029541568871422834,0.0197530745394693,0.004750619184759721,0.017520683184739955,-0.04253914103394615,-0.006777528097115477,-0.0325847698069772,-0.025199115715649357,-0.005089614363205913,-0.04702498266815653,0.003060325749987367,-0.02899380684200163,-0.01364431025300442,0.010571432416029123,0.019784596450724886,0.0037058597533901863,-0.010408936696004612,-0.041771655299062745,-0.06542381711254247,-0.021455883034147513,0.026437211569474567,0.019868252097897932,-0.02409427836799846,-0.04614384161478481,0.018350375728019876,0.05180086354429878,-0.027478317150958605,0.0239896014942304
FINANCE,0.2107088097758432,-0.12427112896708295,-0.014431754408932584,0.014307120015087093,-0.23481905309939413,0.1227379801249302,0.40437650383146717,0.07760069250654893,-0.40175399313076443,0.5116094683448656,-0.034457014246697476,0.13072525753340816,-0.09399468182388722,0.05803532646509441,-0.04207557921422313,-0.08908897716128084,0.042763973710896706,-0.10501481648002249,-0.08089989687633643,-0.005501613378877485,0.010667441876500549,-0.02302648701128717,-0.021813633035364807,-0.00414346948555018,0.006325842384991858,0.03974522705437026,-0.03974091132986099,0.015604836663920133,-0.018157272243954723,0.005581797708129359,0.014819911240776255,-0.018850666130512454,0.006299670794735568,-0.009563698118066783,0.028101932451430087,0.008932762449550193,0.014093430266637801,0.0010015475858660946,-0.013416597300368711,-0.03420597144159269,-0.011247477418824864,-0.04853068181058797,-0.006635635845623642,-0.016831264633174567,0.01463137183476036,-0.041942824189781965,0.03507999467185138,-0.023757693638413787,0.02334778535571502,0.025191054875692488
FINANCE,0.045489419320440067,-0.04507689187452678,0.016020532847769903,-0.08545644636241236,-0.06403538953293791,-0.12697701847268825,0.06799560646086036,-0.006304094375713466,-0.05899593713645383,-0.017899996524912528,0.06830764577405463,-0.05250598127776731,-0.02477785133655613,-0.19139177590013814,-0.5213961272196834,-0.1258308475926277,0.4728823806524565,0.2845652614101181,0.3681978009706982,-0.014623041378933029,0.059543600898410806,0.0013837005121456463,0.009120972467739446,-0.04149247654986113,0.007557702457382068,0.09898762229205244,-0.019479606406742393,-0.11667985465894394,-0.032656029670490624,-0.07127849321069953,-0.04981164591372008,0.07673443585584952,0.013905523513173704,0.04312952954410771,-0.02660986638905839,-0.03243271738800038,-0.021266561587322246,0.025810171495876853,0.021996234143110045,0.01969530650171868,-0.04159523588028508,0.013423959401130102,0.004626425366848622,0.015159707495424982,0.009319089379663439,-0.005580648907549631,-0.024325256608796968,-0.022793340843503516,0.03471413566777825,-0.004533870730457749
FINANCE,0.025704331660321,-0.018031679815697362,0.031698896038392904,-0.06638402393072255,0.002756894741160307,-0.026184173832795813,-0.052842793155255544,0.07807341848767968,-0.010713589313242329,0.02252321545150784,0.0029409730688813736,-0.015107819470990776,0.03225460516582375,-0.0522089831142663,0.03296721558885706,0.014773429253139982,-0.010237334420258534,0.0022012462336112714,0.005766923207374455,0.01328732088560772,-0.012016173682148234,-0.007970563444217713,0.03958118662825539,-0.024002853102147254,-0.022277920990736295,-0.06066221194386801,-0.028359439883216507,0.03195218355372419,-0.005037014425559792,0.007406982609594189,0.024456856033951535,0.0338010940562406,-0.16759034930305314,0.1463975275059427,0.05405650197843115,-0.0449753590152352,0.0018070055815493007,0.08069627796100151,0.13529728874298902,0.025251212017922083,0.05586253549571377,-0.051688514760923045,-0.10796810767393733,0.07338979530792189,-0.033613465434863474,-0.15358595700658306,0.11291563113759535,0.20728070241472032,0.15257554988398114,0.017425145437882143
FINANCE,0.07442835073889202,-0.03697180883464633,0.012721002533501505,-0.05164241476890319,-0.023641643684874945,-0.03155368842789677,-0.011455787102126502,0.026004856479614466,0.018630451032997916,-0.02483021265543486,-0.025464281816763253,-0.01907714142446763,-0.10174199284667655,-0.27114288128858793,0.48036334113363394,-0.14126854867819374,0.2428624642234431,0.15892470139424397,-0.02978353534116378,-0.002293878683319545,0.09176267376274638,0.1038839964919341,-0.09076873151688304,-0.024165041329808443,0.13245010517444653,0.008365243823444713,0.0493847211046005,0.024321398528325204,0.008976219073427548,-0.0926335125762723,-0.10467681327938891,-0.007623424458993297,0.02455952933614123,-0.01774203192593283,-0.005426491183161396,0.01136970622159917,-0.039370055083626725,0.018033569403778354,0.01804022286448306,-0.024011488319836693,-0.05362376965568784,0.0261459015511774,-0.002608468347488941,-0.020001639638581387,-0.04054620128251103,-0.035824849978478394,0.0416376838479757,0.08528311609985238,0.04583397716877969,-0.005340163838360149
FINANCE,0.05783363027860871,-0.017370547043011424,0.007637921365361839,-0.11187327852445975,-0.033690666474166533,-0.03259688942259391,-0.08269939170163533,-0.04883108908462066,-0.19487448895970375,0.02687895116867936,0.02959722240347628,-0.16586280088316124,-0.12088827185223833,0.07417684845680436,0.04745096157637352,0.016605833283165044,-0.029752903169763156,-0.019301540269017814,0.013245804667975106,-0.067834192753406,-0.20334083551664406,-0.017505376666738744,-0.0487297915339754,0.036004651049925396,0.051401178236033955,-0.0043061766630759415,0.04554622485801636,0.009042298671592014,-0.03452127900115099,-0.006667238656390299,-0.027267493265612727,0.17969289822328163,-0.11846747546537394,0.08240357839290648,0.07241084960214045,-0.19683919142574552,-0.2330313417763014,-0.01752256073494126,0.08313325254111864,-0.19534596173132318,0.03970581548502731,-0.07927290102569719,0.026309072915471337,-0.012778990411505495,-0.040379602174303274,-0.03800389222812014,0.019172326613835063,0.02120551465103559,-0.2056070737820519,0.07634846844915522
FINANCE,0.057754901190968946,-0.07888050504053985,0.04821060370810552,-0.24317250951861438,0.5564169211232074,-0.048104572421419224,0.30918848197492094,0.08079436368157991,-0.02098168548557237,-0.0813576508297218,0.024155187392839974,-0.054617779245996305,0.08698779592527293,0.05882031567500384,0.01184406531019817,-0.022311371941043993,0.026400062201057933,-0.0272095318582714,-0.008102906589615221,0.01250874042869655,-0.02385198136888138,-0.014714654517962977,-0.037862343600933164,0.03937097059994528,-0.04764619082623978,-0.06472068123438614,0.013320581867725848,0.05742024464728717,0.01173994469124588,0.02738824410946049,0.015562896146683556,-0.055079335620387124,0.05932346985704,-0.0340615143878797,0.04289553219069176,0.05836438444022817,-0.01285919761238938,0.05681993480818468,-0.013891333797593714,-0.07001664456228324,-0.11608047857491682,-0.10368474848625703,0.007262299665500903,-0.00600424556717592,-0.08549666686485882,-0.030220629830910742,0.12213647013395115,-0.030891247657388165,-0.012457898621061456,-0.005646328164340801
FINANCE,0.15582492866093658,-0.08851703290767872,0.016766444488349186,-0.16046071687592378,0.22707122495089663,0.1956449559197526,0.06723279338582486,-0.013732534033419353,0.07943978708361789,-0.0024329895485208533,-0.06881204096099225,0.15131580093012584,-0.2707820277984956,-0.1150132010733289,-0.04438935906411092,0.0948280133879655,-0.16193392887856087,0.02221913372651207,0.1026149838389451,0.01031764205652408,-0.06655841276272029,0.01913003430037773,0.20414241489860316,-0.021410471277659007,0.06974997983988557,-0.026480141707715125,-0.052550730307979035,0.017174419693097912,0.03982279375851729,-0.0707011782236665,-0.014858125154054639,0.0711789373564402,0.06664987604596877,-0.017687989210288902,-0.054725987312805174,-0.022913509984459388,0.05145954486378767,-0.045777748485110466,0.027805112193984148,0.09891975074059457,0.06243906969595255,0.0882356005011986,-0.008696391461219989,-0.1291734565365287,-0.030369334883007065,0.031040992555278472,-0.030673145175268698,0.020280127428853354,0.008017186413664225,-0.015282205078167018
FINANCE,0.042908514155778114,-0.04866691455348262,0.026617805097214068,-0.1354842449945766,0.08980967150685748,-0.055850462855791976,-0.017808255425418435,-0.0017591304931828286,-0.07694120073097917,-0.0383485245544265,0.05876340664467308,-0.12340249088475352,0.021514143779338715,-0.029415139798216784,-0.09312501046387894,0.05102862163376093,0.08391774416060689,0.026272838999054957,0.03798341659071258,-0.02013694702901212,-0.08548170935897081,0.0004976003300196314,0.020981940056475433,0.1224729842344737,-0.09867663243170602,-0.211863271849702,-0.04738562684959615,0.20291749282734797,0.03177317341813924,0.010468824813772756,-0.022276731567217063,-0.21907815810465275,0.11423771668465409,-0.17407047641733356,0.08249572366687233,0.1719840355763692,0.10201109710502403,0.15878158977087076,0.004509926689331387,-0.18086658771463737,-0.10486018123601355,-0.18736728483579185,-0.0320397318851335,-0.07221585103202043,-0.15487377829545224,-0.07364012375252967,0.1382402000672681,-0.05589408060108636,-0.06745963272984035,0.036609206710253236
FINANCE,0.06050224548719114,-0.012535059905230104,0.004278690705845246,-0.09515096684930352,0.04844634958724599,0.016566470226014117,-0.16746654658171406,-0.01748731568182862,-0.0011317129975591989,0.07045495790413439,-0.07871711993005281,0.14777900063994096,0.07063399912664121,-0.07127049192917481,0.039824964445289435,-0.10442731514979905,-0.014534212500618409,-0.012479028408389872,-0.036376665752706656,-0.023827926279035325,-0.007690132345465988,-0.017146159523756616,0.01314618551714902,-0.011918850026929124,0.015532216377317155,-0.05782478062816801,-0.010867165219066078,0.04033392348700405,0.009245287932695004,0.006623168973603013,-0.07898118999572135,0.0022450786282884445,-0.07944695904146737,0.11103261881706125,0.09421956675131787,-0.018552852968602825,0.0036941809196468596,0.05673296600660904,0.011801590081601,0.05749432377625434,0.037810699721068555,0.07718839918872603,-0.10025421887799628,0.11924346162443887,-0.1416945771635736,-0.11433494856625863,-0.048879488187783204,0.3077307953675819,0.1045250056877154,-0.04624202125381531
FINANCE,0.07067331721429077,0.0009402727386997894,-0.013438939055829723,-0.16404093536960448,0.20042496443038113,0.03326450958144934,-0.40496969882577627,-0.20654218814232575,0.0015543795693222899,0.2530028025818389,-0.20850881149686276,0.45581936725294264,0.29033009501554785,-0.03428460405887554,-0.07480034478051596,-0.1334551478145208,-0.00482507094990695,0.023045954131774293,-0.020228017817454206,-0.08742848497578638,-0.010909215087069548,0.11014760620281316,0.02632710795853372,0.2426180559638757,0.131203741756784,-0.0060426882500436855,-0.015783863513570737,-0.005163486715632011,0.014448644998522985,-0.028958077226327594,0.026598005837128177,-0.014563874500209748,0.09688921575711443,0.025402957706189853,0.0006354468684326576,0.01933443498722454,-0.13731523532312048,-0.02185271690348531,-0.008939377949146543,-0.029329485094636953,-0.10218882665313665,-0.08991337749354565,-0.017104623368290026,0.11747453043469791,-0.006224462461200025,-0.031844092556044014,0.0218337988717962,-0.014255980677366506,-0.029333086889977218,-0.0243810899643802
FINANCE,0.03431850968982626,-0.03596465156200813,0.047141426912990586,-0.09796047745186238,0.04406446435603783,-0.010024715364562084,-0.19319580143875414,-0.08176085494941299,-0.06802662446112011,0.0954233636338667,0.024099672374972732,-0.09618257504132165,-0.05310297555154719,0.15103819579656866,-0.006740473641825088,-0.08266439048805588,-0.06575794079894291,0.011616240599082851,0.003513450564965041,0.2615939271700756,0.6011925466138506,0.13587830553002925,0.33640525031715784,-0.19508580279763515,-0.09566383084049097,-0.1857444604387093,-0.0028481562665021326,0.11916547710055718,-0.16448301558669362,-0.003187798569371218,0.10527350349876918,0.053944082726219596,-0.0167065355286062,-0.008914230100296476,-0.03280204606083027,-0.06782213089541862,-0.040863558502926396,-0.009226170367406698,-0.03641828843890218,-0.09009991689966274,-0.07446280903156606,-0.02315216020286895,0.07259065478647216,-0.02296732102576102,-0.004197926344774801,0.022242100236552726,-0.020516591368797972,0.002158462362845908,-0.039732118041148935,-0.002470801586220174
FINANCE,0.09530219681211709,-0.06712357312637617,0.01920472097538515,-0.10265488280632512,-0.1620816981872068,0.06248065468247505,0.14019831979453998,0.05869774201172433,-0.034227685156837516,0.11793138876511232,0.03301862001672044,-0.13175616131695086,0.4251520280701935,-0.06185916537522837,0.15061718883737205,0.3003549838128237,-0.26691619760576585,0.2573038021839612,0.19966387802036956,0.0065141838781072004,0.01562590996914509,0.05976662316652996,0.048071410238433185,0.014401158125223365,-0.004426759347549503,0.06252754641622141,-0.0360986949993492,-0.09971874064367811,-0.005034181080030283,-0.045423538539994465,-0.008871819496917559,0.05045276381698297,0.041721778726769,0.01410172421171796,-0.03443105673017323,0.030588426524969684,0.04164505848614138,0.03039881670612494,0.03741583432391035,0.01852716519941963,-0.02247390332197971,0.0335343067029521,-0.0032572245650292,-0.05033889755143804,-0.025089507998339523,0.0048585220387575775,0.04249516295293871,0.014280212057715708,0.04575599827030998,0.01302815710551396
FINANCE,0.042362418149266515,-0.05735586607013473,0.03345519989606133,-0.16729669026120328,0.09911141348282348,-0.08529340058447815,-0.3388371737320221,-0.13817900921891352,-0.20609352880147705,0.1273621042271535,0.09015333375994848,-0.3159826819709014,-0.2108539544698268,0.2911351798374083,0.026159681410029282,0.02535839639717849,-0.08302371075859889,0.02666831948606831,0.03237178143646335,0.1291542882219256,0.022439191746495345,-0.037627586502046104,-0.10657673958787157,-0.11560958920947224,0.1819089510927613,0.19823108866899986,0.07660501388177572,-0.08632054857631559,0.17579187201778432,-0.08286542374148033,-0.08083135939114885,-0.046442311628524885,0.0050291740909826615,-0.035864809267888764,-0.0029092082747133193,0.05746467558239981,0.03434659112722439,0.08125273281616034,-0.017551737753984106,0.053971897453754,-0.02449892874287126,-0.031071446032651807,-0.11132493564420043,0.054831349697421435,0.027550844848560983,-0.0590098266370308,0.034682314524385666,0.012756483375832645,0.10720770237830562,-0.03124384002254763
FINANCE,0.13144650618548745,-0.053204246529021997,-0.0013932879556184474,-0.05754429542448429,-0.22256481677858952,-0.08315208554462569,0.07795089162125005,-0.03386922706288879,-0.42803934808197064,-0.537390026090345,-0.1587896486989874,0.2764850664507969,0.006808877575099891,0.11838283228654291,0.0019698367278135065,-0.025988963903794817,-0.06761008944237101,-0.007137899466798649,0.023270639264392975,0.07048565822424084,0.05951832797671628,-0.007988816051135097,-0.04864362786352489,-0.013247948508336745,0.041213652181028265,0.024265723092534844,-0.015865731238353553,0.011087306273391573,-0.011446013935988646,-0.02194935377011085,-0.0268051900885764,0.0035805545499137358,0.006826528792428101,-0.01112424970558226,-0.0046975765904192284,0.014397713349519711,-0.016289234628332663,-8.91136264715932e-05,0.005449870853340118,0.01634764603751404,-0.022827895890007922,-0.002614992801164951,-0.02910070022578778,-0.019611048665284545,0.003793088086809977,-0.029609400572343954,-0.0015234860335139248,-0.016195146024675273,0.02118392137432635,0.013910801257706837
FINANCE,0.09362173230988806,-0.04905611652580361,0.02324705433386631,-0.17250296551147198,0.10274777737272413,-0.05870531372334068,-0.28373407753700647,-0.1617390585023697,-0.22316676769283494,0.04962377815438782,0.03360559212453087,-0.22295468699461726,-0.15878923782276388,0.16376285143889266,-0.043110408104171584,0.073611943137858,-0.013028348008468136,0.07628264062983059,0.026192376575434866,-0.07836164901252897,-0.08561626271335364,0.03845786733012686,-0.12386700470326155,0.11017952057173103,0.03312204625219788,-0.005102729245620205,-0.11194993428915492,-0.035331642059016455,-0.05072358797529956,0.029300426477784827,-0.0028718398510064144,-0.09758146729174513,0.11813342571805989,-0.04203838668576365,-0.08408865566809266,0.09630395604386044,0.1386457693756544,-0.08656196709606205,0.011539456325423306,0.09190717540909228,0.026239592670365647,0.1472511610615115,0.047932134078523175,-0.06016804935210018,-0.0333209898453584,0.15540352860293713,0.001228477961530604,0.00501580854875579,-0.06864373481162317,-0.007001840812260499
FINANCE,0.07384481486768318,-0.05245923844773161,0.02044643777177763,-0.09764598538532199,-0.07222796841199455,-0.04198600456324774,-0.009135395922614902,-0.022711035381087295,-0.09411524490022095,-0.13597723330638756,-0.03553844027930284,0.002432777448197178,-0.1453200052406828,-0.04156752396449441,0.056992375166574565,0.08076856708603428,-0.008261557499701188,0.030591231904890697,0.04002576928103187,-0.007198639775855923,-0.08426263100393887,-0.04072713949017278,0.07871539205159366,0.0792774839340903,-0.09419015162945901,-0.0669430520661707,0.033082645875589324,-0.059354361868662074,-0.22897311732586706,0.1516618063501545,0.058678857751754264,0.08193074937237398,0.14697934726554376,0.17966178880161604,-0.02130321994088838,-0.0011360378590519224,-0.11477780388987954,-0.04594584563082523,-0.026358614111171477,-0.032383540052106724,0.11006223094215536,-0.08943340082273953,-0.23405781096634926,0.0037077241184995642,0.018203279953562825,0.07862639212233628,-0.03914156933933306,0.029994395499859442,0.09507531558975175,0.04187450897924682
FINANCE,0.014349136597400784,-0.04265383753184975,0.056118231148559676,-0.12551902201125123,0.04668679589595537,-0.003217058671560995,-0.1918695847203452,-0.09151050972076401,0.027034631792546265,0.07279555937636009,-0.03308899553890977,0.08718118246910772,0.12217903881503546,-0.21071429025545624,0.053866800000727216,-0.08447912428209071,-0.026528067106986526,-0.14191168155550324,0.0219501194300446,0.25059762401832025,-0.07192467528793603,-0.4373195404544064,-0.3005632937678543,-0.2670614324099918,-0.15511712508099304,-0.04793743796663589,-0.15066035101757647,0.018503195331939778,-0.15923208453859108,-0.08905976921478206,-0.11793702051994988,0.08141216786401571,-0.07582633843557858,-0.03819564504693303,-0.04169556562725094,-0.07544682127308526,0.04043884444781389,0.091854464775039,0.01695681731476022,-0.12842325542989733,-0.0035962936135157148,0.06100001533235715,0.029030757369916237,-0.12347681133042772,0.005819622224382715,0.007907267069129404,0.049267071396853726,-0.0705424762029961,0.03998601506785093,0.01971766401787852
FINANCE,0.0002570571340340751,-0.022851515734112947,0.019547443384347007,-0.0691421941462697,-0.0512938898730527,-0.05917595677419783,0.003132988692786556,0.011871062743569473,-0.035882446926138956,-0.04871552149764199,0.03253702574356777,-0.030389182779173688,0.030142523250894466,-0.07651652636635842,-0.1543045188413884,-0.03119976340469081,0.10779988225083972,0.06558294855634496,0.08565642447044229,-0.005353211228612686,-0.004807232152088196,0.01977311627036381,-0.012982368650524816,-0.02579656954271463,-0.04322561711978797,-0.013423815999433823,-0.006242009481206923,0.005035505349029993,0.01077984576779441,0.04244423193272277,-0.015123542310773664,-0.028449039292423667,-0.026430547918178563,0.08124888116797165,-0.043813496906944416,-0.03459280141653149,0.0024592618425006057,0.050668680847738186,0.026135856484261154,-0.02772262139067062,0.04656745489658784,-0.1533094183378115,0.1438274994848356,-0.00013166115523399014,-0.01951649551919235,0.0331223817745343,0.06531194845319056,0.052188945829078875,-0.03254140346057859,0.0043969890674223685
FINANCE,0.16221951312563254,-0.09432857076585684,0.02106559738281804,-0.057276358910430786,-0.02403199949802748,0.2585626974810815,-0.026209232098087638,-0.016985497027199047,0.14266217412891463,-0.0616914308815158,-0.04361958199843735,0.11167352259422278,-0.39149359882569074,-0.1588905278737212,0.011433307164820784,0.1887513423033056,-0.07526687464785375,0.054202598236665435,0.07934392434332112,0.04591594902323212,-0.02397681111095224,-0.01092146261374441,0.08425828229871726,0.002435823091803363,-0.06919840891741894,0.05458672752933413,0.04022408407684599,-0.10328179901751608,-0.10653877303707573,0.08314195000751023,0.04668134955261523,-0.05938994345740747,0.09296669111526205,0.01080005943581545,-0.00262665400935583,0.05939921434284945,-0.0010727789463529436,-0.02561149118746664,-0.030895275292632123,0.0005129144685585926,-0.07142950486285106,-0.11513429696178731,-0.055923871995041494,0.03387015057649639,-0.05022388376813028,-0.0038591832227336752,0.00767538880304494,0.023622343699615835,-0.047845075490435096,-0.01829232153775899
FINANCE,0.1459105451820079,-0.058325906698384125,-0.0033412423602191803,-0.03614856409739642,-0.21302186986371205,-0.08029225511136638,0.08085274706447422,-0.034827026251760256,-0.43053766170445884,-0.6233744819048113,-0.1758434593956863,0.32140190820797315,0.02098045236870158,0.13552876359113347,-0.011426239673692464,-0.015223275531083814,-0.10166794658590121,-0.014858744834385882,0.024359942767642688,0.07755482731109879,0.08160243749630476,-0.0038785526336841424,-0.06923826558171997,-0.029249702750565692,0.05399869302023273,0.061844350820277276,-0.004257988020030773,-0.007829331879950949,0.0033118040627815796,-0.02006173669668882,-0.015996714441395183,-0.023742527507181237,-0.0014366841240139022,-0.03201018607820065,-0.0064599446202676155,0.035291665746406645,0.019796084604078133,0.002933769065698057,0.021569159661212752,0.015235895613714415,-0.031639630388068204,-0.00417685622759857,0.01972575402167451,-0.0042401412134520896,-0.007295035782771045,-0.03773682647435011,0.0249149391653905,-0.01756629439951336,-0.020382553709536844,0.014313800336340714
FINANCE,0.10843346985789783,-0.09892484403145294,0.05857080570409211,-0.28119813253284953,0.7239326803227882,-0.053381863726424846,0.42912779090798125,0.1018884511002662,0.00022689926235492066,-0.08799263037713319,-0.009518861781501983,-0.04015507636424141,0.05013671901359002,0.0977735295789038,0.03996468684148817,-0.06569926658248436,0.01097231682346391,-0.01023590000554728,-0.012777880566944677,0.015922185344994167,0.00989920132242347,-0.0193370580771876,-0.049832868318755316,-0.011200488355806944,-0.008644798155902952,0.026758158877115124,0.010879299232326887,-0.050381799923351525,-0.027188679486094363,0.014836213466140584,0.01165095432965521,0.043351765828097785,-0.0018493571408463166,0.031721618134756775,-0.029072153987525644,-0.013998951427981082,-0.044566206457622035,-0.014855509237486157,0.007829257045965073,0.004878593638887916,-0.013951864809831214,0.01581659424604836,0.01128678984871974,0.012305621503276203,0.009815618702122324,-0.004016319680027909,-0.011628513201087085,0.019265889040326514,0.02399512304440386,0.00086332666863298
FINANCE,0.47052657716855045,-0.22547477559356058,-0.059267326073141356,0.6009499834952997,0.09750968243430083,-0.1267188088069077,-0.0286295473883003,0.038804588788674814,0.05194695045490617,0.014086484982935911,0.03426817668383329,-0.04859473760832052,0.06683449989176422,0.010627757401742158,-0.000918790624754978,-0.03769461665032531,-0.012801721834852394,-0.01296305769574749,0.00792283567536727,0.0038603790211091545,-0.017054325859620627,-0.018814645899939832,-0.00633365984976805,-0.029923307533325245,0.009008733139039942,0.008606117576184204,0.01903589900494292,0.03017335352366302,0.06296789599928243,-0.018817795583153375,-0.006167186986619002,0.032155783787448565,0.001685015260758274,0.0013127875276449878,0.013251575043632979,-0.013850622878379841,-0.05137739809855994,0.03979860365814593,0.010292119262341094,-0.012169891840921562,0.008003219348624116,0.015999191534890454,-0.08673263193573112,0.0064731949184666454,0.006315714366600002,0.04447410088205448,0.029682846948149377,0.009505488166661063,-0.0038391260307389995,-0.006220228037384962
FINANCE,0.016060675878479546,-0.004506382740592304,0.006795759547623039,-0.08270099585636352,-0.07445852962409755,-0.10899540775426284,0.02889937641612056,-0.009389817980568186,0.049146845545866055,0.0003848951608092659,0.011431009582450283,-0.05971098583981774,0.014479170161227305,-0.09145908944804979,-0.14778476412905145,-0.012441545733468293,-0.040374324910255416,0.04366153704912993,-0.08433112885812583,-0.011017480633022629,-0.02182229544316034,0.004971287929086617,-0.014238743038328897,-0.026032063910826242,0.07281127965117563,-0.006790546037927259,0.04540957666735548,0.020954280553708505,-0.02685286898379117,0.06037416077427788,0.0004927987019701799,-0.012863663098020697,-0.06037765352064277,0.042693917219718026,-0.057145255282891584,-0.09439331489699108,-0.0524879925145033,-0.09925167756164238,-0.05399362092204661,0.06054183056462109,-0.019412826513165306,-0.017500598818764986,-0.0759260184934751,0.08275603287899533,-0.033436127361915514,0.05278842429007275,0.05794086819678095,0.007945160728791067,-0.032722449844092026,0.07746860655449442
FINANCE,0.03858310820810841,-0.017353257934986113,0.0030070396805833,-0.06314190843341322,-0.03891758659278737,-0.04173453370744379,0.024508098955492674,-0.006007365246806921,-0.01946640895027881,-0.02356881827166606,-0.008014856759177172,0.00129207860806771,-0.013925656576500656,-0.038042293649946254,0.054067591091012245,0.01992964532544928,0.03267800014383633,-0.01624165969353616,-0.015843882643910626,0.030403468861527557,0.009028786126988278,0.03367466303007828,0.022449934308149812,0.004537212630507929,-0.0062653985013003295,-0.01458244211892323,-0.03828484900625643,-0.05453135946336226,0.04666819727594559,0.05778591610948118,0.0626269457917853,0.010513567086363005,-0.01171215153492406,0.053664632783771156,0.06195521935558358,-0.061533433327546724,0.1035426952690297,-0.043920481769606744,-0.11686279471154395,0.11644115405556216,0.22023235295885912,-0.041580525970024984,0.003789957409625547,0.10697383432250161,0.004415809484565474,0.32032134153044534,0.29400432894565454,-0.0608485730783059,-0.22507302591292655,0.057723170806352794
FINANCE,0.07149210057575504,-0.048075761134691815,0.014061163728739744,-0.08089110127774635,-0.002652766243321952,-0.01568382762030832,-0.02359695868994527,-0.019505216520904967,-0.04405095333788883,-0.0043063866728734815,-0.018944089850195786,0.03258687099761916,-0.061801365629946696,-0.06029322455729241,0.07022932806096398,0.030084139699441726,0.022020377024792575,0.033216255972686834,0.008023592924549676,0.0082926913025117,0.03245476216402146,0.02937496679111805,0.05508187940092311,0.027411769053096075,-0.03534059236132127,0.023930383428138736,0.004806294883928444,-0.12467752468543185,-0.12859639638150067,0.11940582168019777,0.049687808552016974,-0.010933209525864105,-0.011672682432708248,0.15503838788909166,0.10536358961546127,-0.0044952143736892184,0.1389139867776391,-0.030872702059941068,-0.02449511306796446,0.15358011867707286,0.33111208644495854,-0.04176014148456008,-0.04147973791785879,0.05668500294018243,0.02440841068193925,0.11075532990057273,0.12593817187769862,-0.05602336955874998,-0.1616985077369322,0.13315079417004688
FINANCE,0.011950533295946935,-0.022655202732596108,0.012223677011929501,-0.06799694656192506,-0.03254311134423192,-0.033231687514717514,-0.014486408644394986,0.010761461595872093,-0.012240170022787952,0.009867870037212852,0.04002324746010581,0.003910799288025455,0.03164249984613837,-0.03005339637751885,0.002753948159384972,-0.03242543877345637,-0.015573353410627669,-0.04964879949549551,-0.018084741797884118,-0.030354842165494826,-0.03724766307264057,0.025301386258056467,0.016813324997480297,-0.0011459898919048458,-0.06526274962814543,-0.030599165265860883,0.07488100009057942,0.0598536196582594,0.0026314405993993636,-0.02352484532447807,0.016077474366585836,0.04038108755426839,-0.11034854810384324,-0.03127826103478751,0.06851948992194502,-0.05616140066638775,0.007100455255967238,0.04674219559017999,0.027027178627599534,0.15716529756281106,0.14639171793754607,0.026620712745970398,0.08957266641415522,0.08937893006786754,0.03466055743477007,-0.06904807097143457,0.0870294715228914,-0.2625407301778172,0.27735110951800823,-0.19735828499053262
FINANCE,0.03988128994227571,-0.02727338955218478,0.006111858775993043,-0.06970986602301144,-0.06125261228986159,-0.03796103331683056,-0.019697808039756643,0.0027456973489304627,-0.06480410936961456,0.01577881502518504,0.05664919941729314,-0.03385022336816243,-0.04793959584888319,-0.021155556031819844,0.012076893185753716,-0.05616112756517146,-0.015476707597809482,-0.04147830959774949,-0.035680666886500845,-0.06664433454242068,-0.0387192699440257,0.017762064834080268,0.07222754528655231,0.068451694543614,-0.1348584175995721,-0.05452627064558895,-0.05996222000163515,0.06948143098803314,-0.016168660155667574,0.005140545609597679,0.06487448414807073,0.03999439221211182,-0.039454584084925394,-0.08339927556801056,0.05206033218228788,-0.03333823174408458,-0.059423173400195275,0.14661025025037855,0.08881380031763438,0.17121719438570024,0.10799995859277405,0.18778109723662065,0.06788252804973316,0.1994072667136659,0.18194383594838562,-0.10370056771850761,0.10499297936904717,-0.12573458709266883,0.06812039890631771,-0.09912659580512699
FINANCE,0.05558080940120091,0.03506708474946665,-0.022251911138252277,0.00964289680155174,0.009269487647433164,-0.005274255608104282,-0.00540670498777505,-0.032279734332672526,0.06436136653329659,-0.0019593151916035057,-0.03524775024448455,0.02700993854660338,-0.06305033753971499,-0.020120299673449756,0.038988867307274404,0.07988623184669522,0.034864210382624036,-0.03758672537271259,0.032311899303671315,-0.0599989055158821,0.0020072168092524203,0.012698083942848933,-0.01997355484127826,-0.0643344746042897,-0.08481625823311083,0.13295625214577678,0.19357629051795294,0.0951019763963362,-0.09005931156149105,0.11290971527762196,0.043459574621992375,0.006262199872466632,-0.06319434065419118,0.013572742790348168,0.07182852747363355,0.03691553681434641,-0.13955139319832624,-0.012824261991474947,0.025715066747885436,-0.05254163581073201,0.12945926093581678,-0.0005152709711353498,-0.08169277862573833,-0.03859439354907451,-0.0030262523827102386,0.022831698820009075,0.03657309468527499,0.09523386915081415,0.14075747772297711,0.07138931012150665
FINANCE,0.3746672151850521,-0.1604214159813239,-0.05368521349832022,0.4322194034041466,0.05024826792437121,-0.09374923065036515,-0.04889053042809418,0.010059768830949075,0.06596743873087915,-0.02111654579369873,0.05299859037323972,-0.05018559797831758,0.005014474476227006,-0.03780514353264297,0.030538975912056527,-0.0436646057435162,0.036780651000262274,0.000879458781313018,-0.01662361704368014,0.012957387503761318,0.008188135059533926,-0.030207261893995686,0.07280288381632634,0.0030074526740413764,-0.03924834475450351,0.05322338633070508,0.0055394266095615315,-0.013904517008620143,0.04341023837643022,0.057123303058041426,0.08054636016650314,0.028453143478236236,0.028740044103941043,0.034562239365910644,-0.013514537096033586,0.03331894823976724,-0.07719954457364239,0.05577511714405628,0.07336428080970846,-0.013292134012561253,0.0911061244908731,0.04261831495145246,-0.23052543058499814,-0.04018579368488845,0.0803211242760587,-0.08541507239477546,0.05961559182288404,-0.01859947970797198,-0.07134871362287687,0.007100947110628948
FINANCE,0.1249100558215144,-0.062442452346722487,0.02073421905347045,-0.1126648629491457,-0.17871910691395637,0.33749523138937465,0.005309032182117762,0.0016723736014255227,0.19167468413579125,-0.14493037979186488,0.0307834107882231,-0.15134792372810527,0.24825170682168754,0.2787941715775664,-0.04128403282103061,-0.16409077930845245,0.11383269779821746,-0.008165178295170012,-0.04706431920120841,-0.01206447110377802,0.06532766697368401,0.021866020571704118,-0.05235028419969623,0.044101480705088944,0.04831726960862565,0.014025963708616312,0.08585427873384932,0.0025259855281254823,0.002510586919518892,-0.012729326038163338,0.013338485590673865,0.019683457280128956,-0.02208749917869404,-0.005603585972228078,-0.03139887747945677,-0.08728225024099867,-0.0971154127101268,0.004479356784901346,0.051033391113081514,0.026518667086403058,0.07459161087428855,0.11454313968120496,-0.19929419255955216,-0.12714939362371352,-0.08612950671056518,-0.020768843475470273,0.15432068283410885,-0.038163970982761634,0.0022783170132917403,0.0464666757932431
FINANCE,0.12452081687283327,-0.07949488759689023,0.01210188379244055,-0.06839384398439227,0.0555775388667689,0.05203941238703292,-0.1106331118649521,-0.0603643779611259,0.04746062676334444,0.0264785387512526,-0.014502998215944092,-9.271003666531897e-05,-0.11969300112244659,-0.09448144042451317,-0.11567921946729119,0.18367092118070275,-0.033676468608938484,-0.00671211647320686,-0.1333008340415531,-0.1232595778849201,0.14051129239308843,0.010520636025687402,-0.031769706025810626,0.07131546944460054,-0.0071672037629918126,0.016408999205801907,-0.13367707456424918,-0.1359093054404161,-0.10068044428562063,-0.053110000554376514,-0.029601814629177034,-0.021734515877606584,0.08327067864837735,-0.012635919444145119,-0.11594555935943224,0.022437909440958893,0.09993219882013918,-0.09974233821354468,0.07841864425596096,0.1601857381986456,0.06542901830982417,0.031050449483091682,0.21900814789307826,-0.014013703070477434,-0.0091334597291931,-0.19495413371386391,-0.10224366028090134,-0.17571600208637614,-0.020776433160385993,0.11561555350352876
FINANCE,0.0584375298432693,-0.055803106518221374,0.032999600399257194,-0.12418173580010919,-0.0968804295802042,0.025119398357500537,0.016056835300279307,0.019706773750349918,-0.027901611691916437,0.010403708216190362,0.030679572426537623,-0.11150143100560342,0.26609161969801576,-0.06194266455213802,0.1183252889272851,0.16284809990956775,-0.14472010164884044,0.16511099162980222,0.13178628122592145,0.002004583813084124,-0.02163195518497872,0.019406346899023322,0.042820756768621016,-0.010538743317925705,-0.035737988138856626,0.013323999849712033,-0.06833236268326598,-0.04219476514085095,0.006063927034125984,-0.012826460650642354,0.004772598590044386,0.08470541399372364,-0.022277710953398897,0.07044750390746672,0.033508624471646105,0.02900630785612229,0.019841386167176987,0.04855259384456239,0.008146507633310346,-0.035017299836416126,0.013703547957054162,-0.10479160568908658,-0.04738082979234293,0.0029287182343551714,0.16541263422316968,-0.06358265280957998,-0.06503991366493998,-0.00032820761693103594,-0.03337954928002277,-0.1037332302398664
FINANCE,0.029933625598452963,-0.045041965092284586,0.022518821510048796,-0.08543449633886263,-0.022657583518921026,0.04487070157900101,-0.03968377358677156,0.0023866090716672308,0.0823847657122919,0.008854753779663589,-0.00708538367758318,0.05736651962196482,-0.07586273870842,-0.07216990565588007,-0.06066067791143381,0.03482458837265942,-0.08112925839787835,-0.029559978540153888,0.03752642257506333,0.03431959395356208,-0.03909343283340719,-0.013389914757442712,0.0277867428975131,-0.027448281591545824,-0.022545688806369785,0.02855722212323194,-0.04670649114561769,-0.022639014326023273,0.0038619111469014797,-0.005318944750179572,0.041254734976761284,-0.0689517611694086,-0.07433354380156044,-0.029811011839690347,-0.02405849995647612,-0.02313894899229656,0.06632989497062484,-0.07226528156680785,0.025312409651899744,0.07985328153539091,-0.12282533071043522,-0.08201978080359984,-0.02414794978122769,0.03325568727431874,0.003410626745002974,-0.07841637609199381,0.01970717185137834,0.08213748637580816,-0.07809098345581617,0.3032658296274387
FINANCE,0.14493742101289245,-0.08129138097559523,0.008695869718101639,-0.03471143373326237,-0.07800028229035812,0.2172601669262377,-0.014607008953743436,0.012290894161124319,0.11136969693314856,-0.039017422368252605,0.02873903998614582,-0.12175109753607712,0.02147608823127968,0.07117914272655672,0.06397654301447844,-0.059995085898945,0.08716667782587938,0.033024529613495515,0.010804791655274471,-0.056509774701932025,-0.02999315085178876,0.028301889101114055,-0.11899440153942076,-0.00035048556828706757,0.017959209918660454,-0.03499555881591873,-0.02693108201787283,0.051029142381051,0.01984097503800559,-0.0362062160019482,-0.05039597869297069,-0.0005551259987563215,0.05852982559806538,-0.03149368335941865,0.015505624873432136,-0.0016914961033254292,-0.0035584701278776414,-0.0015703260995105453,-0.06638378383555558,-0.013993205285021194,-0.10137633524480429,-0.16114029507445565,0.11506636110632219,0.12060190874178434,0.02133788759253772,0.07883141789868177,0.09310266641136498,0.03920040238780989,0.11357558860994803,-0.09665047424373222
FINANCE,0.17606200909147973,-0.08049290310933488,0.020233807923706285,-0.15210456357269975,-0.18165883441962516,0.48547028089218547,-0.005994769480811106,-0.014927626191046147,0.21289475489330517,-0.1083926618529048,0.018874303126847927,-0.09650523165156963,0.2610238523075879,0.2846748384896346,-0.05854668361731814,-0.18395857423076756,0.08794235499741482,-0.01554893692337965,-0.05343329170145396,0.013346319223275288,0.08386497687725371,-0.006739736300957946,-0.10822780645150933,0.06834070618560031,0.04777086988008697,0.01658711118747401,0.06067298503543325,-0.022661045359918475,-0.006575781710389587,-0.012139942820394408,0.029254441442756973,-0.001566767570284327,0.012018177301822933,-0.00667612773791491,-0.040480238380578626,-0.02575918039579637,-0.06669728514049639,-0.02818903081136488,0.027790528086436034,0.04996032198085378,0.08518702940893873,0.09570270279835245,-0.16997309968853772,-0.09214861368580503,-0.050587351813741036,0.019760860540396837,0.07899718535123507,-0.061049444687233424,-0.027209267523487027,0.03528614521752328
FINANCE,-0.015050851138797032,0.03587503536249759,0.03789541755751167,-0.03338449968742389,0.00461971325258286,-0.0034279667984547326,-0.03710793392745344,0.009028158238953123,0.006176004080601291,-0.005136421938524658,0.029636979613708675,-0.06179930601129874,0.03975596688129729,-0.11722588569355097,-0.05745602769273367,-0.11211834422598425,-0.12511148084528254,-0.12670563422934572,0.03185302808169389,-0.07379155336599841,0.008653599867228036,-0.02154331436669151,0.007250084636173088,0.06158011489429825,0.04393739145416951,-0.023162734604082757,0.26119686899834305,0.07923661767668756,-0.07297597896679284,-0.0768638903667212,0.07803389488719843,0.04588957102862836,-0.08069655610002321,-0.0044750736109012024,-0.00491592059208319,-0.025821196667270233,0.007420841317421794,-0.11726354183873104,-0.10633618539518368,0.07333405077500262,0.11908891418039616,-0.09333916238430706,0.179459611183036,0.11785061424210681,-0.031662442864507014,0.02528410429636363,-0.10809362974352257,0.010691266993022714,0.1555444954162819,0.2705421950663467
FINANCE,0.4300900124851823,-0.2034517408354504,-0.05347322245280644,0.5105048417681066,0.10535376710314007,-0.15435102117043806,-0.07329058403501197,-0.01212773568864377,0.037835921031683595,-0.14613974692924256,-0.006570633654527967,-0.003637092240886081,0.07552133910494657,0.06704284309567202,-0.042813577752904675,0.029887340121184745,-0.006772260910333713,-0.033449833778931466,0.018752585794741664,0.004762101188324998,-0.01563463678031996,0.0037662734158803632,-0.024313873646101564,0.021176643043132916,0.04989130527232439,-0.035708026792021175,-0.011459454441710731,-0.0007834522420468339,-0.031074162030513962,0.004924517285680675,0.007061172244204278,0.0008242051029024038,-0.02644713671766246,-0.004333521233310988,0.026851958701101426,-0.029701373355996402,0.05379490840968238,0.004009356484083162,-0.051889373384097236,-0.002532262183655912,-0.07002239873904416,0.0032216303763789693,0.08878214677031858,-0.007503359149351403,-0.03638773526071726,0.04216924026022087,-0.034670601507512847,-0.007054732218046568,0.062010009798287406,0.016964546664163832
FINANCE,0.472097184894899,-0.231647420347266,-0.043085048165820976,0.4071789293140325,0.12094509697023291,0.07039868271616141,-0.10530412515577574,-0.0197726779047738,0.15353478014886643,-0.04741918600913932,0.011340406755787041,-0.030888129864128346,-0.1049511238482882,-0.018691728849893584,-0.07534524273510075,0.08158319880891109,-0.0576901667127652,0.02165309409598203,0.026609608779911226,-0.011097436042155408,-0.04134594240914597,-0.005686950872692178,0.010289581563362208,0.02394454658180734,-0.0421161406147103,0.008628999725689155,-0.03749402570178235,-0.008207406641809842,-0.0974924123164195,-0.0014003912529172585,-0.03849328258506557,-0.030764764493666875,0.010725338921878916,-0.00610526083076438,-0.013018907716713277,0.026298822477897724,0.01527096826461333,-0.06301494412129292,-0.017850070722485935,0.008357711726645671,-0.037531383862145204,-0.030745457944780567,0.09325614302359589,0.014237279314134172,-0.004828509299460112,-0.09109775871838258,-0.01428660338125779,-0.0006458508718338004,-0.019041625082381615,0.025330804002410084
FINANCE,0.06499046830909701,-0.0419734805673599,0.017937557963474085,-0.1122738673417183,-0.07702316484369752,0.061770708766555,-0.0252180706858676,-0.004040199276623712,0.06997593864719692,-0.10684814460449009,0.030872708042243985,-0.07552450558878736,0.18257897852388844,0.07158917451540572,0.022377146305316405,-0.17410507506877504,0.163035518716487,-0.1445823694155055,-0.2549684052758997,-0.1365985851145847,-0.2582408955347708,-0.05018284167782723,0.513528786148503,-0.26504604736477516,0.06685514722404506,0.1493283113246746,-0.026216549779954072,-0.15392019011596825,-0.08971007489125347,-0.00854257736787359,-0.13080593056786793,-0.0717220762335407,0.04189172166703284,-0.03808478304150762,-0.004178098454260032,0.06724202385530588,0.07293652126803653,-0.022650967040759713,0.02472697938047796,-0.010953009846947985,-0.02584443694757729,-0.015002768493542566,0.018654258096011938,-0.025914277117022315,-0.011852794800129757,0.008423742707514201,-0.004722423727338392,0.024643502766250887,-0.020183541869348103,0.012627137552556646
FINANCE,0.48313513854551665,-0.2511404153231188,-0.04981123354741693,0.5690123746633949,0.13840687676395017,-0.11170816130975124,-0.06677903101855531,0.01907061680947106,0.055567468897401315,-0.010064653116722307,0.03253388186500674,-0.044236115237190135,0.056705462910930225,-0.002711468817579824,-0.0097250219514789,-0.0425226817182961,-0.03401861249838377,0.006157484325881977,-0.000719476358616129,0.00804467082933335,0.009419883191717557,-0.014978936839626167,-0.015055508103411911,-0.01567313967149636,0.00230338561615105,-0.02218197749278701,-0.0012101480559202713,-0.0003819605042937902,0.02031977302724695,-0.014254530948890903,-0.02962344780043982,0.013514843554971047,0.023980628592429835,0.0029072557581075937,-0.017225051090425738,0.0054113935574908005,-0.010004587548325528,-0.006888248746228426,-0.0015042215922061012,0.021426814018595634,0.05108823654024628,-0.005650531874477433,-0.036030688039212465,0.0053788202960977855,0.005333942786721805,0.013519321640462108,-0.007315786160463532,-0.007934702987199614,-0.03474972035475496,-0.054297601302560755
FINANCE,0.3700049071408065,-0.16703935565914804,-0.041239522973223884,0.42612590107967896,0.047055638842783916,-0.1245044487407585,-0.05799134154461085,0.00312786463154376,-0.006433897244723364,-0.14318325223697018,0.0051974144026378875,-0.025104221773996977,0.09806040313650675,0.06640558278961402,-0.0005369488167448975,-0.009684171509110035,0.015146855445422047,-0.02367452924394669,0.0017637336869626523,-0.030951943601501112,-0.053256038178747966,0.025438046771318123,-0.018256064230929275,0.004661679389818268,0.060011718150846244,-0.047727348662701834,-0.019715617945532428,0.05031184519076746,0.017669417145012516,-0.04352508417418945,0.0074595984751587895,-0.007434136307687598,-0.0538918123516717,-0.036577866925950095,0.0243686746791475,-0.07092883664581137,0.057559389216313775,-0.008668684829789436,-0.07845213614430059,-0.029245690842394513,-0.14369071728548916,-0.022657733258872464,0.10992495433133505,0.014067107536167212,-0.07152895858582324,0.10852107394552057,-0.017072751617168477,0.02676472745986745,0.07957955545197673,0.025717206859395873
FINANCE,0.4415148439572881,-0.21978399540627985,-0.0533911748797153,0.565423175631974,0.0959734380368745,-0.1286864754487678,-0.04332691904201538,0.03477662456185323,0.04298673247453077,-0.023334068120421617,0.05297372015824961,-0.04350636606277739,0.06171493614408746,-0.011581967301292522,0.019775944543556242,-0.06513475394665318,-0.009386768901171969,-0.00790687613167622,-0.0063469550009618144,0.0067483906241572866,-0.0014553264509432457,-0.020082890378608807,0.002389605832180197,-0.04595671819948286,0.017473810911166992,-0.001902788190931776,0.008663197646725327,0.03427556267055643,0.09451754622631073,-0.020853513909398963,0.008415308549688031,0.04159964550214919,0.01005376039123133,-1.64182754590228e-05,-0.004126527355616751,-0.005006439924459731,-0.048093032842546304,0.058874337424122826,0.030285364318147656,-0.013482905100013449,0.042115386855828,0.007882749210966593,-0.1392506981480902,0.006256258788894523,0.02425860277230905,0.03530697162719584,0.03510084440938071,-0.004948453114348457,-0.03559751483325015,-0.03265973103218068
FINANCE,0.22568662395111855,-0.12340440262577126,0.030561204802635692,-0.07550371375169776,-0.15075193807356863,0.48999449787736177,0.047779540438095076,0.014806237288509298,0.2119110305916446,-0.12672444530488236,0.00851754135192731,-0.03994946450423633,-0.038279764781168665,0.11109673355501648,0.011877572038833481,-0.05876789368720751,0.025624790868989483,0.003792533853412859,-0.008425436816610581,-0.04304961208522758,0.0194586839032435,0.029186685649725194,-0.08094352230860784,0.02079488839269425,0.009104873951266529,0.009109323619832568,-0.05789450479025731,0.02876665809415041,0.05611154776919475,-0.018641436399881788,0.011627258816345527,0.001460054543126625,0.011615877736490822,-0.03603702280095274,0.001690721114569018,0.01403783232026979,0.024062140972401558,0.004947017066446059,-0.05087666123524418,-0.044864037364851075,-0.06201531623180788,-0.10328092231896863,0.13664003263223462,0.07272053480451286,0.10653957141622473,0.008507966745138061,-0.07306236259417614,0.007775314339558528,0.02050899758986782,-0.05853716382720843
FINANCE,0.0339795897354303,-0.042832238054475474,0.03646306117617154,-0.10612789602860036,-0.05596949516284183,-0.03565492346423541,-0.06945525985540821,-0.024027598395928728,-0.08183204438125873,-0.07349337829368861,0.061814606665486216,-0.15786395986002014,0.003202726350241807,0.010769704693168163,0.0066757215665477305,-0.009567072665339507,0.06019746047410443,-0.06325797790691394,-0.044356540881320586,-0.12406489668521972,-0.17259994074849463,0.014831510985751218,0.08631537955686461,0.05864169440714594,-0.05966015563609431,-0.09323952015331925,0.09333288980010485,0.16511406321554947,-0.12903408548727496,-0.029314917439052336,0.04163240237381747,0.13686596020035097,-0.1312526375683322,0.0035028350915876283,0.040961709568399056,-0.08287624859115465,-0.120289999820765,0.014873826060275179,-0.12989819808096273,-0.05155523869334152,-0.05274050963373658,-0.0014896559486771877,0.0703116594325114,-0.029873549408616848,0.1764358298580657,-0.17903524518825195,-0.05779306488383167,0.035936474735847705,-0.11395088774341584,-0.027828306017995838
FINANCE,0.4387200964510605,-0.22755967277093633,-0.04535398780359058,0.455184387174473,0.1560289247310519,-0.06850523347600629,-0.1235911360716548,-0.023308908686047212,0.09716665006404683,0.01706887733118651,0.008504476005947417,-0.029291620903807776,0.027989991565100056,0.0008536826669784255,-0.04592381387397903,0.007658207624908308,-0.04178108377356882,0.03284181260298911,0.007531943893674404,-0.011413853455609068,0.019252766761706078,0.02186085184827734,-0.021413591245826823,0.03902649385411202,-0.03965840610608462,0.0065971729849242065,-0.009148899250435737,-0.04997720289856681,-0.09436347555794587,0.024540336402155517,-0.036063638080437124,-0.031251597429236444,0.012287219855839722,0.025348687840378213,-0.023455284718957397,0.03992770053551894,0.007887643083635749,-0.07144952986723216,0.035126001619655456,0.04603531577894738,0.05596239372451877,0.025224782836968773,0.07464090416434885,-0.023310958773499944,0.011842598447794775,-0.09099014482991225,-0.0379783079450143,-0.03324073526285264,-0.06295455499723922,0.05712880133420113
FINANCE,0.06929780682622237,-0.04657699748874866,0.024367328182117225,-0.13115746385695118,-0.0940532298203743,0.016575092663510368,-0.047762594126565944,-0.02459338054104506,0.010716186173346402,-0.09134126095182507,0.008592366670568173,-0.06131669565263018,0.1843470352201929,0.04165787548287843,0.028066659536705563,-0.16904041829023086,0.1459145583307184,-0.14490538097431516,-0.2440698701454717,-0.1337056294024527,-0.28467785846514465,-0.08463060468101112,0.5162252873331584,-0.24049816653272335,0.047656487665758106,0.12313283332546562,-0.03410796359386639,-0.14153681814230484,-0.10035909929229796,-0.006157043988031723,-0.12736516218337932,-0.06384598303595503,0.04315623711241348,-0.02495113769053432,-0.007507278666094638,0.06657098132957022,0.05060228495584652,-0.04199432288936209,0.021738983137534692,-0.01919138423602807,-0.028930100437024864,-0.021549182503815923,0.027779792699848233,-0.01858518773537028,-0.021174769591676638,0.011980944609658017,0.0014679560227764876,0.011809732132188824,-0.019880067500077554,0.01734688035558228
FINANCE,0.115845819547169,0.3343133053828904,-0.21206805482836347,0.07894080482788843,0.14328417205320484,0.03916976159311138,-0.11646706784969126,-0.13490107351355637,-0.0630449305029803,0.06992699031441876,-0.15534247711676333,0.22865409631548383,0.032281642452064434,0.15318210125769421,0.0025872897052353293,0.11791707536819185,0.10699744558724715,0.1300277531929324,-0.020963284283326607,-0.1333098294699392,0.007007856790990845,0.19332178379872558,-0.04761798296885886,-0.025487859499853136,-0.07440244154627287,0.08961961076931635,0.08664428545098862,-0.0007426759044123601,-0.05216670259276802,0.06558489009353063,-0.040693189102644446,0.03275433368967396,-0.11528221738025893,-0.0056028366996103375,0.09224191778115011,-0.005870166314387119,0.08475466646364684,0.12494512857843908,0.07262478649329011,-0.07653240232185995,0.07131307772731643,0.040020863628565564,0.034478784196743203,-0.09121227829407222,0.025370972343959883,0.06492133477798086,-0.04822734792659171,-0.03422128014996915,0.035175868890040644,0.06213489346865757
FINANCE,0.061697758917393555,-0.04259968288778577,0.016504446782671815,-0.11036465153393805,7.662077517826414e-06,-0.025028215875222897,-0.144431830225708,-0.06569991207158217,-0.025384863862401137,0.0408290151712566,-0.01539820329903606,0.04583597976905338,0.08495522002635805,-0.09416001942295124,0.0643007674923535,-0.10430393189101535,0.06891613436907462,-0.06322863623669424,0.016883916579100284,0.08309550911170648,-0.04196396868547869,-0.17599599069504096,0.024956609432614935,-0.007600860559822498,-0.08663317357741623,0.1444120179827388,-0.02864762697831012,-0.05698933589463842,0.3696861306444138,0.2403342426601908,0.5220762675804197,0.07070229073963212,0.01771507797315309,0.003498518693808739,-0.07893444882255317,-0.03948397056974397,0.054723661585471116,0.023535241824029503,-0.005018206579353057,-0.03678180716403152,-0.02327198223585843,0.007469483757881886,0.0376981025556842,-0.07318153137435117,-0.039011543795279484,-0.0024367977813747883,-0.09078529120806729,-0.026495389052459035,0.027775060067283135,0.020597008316516112
FINANCE,0.13137387030581357,-0.061671470028140836,0.02298414658853298,-0.15967217932295846,0.16379293380289373,0.22859210366682553,-0.045973900478333905,-0.012941866109711972,0.1068265964963448,0.0015867672403334038,-0.10629667193729209,0.24159666167776514,-0.2312182377048246,-0.11884193237711405,-0.0949204776969481,0.10253179154553635,-0.1606275103317778,0.005498402465480628,0.12296035862274021,-0.027674608050535527,-0.1259934810207606,0.07172786949663018,0.21701334129086267,-0.010338657666858205,0.1816471598524742,-0.030543696112958443,-0.044588123014172316,0.147639320825117,0.2630789754710488,-0.1524985240323592,-0.04621157248895647,0.06731336050448994,-0.08476114824978936,-0.03898278869864126,-0.026843314004981553,-0.0955082127447088,-0.022988385252633397,0.01592950185971954,-0.03834087370442131,-0.05593334225465118,0.028221793284783022,0.0974783138134707,-0.08503330012028064,-0.09866219894329595,0.021999012226413636,0.032620531673565996,0.06282795951345783,-0.02094040121531601,0.016539008552755575,-0.018673943264812084
FINANCE,0.07197078018343826,-0.047012209945216994,0.02324660479524556,-0.07295137210202365,-0.03260016209531906,-0.06360268585303065,-0.1078305782018055,-0.044110858679437794,-0.11377927728457826,-0.08521767564743873,0.007720321420821844,-0.09243789030867172,-0.03226918678982392,0.07695586888519591,0.04294340684736029,-0.018017954855513038,0.014539926165454523,-0.03858006790176434,-0.005722224153512776,-0.03928245146002306,-0.10609336287854874,-0.03139740421147189,0.045114528412788256,-0.0040636761003799635,-0.034622152216160516,0.04455634638298173,-0.03258789864357273,-0.01600134093378499,0.15256165386115433,0.09476928889243375,0.21093333154746066,0.09127004790403243,-0.09596688724449629,0.0663034747473061,0.010125190994824078,-0.09414913042643645,0.03359808824750435,-0.023185385362361654,-0.05994317097083923,-0.0991159355281994,-0.08196253634079897,0.03529175241505041,0.06951930775276435,-0.05226639601827947,-0.06824439622455998,-0.0077710064429567394,-0.05633024102446021,0.06726902108088934,-0.013258513534109229,0.01010814493192785
FINANCE,0.023759215462695295,-0.03025434626903859,0.008988098278162793,-0.0635093853884947,-0.07939237515373962,-0.09344368676413915,0.04902540305425329,0.004309398853244188,-0.030665372739589487,-0.027532684574377037,0.015798206528867285,-0.0038321924382865215,0.043533235133950784,-0.09797515286138857,-0.22652917467540598,-0.030629590706263667,0.0976324772151021,0.07848068642436247,0.03267323435357459,0.022050644385939164,0.04565366098740436,-0.008466822387952199,-0.007708776076899345,-0.0475677966377355,0.058023987849137725,-0.0017145827526364166,0.1173824430251156,-0.05690592111016048,0.0033012114462833936,0.006964808065262503,-0.018949577639319655,0.022674118924742494,-0.03728727657413869,0.02825443773004689,-0.07946594778161904,-0.09616868480492885,-0.10316970045323458,-0.1232221760027987,-0.04793086358372251,0.08381321116214029,0.009691398457356561,0.010276669292940013,0.0017911100352682387,0.07961986563216474,-0.06011062580098344,0.08316668520119132,-0.007035295818658486,-0.03051824796693414,-0.08963071198887265,-0.005036092474611641
FINANCE,0.07228029876627597,-0.048169838957915725,0.016583285964510513,-0.14902931738381417,0.024445613356283705,0.013868141578730876,-0.15737284399312604,-0.09121420538735932,-0.006211693196881754,0.09916813669872142,-0.04580000513655251,0.09213946466674129,0.22798892066276166,-0.11881107063606716,-0.051471544890203,-0.04325004271096374,0.018210286717209954,-0.05938229053326048,-0.04042522050338212,0.14244675484332256,-0.03820121479114392,-0.15304057591587816,-0.05666207177852747,0.0234689953022707,0.05423093607446288,-0.03616981420657742,0.1672773502448943,0.003081198900920684,-0.017684429936418358,0.010609696923015598,0.05935110948486452,-0.10425578861028337,0.048261445306626745,-0.045243913889175036,-0.05766166532806455,0.06747390650727543,-0.08164196987381314,-0.17389353068125835,-0.11812261827969725,0.0562099621010379,-0.027060751237690157,0.09136800348666692,-0.06318193819091172,0.037768210397509855,0.18953054154317164,0.03582339674692904,0.003138453264852572,0.006037773785617555,-0.04236342177305967,0.007040067808558847
FINANCE,0.1460640590238863,-0.05872945422181086,-0.0014833783391073473,-0.04085177536550985,-0.21324839877994128,-0.07530040723737927,0.08123933910445155,-0.03523735429243241,-0.43916279034679234,-0.6247742819739656,-0.17836208962317315,0.3282217608912123,0.021450623351960598,0.13923610477145892,-0.01017044568028333,-0.014284590136383925,-0.10441143633537978,-0.013368063570179325,0.023985409670039756,0.0817023769484899,0.08079932439366828,-0.002153829435456979,-0.07357827519138029,-0.03037226238417217,0.054389685564180106,0.059033038892061504,-0.0035833901250771965,-0.011168278247300156,-0.003920972286801994,-0.014566536012636792,-0.018175060411795178,-0.023070176321667638,0.001952454122910929,-0.027698518903669266,-0.0025722135420440345,0.03631921579215145,0.019453578367545413,0.006000794171061517,0.022846221465738926,0.006876085687409064,-0.029911959267994778,-0.005982977880476589,0.016208463933607323,-0.006458752317296697,-0.007831549977305037,-0.04049024570895005,0.015986543811051624,-0.0150490677601522,-0.015246778223590598,0.011377872569643718
FINANCE,0.08677269871290458,-0.05225505267281775,0.03211212940618311,-0.10371245893115762,0.03728718144873098,-0.0129124190648808,-0.06089659648374443,-0.02301937399570415,-0.013174562054048652,0.0017793291074281621,-0.0009235098291501328,-0.011049890727044726,0.008891698345424734,-0.06418838373437961,0.09150047309627565,-0.022256005876190317,-0.0015150087710071663,0.015233614200593848,0.02190311480316699,0.07572664188794508,-0.03145518850450083,-0.09374666981396665,-0.015216560266892906,-0.08404978045432183,-0.054665801480048876,-0.04435563596860851,-0.07746781524360709,0.003278379589851971,-0.06691467533481044,-0.07171146637443362,-0.04964901794796062,0.040870295835633265,-0.08932737722383739,0.010827186502104543,0.003875690638857603,-0.057511871383585114,0.030378728152664458,0.04359084374941922,0.07354944231704443,0.04352212883726272,0.16302293913317095,-0.0041707763983641465,-0.13863481829760607,0.009734934607637203,0.1883179582847595,-0.05069263968094544,-0.2394830772427223,-0.11417693060131556,-0.08633269155475916,-0.07017274731176591
FINANCE,0.11399604575476303,-0.0859930362307185,0.023606649667255123,-0.12317304023282537,0.052878649956999375,0.19332368172492337,0.0380088439645921,0.0048389010577371385,0.040014892012234474,-0.011284020231596295,-0.05538866829817657,0.15807364270641117,-0.2604814780986068,-0.1372481389706369,-0.08835606855910957,0.1144815346083992,-0.17315211869999442,-0.03148827901649946,0.1378793955844462,0.0191420500950458,-0.11428712390677821,0.0023730882591603522,0.2338153531912758,-0.0443062437327011,0.15431148264200972,-0.06043511924808894,-0.04563544685788789,0.14909689093373177,0.24980956232247795,-0.1839535089027521,-0.06178727670686968,0.10199860172644477,-0.10317499005148867,-0.08118258735021226,-0.026563351270225095,-0.13447149003813916,0.003796731700319811,-0.012762590317684248,-0.010014806791964771,-7.260385591278537e-05,0.08794913430102301,0.1788180904818519,-0.06493935245452391,-0.14513078776811156,0.028591788588106074,0.0503729506998168,0.04783794513597105,-0.07133614900871535,0.01423550713472623,0.025710169810359534
FINANCE,0.08422113158633504,-0.06660874122013198,0.010192059831514274,0.03958468346045712,-0.029971748651702768,-0.060740840128973364,-0.0075493127173334165,0.02074002112258161,-0.025344429471783617,-0.027304547619786648,0.029676222929403112,-0.0339399642283675,0.06999867444797381,-0.041490268789563856,0.0043926610487466265,-0.006471382745425385,-0.038230586170869794,-0.01800913598305508,0.0069212032361604375,-0.017729415488232023,-0.035974194286119504,0.02153398324446972,0.008970775539213324,0.03185111909357362,-0.0015426414570669817,-0.06745884410600148,0.05584949873838408,0.03329978883739909,0.039899507273782414,-0.024657511162841192,-0.003417737226426637,0.01754656708748338,-0.05594709508635285,-0.041051121560839884,0.004774772797751632,-0.09089150322856702,0.10097665269720982,0.03726944735137326,-0.03505682942187036,0.07236363760121448,-0.01596408919616972,-0.019447342805944942,0.2474059915450222,0.10583709888232624,-0.004704735096330395,0.19661676597792363,-0.08822598581502372,-0.11002651944697057,0.23388012060673868,0.04316356947723184
FINANCE,0.10479001415553196,-0.024032125572776574,0.00044369743246424313,-0.05925117203648951,-0.0002569542420369705,0.0723771271900544,-0.0267552688346533,-0.03308142942489241,0.05493886134536357,-0.017209837138447773,0.007634881192397315,-0.021224385330821292,-0.17434944238697578,-0.11323307014337598,-0.02376876340522525,0.2195898887177893,-0.017816187484303164,-0.02244936294223532,-0.04853160145334931,-0.00535945023763649,-0.0020901900281918508,-0.07096205403767766,-0.0315004963787262,-0.04875237711696796,-0.07967193741846673,0.1090966755332171,0.2930880402088471,-0.15981271982027487,-0.09372007527120349,0.16915438014885584,0.0068196963583008734,-0.16489589396479254,-0.0653390031874607,-0.005340296557740768,0.10742995181508158,0.11893829093789411,-0.16800192288354593,0.037517771847871834,0.04267315990757677,-0.07950581032604571,-0.1479634946593457,0.0948443036688145,0.061686715402414716,0.1221037147615428,0.006942441973161698,-0.10684822395586915,0.058251955817792606,-0.09780863302225555,0.059298636766887534,-0.03774316207806672
FINANCE,0.05607260081717388,-0.04138016760000718,0.021401122200217424,-0.06610129607938453,-0.026117045790311374,-0.017289773118248575,-0.03976870867695853,-0.0068995303974544965,-0.013978876264973244,0.011142159986778121,0.013139490965431003,-0.003145355643921174,0.023426521654700664,-0.1022894354652546,0.0767122227452486,-0.07533354258466278,0.11096574621245586,-0.022611956944669213,0.01226268584176783,0.030353413348476223,0.013172000452522174,-0.08028180685332567,0.05867236737792331,-0.014768067721040962,-0.09304862173849006,0.18131820467053517,-0.012970098169514633,-0.08340103176744075,0.35682663140153836,0.27850390349525195,0.5022546970327182,0.059779362013734696,-0.011755680116160553,0.013338339599447122,-0.009625661669638854,-0.03041990483773813,0.11154579688996213,0.10527675503203063,0.05559261232939893,-0.008352395523100156,0.002268242388696686,0.031195108154817335,0.06260201805926391,-0.07776179079544744,-0.03217108401391211,-0.08623921143211732,-0.10642303531215834,-0.038756628060772784,-0.017920598729565685,0.05839561510790507
FINANCE,0.07376557866165978,-0.05728814608589781,0.025925555627150324,-0.11966524992665827,-0.05167840082471882,-0.05811820387651698,-0.11779226762446464,-0.06226060294130257,-0.2152784288670653,0.04223020493048232,0.06024336518901887,-0.2466977388411854,-0.13541606400154113,0.12051544651847136,0.048542954587862217,0.016981832782353923,-0.01686989747806979,-0.03516838869462358,-0.004475630855166836,-0.10453181411866978,-0.23205734693802105,0.00794946252693851,-0.03732795720104805,0.06059720093296073,0.052093701399641576,-0.027191490582120666,0.07859395347974577,0.05857954889950713,0.034719471990051605,-0.045503762378261696,-0.03716471144715704,0.12008647667580641,-0.113340680098847,0.03796402072337964,0.07399817331893269,-0.16429593486201532,-0.18982147014522902,-0.05801957067208752,-0.052849820330518826,-0.11989136151903225,-0.05539594408813685,-0.06821241262880708,0.09939753844300488,0.010089191998657702,-0.017319248952815024,-0.06173696156358272,-0.023261327258704886,0.002311556927813044,-0.15696439335980356,-0.0025515141990184215
FINANCE,0.012720802448915783,-0.023394526655723027,0.017105364656066258,-0.09735146795574429,-0.025018366027356465,-0.0715237317239549,-0.007935912556418767,0.008626407388076882,0.011495378278454833,-0.05992260696001389,0.05282080474362757,-0.06680417359667798,0.03948114041075169,-0.21209962071642302,-0.19869226870155654,0.3168184517118756,0.026623630802844394,-0.13856029888333474,-0.46822225372070003,-0.2386550632276593,0.29618857843384944,-0.007709132839798405,-0.12850508600898009,0.027700511096440898,0.09612295232580795,0.017327083947670924,-0.11886624293762257,-0.08154396949660546,0.08101071850476785,-0.11494554169753639,0.00991619808788304,0.11843680397445017,0.018216357380815066,0.02226294804222494,-0.07761305535470474,-0.0698007450084445,-0.0035103905946951342,0.07570053550430532,0.010142961168716163,-0.021997893783479168,0.003552974508355168,-0.040758553671433044,-0.07293054392726889,-0.056815097863721103,-0.022886794548175188,0.03154523542334724,0.02092605089214978,0.0273859006772895,0.027199309600842984,0.014458808453367795
FINANCE,0.08372806417215398,-0.059721789322711466,0.02029791585802595,-0.1272569905025032,-0.04299477213178662,-0.06126479709539101,-0.1053843698844347,-0.05695965905109853,-0.16456892802813758,-0.12632394108064765,0.034372561260017476,-0.1239584090707091,-0.04928329139074953,0.039358289709977595,-0.02572253506037659,0.06554654666058977,0.041268432528202746,0.00013012395788686418,-0.05741721226665564,-0.18727374653842246,-0.14344053851835437,0.0319371386694204,0.03145625409648553,0.21151214348913963,-0.17898409253159037,-0.21668787558352995,-0.2398093124339009,0.11448031895358989,-0.16284853048141174,0.12374983614517245,0.10829364469021137,0.021535228686075335,0.08169940325964133,0.03146976156132157,-0.04359385938265056,0.04980460163024288,0.028273829164078404,-0.03878217102977883,-0.03586309177326155,-0.08239154826708084,-0.06410313958742628,0.21038983655307011,-0.018563088757644963,-0.03077218668450201,0.05200490348992485,-0.057856928748745824,0.05866875062625283,0.02154531088622391,0.06517002227037011,-0.03424278936915747
FINANCE,0.11214006609014042,-0.10050056196649865,0.05883327884583369,-0.28635723424490145,0.7302985729963859,-0.045389865589269295,0.43269549068199736,0.10133769168575897,-0.0038822445741865845,-0.089008885520545,-0.014238546504148287,-0.03279414126115752,0.0484509648285184,0.10240613956607601,0.04421307784177397,-0.06466162065344506,0.0083278043911469,-0.008414745265369642,-0.012212863172743166,0.015041373749071394,0.01545569371052237,-0.014065954310982716,-0.04895505437258993,-0.0042804277810207635,-0.012654306000564535,0.026432286075013554,0.012236571375257976,-0.05360497957598556,-0.033661542535226914,0.017814171165241855,0.010347502340185473,0.03730506140929975,-0.004450148050401942,0.03492410875803026,-0.029169323634194843,-0.012444306116703054,-0.041240181990461734,-0.020662687284168316,0.009349002318628825,0.010245811538650104,-0.013620448826898585,0.019266927846121044,0.01578630293210596,0.013088422421345766,0.01324805499399725,-0.010996750874857781,-0.014821976273322815,0.01671710033674791,0.02077702354153364,0.007964850464247383
FINANCE,0.032428542355072025,-0.04765488922325428,0.02505814481824754,-0.0979798406224491,-0.006665882184892739,-0.014749039191777636,-0.09461174130386914,-0.043476347478042084,-0.04555818630943883,0.06410541475729392,0.00025555056027959204,-0.004685881533151565,0.050015294457155246,-0.04378576061218221,0.033437532307340145,-0.05410883158407974,-0.012283268711384836,-0.06283148777362617,0.004794563996710105,0.06663821478091987,-0.03788031126318901,-0.1213282254992366,-0.1001736666469864,-0.08976188121219134,-0.03504880079590667,-0.02168079830664803,-0.04498293810642146,0.013801667245170101,0.003566201876217169,0.05230897047861259,-0.012362063117430667,0.042051903511030934,-0.03490780099039536,0.03210272034326546,0.07856503175849171,0.019543348953266964,-0.028011596273745734,-0.02365030778103859,0.0007443189445687394,-0.06927780080237685,0.1343599589582606,-0.01889634919352656,-0.019574021414786397,0.09772002461720847,-0.1222703977626026,0.19741964131327414,0.06019915454799869,0.05866116789837249,-0.1717785013045403,-0.0446613983034542
FINANCE,0.11993307698240376,-0.0885686280167324,0.04775816747783544,-0.2720037025715368,0.6482512674261118,-0.03826783362922038,0.38159513473962603,0.07415988915588091,0.015209866803606547,-0.0893381036780365,-0.02930973993166238,-0.02426298842332088,0.06964798380751973,0.10688062749378202,0.02543440620332314,-0.03538126012003799,0.024372964408341698,0.0012831233420397227,-0.018021109835781833,0.005656990652094402,0.02458684807283785,-0.004739522739190345,-0.033070892171282465,0.01107198466400359,0.007779529068233158,0.04654959429034962,-0.0005159347588260032,-0.03282899285812461,-0.021733631666284232,0.017940415495621222,0.023993041959213878,-7.793189196448774e-05,-0.02302863612781836,0.016692584268648246,-0.02270057871921036,-0.025063552224775677,-0.01560664223889891,-0.05725667645427933,-0.012381515521737411,0.014837203838343183,0.005813175717092212,0.045151324670328,0.015103323500290202,0.017902465304936357,0.037004317300391776,0.010955223533056703,-0.02137045659697161,-0.0111364439664375,-0.023409310203880068,0.006907001151431888
FINANCE,0.033475251264970536,-0.03467701766832654,0.0181028767268883,-0.10016046229684539,-0.04356045022910732,-0.06547614352185395,-0.05662806978740052,-0.020871880761258368,-0.08920300822470087,-0.038175948735512076,0.056950604800967995,-0.13442942967435545,-0.03645481559785754,-0.025981996289777924,-0.10296034452652739,0.043299628633123304,0.07908648105297489,0.02708722054488275,-0.011652246386559876,-0.15955121336657918,-0.10649422800271233,0.04494633267184611,-0.037114714389968426,0.18159305989023042,-0.12992310841903282,-0.18492349444642536,-0.28139240524541054,0.12416593811435774,-0.0962211940152623,0.0920711057227619,0.13314275988097973,-0.04883946202988963,0.13992795566687768,-0.03983789920180049,-0.0924270963859758,0.07458786976780724,0.10652317852131736,-0.019701998628603064,0.0019322849262071026,-0.04652526599416706,-0.10612169647816751,0.24663177952257664,0.016164337351799566,-0.04277295303480371,-0.0010946763585477316,0.07874347522559849,0.170609696092473,0.05265564708952583,0.04954888808369664,-0.051533260121173236
FINANCE,0.028008235972925937,-0.015264161075861985,0.012867468879441256,-0.08865779370078793,-0.03199596539592118,-0.04647517208761786,0.006294737678974239,0.00548546521392178,-0.050494879458250465,-0.0481757358057357,0.0477160649259434,-0.054031251259121636,0.10508760300877014,-0.145370306347522,-0.0995893443697641,0.09929674886885281,0.04554882434193498,-0.031249116253206418,-0.04234664510312017,0.06455491598181613,-0.023650739743132428,-0.012978877645605697,0.00622098222465489,0.030155294662433173,0.003641780585185986,-0.13660218054842327,0.21785256226283387,0.14452174726916456,0.13442661579883358,-0.03728901121364076,-0.0038935620345360946,-0.25902781789322044,0.023518250296906126,-0.18172253967543078,-0.027035125474019834,0.17294506467128418,-0.01489523408548372,0.05736886775314053,-0.05282691575682273,-0.14682549737791045,0.18905959716046358,0.02746567193377758,0.006016575080716665,0.024362832423096357,0.06506854299241131,0.03949161959503273,-0.12805292572504967,0.04573608393354703,-0.07478239470021131,-0.005595799647878671
FINANCE,0.06617266616599927,-0.0436412523532068,0.0005817117594687087,-0.0542601721437686,-0.11214709743453362,0.020362571320452348,0.08598429078293195,0.022429121451893907,-0.03589371783146926,0.06323528723067773,0.028456230815762772,-0.07150545691651555,0.18159871914396972,-0.04018969919995349,-0.004576044570345677,0.10123746422457698,-0.053712134436332416,0.0718586551169568,-0.002871215397934321,0.04148440824218603,-0.013832808405842735,0.018646992204944552,0.010039426002665422,0.02099433124153255,0.0328159666084595,-0.0847084188812912,0.23769692668264,-0.035858488674018314,0.0026459027041023384,0.02575065826648401,-0.024300740096170673,-0.0957787700978074,-0.02353315071058668,-0.044944759508766724,-0.11034582162206043,-0.017057374884576523,-0.03884548832549225,-0.045588196010649715,0.09155105839230462,0.033565072500994754,-0.060415214131469795,0.329681317700033,0.04008108682208649,-0.13824742977405227,0.037636551705479276,0.03286337607228675,-0.03015127534352369,-0.015356501290288909,0.04998154094366928,0.05113912125717009
FINANCE,0.03412062622060405,-0.038247446936355255,0.021434968621070593,-0.07322292661899861,-0.0241419959918641,-0.029878111414976437,-0.015949588203846652,0.008105517038338178,0.0007837599592151661,-0.013885786597910956,0.019502327244086796,-0.014436581006305736,0.08156323139889216,-0.03077349694428607,0.03521994328445744,-0.03876341369625817,0.060939089996353744,-0.06658003050832607,-0.10270393996781316,-0.052666671324259236,-0.08901887185618182,8.136844548289016e-05,0.24476845072349035,-0.14614598450126992,0.023536691220696633,0.03669476177202417,-0.013195237624442774,-0.11616568169018482,-0.051555166828247866,-0.0001921435035863203,-0.0887236814790367,-0.0835335963831863,0.032383795824663726,0.0029243484270885045,-0.0018506551476555869,0.07048950758379618,0.1519618944673659,0.03392134383211992,0.15858160186339598,0.025151097475386158,0.033581582106695936,-0.018388684786435128,0.1194196104876806,-0.06912824292099254,-0.08433210876276842,0.00012843774387419487,-0.008857467535126876,-0.11308584477650342,0.028468634411639115,-0.0025308125325555456
FINANCE,0.040052747830601615,-0.03171125009888961,0.015662186146599633,-0.1115434619130222,-0.03959756564470543,-0.06735677284777197,-0.09496330960674623,-0.05248647539619433,-0.08624972293063579,-0.007425626576132777,0.04044338401354204,-0.16502927766304415,-0.03728416026154673,0.08824929533760666,0.015020463535869208,0.04878227659210598,0.028727280652242435,-0.00967825070905717,0.013915168211230417,-0.08581380355277854,-0.17356918244474792,-0.04464825702406299,-0.013236953486345272,0.028866495017983197,0.033708317428648986,-0.005533218959013458,0.02881647339523606,0.04603610636126956,-0.0006076949772529619,-0.047172092982156286,-0.0238970849106093,0.08178645522563349,-0.0638086261343539,0.031810467437726204,-0.0163007081032277,-0.22379613427564074,-0.15393426315800512,-0.04538416675487184,-0.013353377048748514,-0.09712520950633839,-0.10405719418442234,-0.10960432799548998,0.06971135425757868,0.014990507033094102,0.0020093714927769393,0.07805673281928542,-0.16104133115269337,-0.07743689697390634,0.01576788536519718,0.008317450370321172
FINANCE,0.03921629846991438,-0.0448676510838685,0.018669367117615607,-0.09401334589325148,0.027449355981718805,-0.018465715755991863,-0.06262912976829221,-0.0134491906757394,-0.07160606575296234,-0.0031311843383199874,0.04415705519373246,0.004980940575900604,-0.0037038753868888856,0.0073934249792957105,0.036541746942030745,0.010032913696392658,0.029713627202338454,0.00881748138763739,-0.031327376984045086,-0.05980944066641109,-0.03435862765233385,0.007809453158257619,0.02598357765647665,0.00862581791355777,-0.09611165736243231,-0.12704922690736206,-0.022520018296118407,0.05995092568370328,-0.08513317086291373,0.018043702754107202,-0.019877148791493576,-0.00903089433709754,-0.0628011647198236,-0.07589702568670546,0.09200652261088585,0.06810187662666191,0.07623752624053899,0.003885429529505873,0.0029728614687728866,0.1104544663586985,0.06822670418720833,-0.07074369508925837,-0.1315253732699672,0.050952921833064636,-0.05981204977085555,-0.11572673345057033,-0.07534534798656761,-0.06607272715132809,-0.008645548471235172,0.12673303787214868
FINANCE,0.033484424477687895,-0.04777518574816522,0.028934352925505356,-0.10815762199584643,0.09432162536721893,-0.028782064599858444,0.026106377949111817,0.015081356492010421,-0.007247062053510289,-0.021773204218782576,0.017228572791182322,-0.013039277603034933,0.02355278438730686,-0.022683609417472602,0.012208738359748672,0.019719880730677795,0.015652856586721553,-0.018405825148560095,0.017739457176433993,0.007573546230057066,-0.009929475580693667,0.003442733044789888,0.03155179625428821,-0.03968193543057564,0.015752937545817112,-0.07861694993875651,-0.025411900143263888,0.06953073800384421,0.08186330979423792,-0.07624052326604534,-0.01497349585871488,-0.08245631365643759,-0.03726051874136246,-0.13319617950212187,0.056357428066128146,0.014061797069828616,0.04148753238923437,0.014641729678544279,0.010712381146810983,-0.01688652833115423,0.13805108683152764,-0.10619496700837265,-0.20698872284422273,0.016456269535204387,0.03977877254057118,0.012535700764822511,-0.20530919050408525,-0.10182976882645008,0.13781846452713797,0.050589321053859326
FINANCE,0.03662359821582688,-0.03668019100857549,0.024026358270565224,-0.08125954614331436,-0.020386099640459135,-0.043173744496938594,-0.031141340947659815,0.002944597891774462,-0.06408240048093297,-0.021987927753161128,0.01200469092558547,-0.01967868783176828,0.01623631258884817,-0.017517392140808257,-0.004202266779710079,-0.015048727929577007,0.009894887822452495,0.006225326140552156,-0.03057629871525488,-0.02538339674277679,0.006656007949916206,0.025152763547853074,0.0591841334558232,0.049679301505029076,-0.08289359819886083,-0.10869287225798069,-0.06304379620124417,0.05809347726103294,-0.03191112164904927,0.011398668818527987,-0.03563892190777934,0.024951711362740867,-0.09372344204804908,0.10361509259318029,0.03152151074681993,0.006486893592038934,0.012905643812918631,0.05787262822402489,0.061097986877890094,0.10302608453628292,0.047294009874249705,0.029849362156493055,-0.06273195028367005,0.1633901978831723,0.049109147929612816,-0.1387103599876971,-0.023889783569823395,0.09278021830811584,0.17334503273073182,0.06210100629679842
FINANCE,0.11689564985886033,-0.0491099249042198,0.004339529564823017,-0.09955270169381489,-0.11692015193452938,0.015857299281592043,0.034504428586092685,-0.031306845878349136,-0.03946092483479977,-0.05542877381750451,-0.02504986491703363,-0.042590761006535915,-0.04765797242486178,-0.03952706405182973,0.19319267143133306,-0.03909061085232419,0.0994854698205748,0.0413488317923902,-0.0355875432444481,-0.05204115380763911,-0.009772844232059473,0.0018168910521439339,0.02535035110268825,0.08180991658444534,-0.07044550363589547,-0.09181930745912538,-0.06689435526880788,0.021824397770033477,-0.05485683337612278,0.036401936441315876,0.06393166781730827,0.05592766417882871,0.050060080247167404,0.00675006833635662,-0.0523137010468612,-0.06761755918457603,-0.09833075537776532,-0.05796330450526501,-0.03986423132368495,0.033917251833241076,0.04029259705664838,-0.01314385765531392,-0.14644052388073694,0.035308975211729016,0.15749952214794086,0.15700500204615053,-0.17017701166099838,-0.08255785651002112,0.15057852265663754,-0.0797070923855026
FINANCE,0.07640573596045276,-0.036234441222194366,0.003716350700208835,-0.10656047996037939,0.028471309935060994,0.05816559074060899,-0.061138180915746576,-0.03898823464856169,-0.006661787322713469,-0.0070866107704076675,-0.032783246941356016,0.05673076971803572,0.003045278501370966,-0.023445744356805458,0.05022665378982499,-0.021449657908439036,0.019713271490168858,0.020303045136667062,-0.0185064903535045,0.032448480785401815,0.056832624007685004,-0.007847809206844013,-0.10311270119750872,-0.029374487634037126,-0.07216439254546107,-0.005301607274249207,0.0031688754284276755,-0.02922045357576408,-0.05428933583591154,0.04121416460509715,-0.07966677712646346,0.0053037798714833,-0.08203570209144948,0.14640659624881341,0.17530401922168437,0.010341343354039348,0.153931060690741,0.10097833829309978,0.09233555695146063,0.03711453676892951,0.17831333434482038,0.09429188218521835,0.1103286968532494,0.06545868255979245,-0.03738461658579372,-0.06988816520487572,-0.18708969818741555,0.2481797807674887,-0.06859766173719088,0.03098963193437743
FINANCE,0.05651005584872706,-0.03817462875198935,0.012911289107511773,-0.0947324741591698,-0.05446638136759418,-0.0189220962279719,-0.03695807921248885,-0.019837247258926015,-0.03725000602080805,0.007955646306090544,-0.010726327580564998,-0.02313006756194702,0.09178091734546022,-0.035058807721581965,0.06647297294638595,0.045397001604007545,-0.030239998140060013,0.02916313665192602,0.032239013495080106,-0.007124752256686845,-0.028724612291614784,-0.05941871676298019,0.03973727493143778,0.02655741221149649,-0.049079493217366495,-0.06857158518664018,0.020809567477208513,-0.020794809818457934,-0.03875059338905045,0.011969855564175095,-0.022250292566421897,0.07641530718947326,0.0058354990420963655,0.0408188764931675,-0.06962433805356157,0.04718654499370675,-0.12089414816485029,-0.04988375944082211,0.036587750288974596,0.040676008807370774,-0.10360930143967576,-0.15616784414931675,-0.10562756236681356,-0.019198305973679226,0.011651663738465733,0.04045594847771214,0.04635591619110571,-0.0588975123415635,0.24345665159284144,-0.0575916232206211
FINANCE,0.0710430694087006,0.001073388384150573,-0.013522362076199562,-0.16393495324712937,0.20147523978453355,0.031930290424269876,-0.4060519930632739,-0.2077342881965172,0.00039434172463608593,0.25267141775022056,-0.2073061816008932,0.45420035778533696,0.290187528547274,-0.033313461915629804,-0.07567149426469395,-0.13244754604050804,-0.00410846577766178,0.02282637046087429,-0.020355394740350957,-0.08788203220138073,-0.012467910202146498,0.10967738541265616,0.025187909225205425,0.24354430458995,0.13002508531170806,-0.008665769449385161,-0.01624005713331672,-0.003590509436335596,0.015605381572811496,-0.02852999133131795,0.025783601658513178,-0.016875458275938896,0.09817945588426458,0.022122680748618652,0.00023026992447382268,0.021236149052859452,-0.1368186222612663,-0.021315490097976383,-0.008881049514446357,-0.030546290613366084,-0.10413293725635439,-0.09061874111670605,-0.018052045077152405,0.11568873415181351,-0.008253531779346294,-0.03081808654205665,0.023455993798162163,-0.015491490721082024,-0.029276680316616517,-0.023872337464338346
FINANCE,0.02829366890437987,-0.021331778298077083,0.004175960081262653,-0.0861357869149299,-0.016281669624743103,-0.08524413646427915,-0.006354272493192734,-0.007048715694279287,0.029443839762310214,-0.031286725667925695,0.045399519644158774,-0.07490327286282195,0.02566244028004444,-0.21297408334681447,-0.19960706910763434,0.3492435920382086,0.04122121613064144,-0.14489703488096906,-0.4734033868240554,-0.23975328035790425,0.32174410815801063,-0.025521466690383948,-0.13119701217383894,0.01323964282217093,0.10361477412613566,0.0733288386642628,-0.10927483800050804,-0.08406090865034278,0.06629232413804893,-0.09344016945672007,-0.01291178341761595,0.104674829796459,0.010299821593437212,0.010564073170409563,-0.04844583882727054,-0.03994656353201683,-0.021116585174644476,0.03500573131046591,0.00927562271398147,-0.028093512193135068,0.025579552949069558,-0.03100197413925304,-0.05342639453753803,-0.025399104466088042,-0.029757844706020626,-0.0073786151726637165,0.001202654119649362,0.012780136550703649,0.03579019247799273,0.02448946348257124
FINANCE,0.05700137077949159,-0.04937607224313406,0.04870677846781533,-0.09095619220954855,0.06087520144875122,0.006644368457440245,-0.21347277229722986,-0.09399807861380753,-0.04162079982287655,0.10349378080710671,0.021615956266734206,-0.1077347001487648,-0.05229874198443891,0.1710655698662644,-0.010197390226241216,-0.0925612158116511,-0.06956634191859813,0.010779605180672861,0.004045962036039371,0.2564198664820475,0.6045574540650284,0.13764593516052573,0.3400177241643678,-0.17077886289366528,-0.08822692394748392,-0.170386721802044,-0.004292320425046583,0.11548083008261281,-0.144762966893812,-0.004329245504566926,0.10825291910065621,0.054127832207880124,-0.0047016973641696635,-0.026428813097266437,-0.0438849845558263,-0.04795613102494436,-0.03649856258769931,-0.012072365276259526,-0.032359931483400245,-0.08992527943878917,-0.07651043830949066,0.0009021450804988024,0.04938284335589213,-0.035456648696759394,-0.01555522493412577,0.0126661399385634,-0.003921650172602166,0.0006772620771106548,-0.029449552777000964,0.013148506956760422
FINANCE,0.041359543687375364,-0.05623880705987056,0.02776869109550784,-0.15453930601516852,0.09198372718382597,-0.060194002997583,-0.3238923691439244,-0.12759754716894237,-0.17517028678201038,0.12206824701560587,0.10135722164907417,-0.28437436990796355,-0.1959738219987167,0.303849254796861,0.01786840727759031,0.03138177185868308,-0.057401773531394217,0.03250018017732438,0.02538256515484576,0.12778570381270485,0.05190506142946827,-0.0066112528440666765,-0.08254097202539755,-0.1181587898247762,0.1702974946401699,0.21508870568032995,0.08461478762137487,-0.09016774868178169,0.17890520972453441,-0.07043360808880564,-0.0837321675011312,-0.09078436142649278,0.0155311366337817,-0.05522119349238289,-0.012440437796797708,0.07896491360724671,0.06641782164460866,0.08354840997186105,-0.006822691347231222,0.07095767383190214,-0.03800119632546934,-0.03156573260343561,-0.1258631133169439,0.05025228072697338,0.02437311287309528,-0.07240789046655234,0.05905284025484371,0.036805563047136385,0.14371216058637903,-0.035919457617618125
FINANCE,0.05253995670134176,-0.038917536025169286,0.022094899998914286,-0.10434329516855247,-0.1256137763353584,-0.03997580763759172,0.06840810956342341,0.02727688895190256,0.015448593727032682,0.05901214191865781,0.02801591185028943,-0.1537035771949621,0.38733737916215766,-0.07070658396533523,0.1084005451693731,0.29255368548399935,-0.2768087497381855,0.26721742711036217,0.19276399557649532,-0.0034217027754504296,-0.012265699204547849,0.05454128459162261,0.05003786849081166,-0.03136052088528303,0.016542805772549893,0.1151110683190836,-0.07507328457630917,-0.029188439171080906,-0.037206057674329454,-0.03919922444434794,-0.01156703435834164,0.051320081696701436,-0.011857956219227469,-0.0002552495641704839,0.012296644071813906,-0.03305586885274435,-0.025377459053697884,-0.04411078189330552,-0.030852771533105106,-0.02381873829517895,-0.03636860662389309,-0.017486360698750716,-0.026713217732622786,0.007140432647472905,-0.046467998012079445,-0.06769143731844986,0.013448958747063377,-0.017876458237736974,-0.03183166871200001,0.0762334259205622
FINANCE,0.06338027842715879,-0.04537400468781462,0.019139904144577197,-0.11154986882195238,0.05191155552069369,0.011264308148567215,-0.1764041272340423,-0.0812606666622357,0.012112380611857649,0.11178919577807012,-0.044756696524504536,0.08458576074651444,0.21556739895208796,-0.03230283482896658,0.013239500014855844,-0.058534282757357135,-0.019964576893930195,-0.03685854292706268,0.0064736791615861945,0.08780035069324661,-0.012392348912359661,-0.13004547879773787,-0.02543885303081246,-0.0009306000517557963,0.017635345151518517,0.03416800889976594,-0.0325880357456928,-0.07561171819392978,-0.012568902649631106,-0.01884928376563758,0.04257280303887579,-0.045502794288875596,0.07791159578921548,-0.021782613390029806,-0.0027917615263541693,0.04610978057988166,0.029005762534629123,-0.12677767810186474,-0.012851741978513628,0.10921383405863283,-0.07723217887569324,-0.05056448326960076,0.0006848324320844099,-0.01884233532257583,0.051668527580994224,0.03289241685340539,0.1313841119757847,0.04908256068423104,0.054068350037304966,-0.011623127530591327
FINANCE,0.1043690920994721,-0.05615117929547739,0.02613798238835971,-0.21319726225745655,0.13799560774065636,-0.07143882568752123,-0.3262113139074319,-0.18472144280422517,-0.23207693212845687,0.11073654843379958,0.013163689574447383,-0.21701540909553396,-0.16674002106104321,0.221498423272203,0.016056598890938047,0.05549665055579738,-0.03356040557879157,0.07070705000580102,0.02477759774051489,-0.022947828831311433,-0.07789169374319092,-0.0024735922422865733,-0.14639954580216677,0.04331367491445071,0.060444372845631825,0.07474965342020051,0.0024905881743365024,-0.09040242455355509,-0.009350991246339835,-0.02286925585106587,-0.08272862133940934,-0.07469807019594346,0.058129251033724356,0.0035794727358144057,-0.01963803276004,0.07194556924131053,0.09078408828679913,-0.04463904220865523,0.029489072728915516,0.0925951670241215,0.06966537793661219,0.03568770248438556,0.03081197629630514,-0.0256770413319389,-0.01336356613576939,0.07623063698566766,-0.06050820739519114,-0.010489928160147006,-0.0650200494683615,0.027931745095932627
FINANCE,0.010024942877281852,-0.02135603756875098,0.01799609020669947,-0.07015001939822277,-0.011152286960961936,-0.057342171185199665,-0.006958348065666074,0.014206472581557356,-0.037155519554719414,-0.01623258254209939,0.0733877271569168,-0.05753747035027729,0.056978904253910556,-0.13363079673713407,-0.15024487927373742,0.04546637630438534,0.12878957250519585,-0.004910008209303476,0.04404810731555344,0.08358077341095713,-0.03396481195489792,0.007550680651596805,0.044074374603734846,0.05510524619730182,-0.028393251459648577,-0.17260225030796006,0.06188388373966594,0.21065087917117908,0.11319691080057484,-0.04466889851620132,0.005468064961652732,-0.27116592598582945,0.021596603462272355,-0.26029596227719387,0.08186545983512335,0.1582669697630879,0.04364267813591578,0.13451458440869776,0.04650378826468515,-0.19439127826050437,0.19082300916858166,-0.17323125334678116,-0.13876976091562604,-0.04280288037178201,-0.05529657785243658,0.0031601328274285857,-0.10183496779338096,-0.009414701749468408,-0.05171433576902445,0.09745445250348017
FINANCE,0.06541264218644591,-0.05327266262857743,0.02213235869869714,-0.06614429155291199,-0.03140343637466104,0.04861871516961077,0.013492041515270243,0.02681639759136916,-0.025691000744689475,0.05341264525412977,0.032928567675996015,-0.016129182200325144,0.040300713359848216,-0.007781018534532416,-0.0012728689209053656,0.028748466563511384,-0.018803802972950208,0.003132816047580293,0.024967507777910056,0.015659563134674075,0.004011708293019966,-0.00974133520723152,-0.013790123139771342,-0.028016293052894378,-0.01161621816922289,-0.018114565775735284,0.005013358025243561,0.027931403403429853,-0.020920136345839366,0.013110773278101645,0.022395798277566093,0.045466238290932666,-0.04458589022348911,0.05116672781258889,0.011192467068274247,0.03933976971683248,-0.05130656738062105,0.15551189148216693,0.04862474106615252,0.06715746428311577,-0.040547899688270765,-0.013084290600382853,0.09458986946232298,-0.008080255522168678,-0.0637196172075611,0.336724153628252,-0.16308343068647366,-0.00554363341384876,-0.06941990313369714,-0.18962229256255758
FINANCE,0.05726957748865778,-0.03498538856577904,0.017068926228291377,-0.07968192824850628,0.0002930659764725497,-0.040722996033943075,0.03569708376254768,0.007204463261720837,-0.017991233611657297,-0.09440920745596604,0.01864208324315792,-0.027860956645678475,0.02129197106539355,-0.14555274512643582,-0.08605400202929828,0.19618785027035254,0.03537732194517038,-0.12537432024555684,-0.30821770119363334,-0.11804410791134103,0.16501130703131234,-0.022390935838698972,-0.05333853268058834,-0.014592487377348608,0.03668283034929938,0.05420343792339119,0.0751987471606343,-0.05666528388648472,0.021695556249959995,-0.07790189652549477,0.04174768268876392,0.060968119460677365,-0.05824756845835323,0.020243179675226642,0.006732992638036768,0.017533390782668964,-0.03649671596298944,0.057625816368613074,-0.027361173241467782,-0.09111292417993047,-0.033228751156989304,-0.11131787850982239,-0.06484320935845785,-0.053591135674105,0.05916419124817158,0.07848677640454928,0.003951477658724366,0.06653952527267144,-0.018542570177144804,-0.09983144540578971
FINANCE,0.1268092236935625,-0.07632853768701077,-0.0005847993182834576,-0.0003321848093480302,-0.12438110081584977,0.047154294475757745,0.15769236201625902,0.050031242757242314,-0.1352746050948655,0.16538117975977357,0.0036045809324914014,0.015853058526270253,0.044740457456829565,-0.03553356090742094,0.0548461303237143,0.027101564592483533,-0.07436527516513489,0.005665452515683215,0.016363712546854852,0.013754195316823809,0.020503143563620745,-0.010724081090164957,0.00938339016160093,-0.03677575329008239,0.029279066381590085,-0.058403635699858715,0.09476968869099121,-0.02412268754152112,0.07672356439997238,0.016658376236772965,-0.004987571055072875,-0.002988206534341059,0.004898338770489973,-0.004489652640015512,-0.0266240779801876,0.03108680196215515,-0.03652173981954913,-0.007126154472210831,0.06920883586966112,0.046527242935153056,0.01428157268997551,0.12610477305354018,-0.00022416772275479327,-0.019905427170660964,-0.14716874050092005,0.21398612668276232,-0.05907515762984327,0.0834078327824123,0.04909882941818004,-0.1134610734534379
