Label Kategori,Teks Bersih
SPORT,banjir asi games jepang aman kota nagoya jepang tuan rumah asi games terjang banjir ajang multievent aman lansir reuters selasa hujan lebat banjir landa nagoya prefektur aichi lapor orang alami luka ringan orang ungsi tampung air hujan rembes masuk lokasi selenggara asi games nagoya jelang buka kompetisi september orang staf atlet negara evakuasi rabu walikota nagoya ichiro hirosawa sebut banjir surut ajang asi games aman jalan atlet luka situasi parah ancam buka ajang tanggal ichiro situasi selenggara asi games ichiro pantau kembang hujan potensi banjir tegas asi games jalan informasi milik selenggara ajang tunda tutup aff cas
SPORT,debut asi games ubed sabar rebut emas regu putra moh zaki ubaidillah jalan debut asi games aichi nagoya main tunggal putra andal indonesia sabar tanding sumbang poin tim regu putra pbsi pasang target medali emas multievent besar asia nomor regu putra salah sektor andal tunggal putra regu putra ubed bahu bahu jonatan christie alwi farhan muhamad yusuf ubed aku antusias sambut asi games pertama merah putih senang main asi games kali pasti sabar main regu kalah tim support menang ubed temu pelatnas pbsi cipayung kamis siap ubed sebut program latih khusus tingkat daya tahan latih lapang kondisi fisik bagus juara thailand masters ubed sadar beban saing asi games ringan pilih jadi motivasi beban moga nikmat tanding tim pasti saing ketat mudah tantang kesiap mental ubed ajar alam tampil juara asia sea games ajar kalah kalah evaluasi kasih baik match ulang salah dukung tim ubed tekad baik debut pasti sabar main regu kalah tim support menang pungkas runner sea games tonton video lihat momen selebrasi ubed thomas cup
SPORT,men world tennis championship rifqi rafalentino tembus babak tenis indonesia muhammad rifqi fitriadi rafalentino ali da costa lang babak seri men world tennis championship laga babak tunggal putra itf world tennis tour bal beach country club nusa rabu rafalentino hadap tenis india shanker heisnam tenis mudah menang set langsung tempo menit ulang menang shanker seri iv pekan kalah shanker pekan motivasi ulang main beban babak fokus strategi hasil maksimal rafalentino rilis detiksport langkah lakon rifqi fitriadi main lapang hadap wakil swedia eric ahren moonga rifqi karakter serang garis dominasi main menang tempo jam menit babak rifqi temu tenis kualifikasi australia hayden jones menang raghav jaysinghani tuan rumah hilang wakil babak utama juang anthony susanto jam menit tantang unggul enam selandia isaac becroft gagal buah menang unggul tiebreak set tahan tenis isaac runner seri iv menang rubber rame mrp yna
SPORT,kevin sanjaya antusias lihat semangat talenta bulutangkis indonesia audisi pb djarum kudus kevin sanjaya momen upaya kejar mimpi audisi pb djarum kudus helat gor djarum jati rabu minggu serta asal penjuru indonesia sumatera papua mantan atlet bulutangkis indonesia nama kevin sanjaya libat tim cari bakat pb djarum sosok legenda pb djarum hadir gor jati nostalgia kali ikut audisi pb djarum senang juang adik adik gigih mentalitas tanding hasil apa lapang poin pebulutangkis andal menang takut kalah imbang kevin rilis terima detiksport antusiasme adik adik audisi kali angin segar regenerasi bulutangkis calon calon pahlawan olahraga indonesia sambung bibit potensial sebar kategori usia ku ku putra putri kudus kota tiga laksana proses seleksi pebulutangkis muda kualitas super ada pekanbaru juli makassar agustus tepat olahraga nasional ambil peran dukung maju olahraga indonesia bina atlet usia audisi pb djarum salah langkah temu talenta talenta muda potensial daerah program director bakti olahraga djarum foundation ketua pb djarum yoppy rosimin ran ran
SPORT,atlet muda modern pentathlon sempat karier militer modern pentathlon tanding momen ulang hut tni ketua urus pusat modern pentathlon indonesia pp mpi marsekal muda marsda tni purwoko aji prabowo apresiasi modern pentathlon cabang olahraga olimpiade gabung disiplin beda anggar renang lari tembak rintang obstacle ganti disiplin kuda modern pentathlon indonesia open rebut piala panglima tni jadwal akademi angkat udara aau yogyakarta september hormat modern pentathlon delapan cabang olahraga tanding rangka ingat hut tni sukses modern pentathlon indonesia open rebut piala panglima tni purwoko aji prabowo damping panglima koopsudnas pangkoopsudnas marsekal madya marsdya tni minggit tribowo ada modern pentathlon indonesia open wujud gema bina modern pentathlon bentuk karakter generasi muda disiplin daya juang talenta juara sambung wawancara medai ruang leo watimena koopsudnas lanud halim perdanakusuma jakarta timur selasa purwoko aji prabowo kabar gembira atlet muda modern pentathlon tampil rebut piala panglima tni pp mpi awal fasilitas menang kategori milik minat lanjut karier dunia militer jalur prestasi buka sempat juara kategori tarik gabung anggota tni coba fasilitas sempat panglima tni buka lebar bibit bibit muda prestasi pungkas marsda tni purwoko aji juara piala panglima tni buka saing kategori senior putra putri nomor utama uji tahan fisik mental atlet liput pentathlon triathle biathle purwoko aji menyampaiakan kembang prestasi modern pentathlon indonesia alami tingkat prestasi signifikan sea games thailand timnas modern pentathlon indonesia sumbang medali emas perak perunggu pp mpi atlet tampil asi games aichi nagoya atlet modern petathlon indonesia maksimal baik tampil asi games khusus modern pentathlon indonesia open harap muncul bibit bibit potensial bina siap hadap single multi event internasional tutup ran aff
SPORT,romy tahrizi juara nasional shifter dewa united juara nasional gokart enam putar hadir saing ketat seri romy tahrizi hasil juara nasional shifter dewa united motorsport juang musim pasti raih romy final race round september balap profesi lawyer kantor ahhn lawyers tempat posisi klasemen selisih poin puncak klasemen tampil konsisten aman posisi balap romy hasil unggul saing dekat kumpul poin musim hasil antar puncak klasemen juara nasional gokart kelas shifter capai hasil proses mudah balap usia salah balap senior kelas shifter romy kondisi fisik mental optimal balap gokart intensitas butuh stamina konsentrasi daya tahan fisik prima hadap rangkai kompetisi musim enam putar januari september romy catat menang kali finis runner kali gagal selesai balap toreh romy hasil koleksi podium gelar juara nasional shifter performa romy lepas dukung penuh dewa united motorsport konsisten siap setting gokart baik putar kolaborasi balap tim salah faktor jaga performa aman gelar juara nasional bahagia lengkap hasil romy antar dewa united motorsport juara nasional tim juara nasional gokart romy balap dewa united motorsport kenal sebut anak dewa hasil kontribusi capai saing putar kondisi penuh tantang balap ancam tiada akibat abu vulkanik erupsi anak krakatau capai kawasan sentul karting circuit kondisi muka lintas debu jarak pandang balap batas alami tunda jam balap langsung tanggulang organizer tugas madam bakar semprot muka lintas kondisi tambah tantang balap tentu strategi jaga konsentrasi balap gelar juang mudah musim jaga konsistensi fisik jaga fokus evaluasi seri seri saing kelas shifter ketat jaga kondisi sibuk lawyer romy tahrizi nyata resmi syukur kerja keras tim buah hasil terima kasih besar dewa united motorsport support setting baik seri gelar milik milik tim keluarga sponsor dukung romy hasil raih gelar juara nasional jalan motivasi hadap tantang jadi capai motivasi kembang target tahan gelar sempat coba kompetisi level internasional percaya keras ajar mudah serah capai mudah mudah prestasi baik dewa united motorsport romy romy tahrizi tekad tahan gelar juara nasional buka peluang tampil kompetisi gokart internasional komitmen jalan dewa united motorsport percaya dukung musim capai romy apresiasi jajar dewa united motorsport sponsor keluarga kerabat dukung percaya jalan kompetisi hasil raih gelar juara nasional shifter ran ran
SPORT,asi games tum pbti taekwondo kontribusi indonesia asi games ketua urus taekwondo indonesia pbti letjen tni richard tampubolon optimismennya cabang olahraga pimpin asi games aichi nagoya jepang ajang multi event olahraga asia resmi buka september tutup oktober presiden ri prabowo subianto resmi lepas kontingen indonesia istana presiden jakarta pusat rabu ketua urus taekwondo indonesia pbti letjen tni richard tampubolon hadir acara sempat prabowo pesan atlet jaga konsistensi latih orang nomor indonesia harap wakil indonesia karakter bangsa kunci utama raih prestasi tinggi konsistensi latih semangat pantang serah harap atlet karakter bangsa indonesia tangguh tanding jepang prabowo pesan motivasi atlet indonesia wakil taekwondo indonesia bawa merah putih aichi nagoya siap evaluasi sambung atlet taekwondo kontribusi maksimal jaya indonesia richard tampubolon asi games aichi nagoya salah panggung taekwondo indonesia hasil menjadibukti keberhasilanpbti bina siap hadap saing level asia ran krs
SPORT,bni dukung skuad bulutangkis indonesia asi games pt bank negara indonesia persero tbk bni dukung juang bulutangkis indonesia panggung internasional iring tetap bulu tangkis kuat merah putih asi games aichi nagoya jepang main pilih satu bulutangkis indonesia pp pbsi main jalan debut asi games alwi farhan moh zaki ubaidillah muhammad shohibul fikri nikolaus joaquin mutiara ayu puspitasari rachel allessya rose nita violina marwah tujuh main milik alam tampil asi games jonatan christie fajar alfian leo rolly carnando daniel marthin putri kusuma wardani febriana dwipuji kusuma siti fadia silva ramadhanti corporate secretary bni okki rushartomo komposisi main alam debut proses regenerasi bulutangkis indonesia asi games aichi nagoya sempat main uji mampu tambah alam level internasional bni harap atlet kuat indonesia mampu baik hadir main alam debut regenerasi jalan jaga sinambung prestasi bulutangkis indonesia okki terang tulis rabu asi games hadir kombinasi sektor ganda campur nikolaus joaquin siti fadia silva ramadhanti jadwal tampil pasang ajang kompetisi pasang beda okki hadir kombinasi main sempat luas alam tanding tambah alternatif indonesia hadap saing level asia utama harap tim indonesia tampil maksimal nomor regu putra putri harap atlet performa baik nomor orang okki nomor regu bulutangkis asi games jadwal september lanjut nomor orang september dukung juang atlet tepat momentum olahraga nasional haornas ingat september bni haornas ingat dukung lanjut bina atlet kembang olahraga nasional bni juang atlet asi games inspirasi generasi muda prestasi bawa nama indonesia tingkat asia dunia prf ega
SPORT,tebak sirkuit motogp saldo wallet rp ribu ikut motogp hafal karakter sirkuit tantang tarik ikut bold riders detikcom hadir kuis tebak sirkuit motogp hadiah saldo wallet total rp ribu kuis serta tantang tebak nama nama sirkuit siluet postingan kuis tantang sempat uji tahu serta lintas motogp tarik kuis andal serta ikut mekanisme tentu ikut kuis sesuai tentu kuis tebak sirkuit motogp ikut kuis serta syarat mekanisme follow akun instagram detikcom boldriders tulis nama nama sirkuit sesuai siluet slide postingan kuis kolom komentar mention detikcom boldriders teman dekat ramai kuis pasti mekanisme sesuai tentu kuis uji mampu serta nali sirkuit tampil siluet gemar biasa ikut balap motogp bentuk lintas karakter tikung tunjuk tentu hadiah saldo wallet rp ribu uji tahu sirkuit motogp kuis tawar hadiah tarik detikers saldo wallet menang hak saldo wallet rp ribu total hadiah siap capai rp ribu jago nali sirkuit motogp lewat sempat tantang siap baik ikut mekanisme laku bukti kenal lintas motogp bold riders hadir wadah komunitas motor multigenre brand jenis motor gabung semangat brotherhood jalan berani pacu adrenalin ambil risiko sirkuit bold riders bangga sponsor resmi gresini racing team ajang motogp komunitas bold riders dukung penuh nilai nilai jiwa motogp cinta roda berani tampil beda live bold berani ambil putus hitung detik mentalitas maju kembang passion kuat dunia roda dedikasi harga proses latih disiplin prinsip jadi jalan alam semangat brotherhood solid rangkul genre motor sekat tinggal seru follow akun boldriders update info baru putar dunia motor motogp prf ega
SPORT,latih timnas voli putra ri target medali asi games latih timnas voli putra indonesia reidel toiran pasang target medali asi games optimistis tim kejut timnas voli putra indonesia kuat main main alam skuad dio zulfikri farhan halim fahri septian target medali anak anak semangat optimis kompetisi surprise kejut reidel temu wisma serba gbk rabu reidel tim jalan latih berat pekan manfaat maksimal kondisi fisik main berangkat asi games latih berat latih lepas fisik maksimal evaluasi fisik fase maksimal taktik reidel reidel waspada jepang india china soal saing reidel sebut jepang india china lawan berat indonesia sisi nilai performa tim alami tingkat indonesia hasil juara avc men cup tim merah putih kalah korea selatan tanding final india tim tim baik jepang india china lumayan bagus asi games indonesia gabung pool iran thailand kirgizstan reidel harap dukung masyarakat indonesia juang timnas voli putra asi games masyarakat indonesia terima kasih dukung maksimal tanding harap maju reidel mcy krs
SPORT,tum koi atlet layan nagoya ketua komite olimpiade indonesia koi raja sapta oktohari atlet layan nagoya jepang kondisi kota nagoya terpa banjir akibat ratus atlet asi games jepang evakuasi inap prakira cuaca hujan tanding asi games september buka resmi multievent tahun september hubung noc jepang koordinasi laku khusus nagoya tim cdm intensif komunikasi perintah mapun loc aichi nagoya okto temu wisma serba gbk rabu insyaallah upaya pasti atlet layan banjir wilayah asi games fakta indonesia terpa tantang bakar kalimantan banjir sumatra gunung erupsi titik indonesia okto harap tantang atlet prestasi olahraga indonesia atlet tantang prestasi harap prestasi kuat semangat masyarakat indonesia hadap tantang hadap bangsa tantang tantang jawab menang okto okto nilai tim cdm milik rencana cadang situasi hadap timnas basket dampak banjir nagoya kali cdm olimpiade situasi kondisi plan todotua padaribu olahraga basket pede masalah cari solusi baik atlet skema berangkat tim asi games kloter skema maksimal sesuai kemarin berangkat airport tutup cari solusi komunikasi atlet ofisial tuju skema laksana utama layan atlet tampil maksimal okto mcy ran
SPORT,hyrox fanny ghassani pilih pace santai demam olahraga lari jalar kalang selebritas salah gari olahraga fanny ghassani kali jajal race fanny level sports enthusiast jalan debut nomor runxperience gelar oktober lari habis perdana nomor fanny temu kawasan semanggi rabu fanny langkah coba half marathon full marathon pasang target pilih nikmat lomba target sih lari tuh ingin anggap lari tuh fun gitu target tahap lari jam gitu sibuk artis salah alas fanny milik latih atur lari serius tekun olahraga beban capai lari fun aja latih kayak serius lari kerja kayak kerja kantor fanny fanny ghassani serius lari hyrox gemar fanny lari dorong butuh tingkat mampu fisik ikut hyrox kompetisi bugar madu lari latih fungsional sadar butuh fisik kuat hyrox fanny tambah latih program lari kali jajal race tingkat mampu fisik penasaran lari kayak suka lari orang suka lari serius lari hyrox hyrox delapan kali lari delapan kali station ajar lari cepat situ paksa lari ajak lari latih lari ko habis lari narik combine fanny ngoyo serius lari selebritas usia ngoyo ikut kompetisi lari kejar catat fanny sadar tuju utama olahraga laku jaga bugar sehat ekspetasinya gitu dampak hyrox lari sehat otot jantung angkat beban tulang otot bentuk latih cardionya paksa atlet kerja sadar pace santai santai pelan kencang pungkas runxperience gelar kota runxperience gelar kota surabaya juli gelar lanjut jakarta oktober surabaya runxperience gelar kawasan balai kota surabaya ikut serta ajang tanding kategori jakarta kategori sedia fun run half marathon mcy krs
SPORT,asi games prabowo janji bonus rp raih emas kontingen indonesia tatap asi games jepang presiden ri prabowo subianto janji bonus rp miliar raih medali emas asi games aichi nagoya jepang ajang multi event olahraga asia resmi buka september tutup oktober prabowo resmi lepas kontingen indonesia istana presiden jakarta pusat rabu momen prabowo pidato bonus atlet raih medali emas lupa lapor erick sea games medali emas rp miliar asi games medali rp miliar prabowo pimpin olahraga kemarin medali perak medali perunggu karier karier cepat sekian pangkat latih latih sambung catat edisi asi games perintah bonus raih emas nomor orang rp perak rp perunggu rp atlet latih asisten latih ganjar bonus perintah latih atlet raih medali emas orang ganda rp perak rp perunggu rp ran aff
SPORT,rizki juniansyah debut asi games kelas kg rizki juniansyah jalan debut asi games raih medali emas olimpiade paris aku pulih persen alami cedera bahu rizki tampil kelas kg putra salah andal angkat besi indonesia raih medali asi games aichi nagoya jepang alhamdullilah untui asi games pulih angkat insyaallah tanding maksimal asi games rizki temu wisma serba gbk rabu beda olimpiade paris rizki turun kelas kg asi games raih emas olimpiade tampil kelas kg asi games main usus buntu absen alhamdullilah asi games turun kelas kg change senior rahmat erwin abdullah jatah orang kelas kg rizki juniansyah berat badan power rizki usia naik kelas perkara mudah sesuai berat badan tingkat power hadap saing kelas kg berat lawan lawan jaga pola makan naik berat badan tingkat nutrisi protein makan latih full power tiga kondisi naik berat badan power manfaat tanding rizki berat badan kg capai kg jujur berat badan kg nyampe kg tanding maksimal berat badan rizki waspada negara soal peta saing kelas kg rizki sorot negara nila tantang berat korea utara china iran thailand korea selatan saing berat rizki tekad performa baik status raih medali emas olimpiade ekspektasi beban motivasi semangat tanding jadi beban beban jelek tanding enjoy negara target emas pb pabsi enjoy jalan usaha baik indonesia pungkas mcy krs
SPORT,cdm todotua monitoring kondisi nagoya chef de mission cdm indonesia todotua pasaribu memonitoring kondisi nagoya jepang jelang asi games banjir timpa kota tekan todo sapa karib kait kontingen indonesia tampil asi games kutip laman straitstimes ratus atlet asi games jepang evakuasi inap akibat hujan lebat landa kota tuan rumah nagoya kompetisi september air hujan rembes venue tanding prakira cuaca hujan mm hujan turun jam nagoya september dorong jabat perintah kota keluar perintah evakuasi wilayah kota memonitoring malam kondisi pagi perintah nagoya ofisial perintah provinsi nagoya keluar warning lock giat nagoya todotua temu wisma serba gbk rabu kondisi todo dampak kontingen indonesia hadir nagoya timnas basket kontingen cabor indonesia terbang nagoya tolak senin malam surabaya singapura jepang selasa impact nya hadir tim manajer pikir cari latih darurat prinsip putus perintah provinsi nagoya lock sport layan sekolah todo monitor kembang panitia menpora monitor kondisi pungkas todotua simak video bicara kesiap atlet asi games mensesneg siap
SPORT,asi games banjir landa nagoya menpora jepang plan banjir landa nagoya jepang jelang asi games kondisi perhati menteri pemuda olahraga menpora erick thohir perintah jepang langkah antisipasi asi games gelar aichi nagoya september oktober banjir landa nagoya sebab aktivitas transportasi kota ganggu kondisi venue asi games lapor aman selenggara jalan sesuai rencana erick jelas rencana perintah jepang hadap situasi alhamdulillah kemarin cdm ketua komite olimpiade indonesia koi undang duta jepang plan plan perintah jepang erick temu wisma serba gbk rabu perintah jepang perintah perintah indonesia mawas peduli rakyat erick nilai jepang milik alam gelar ajang olahraga internasional yakin milik siap hadap kondisi darurat event alam dukung cdm ketua koi fokus tinggal jaga makan sehat serah ahli erick masyarakat indonesia dukung tuan rumah asi games dukung tuan rumah perintah jepang kendala dukung putus panitia cdm lobi pandang solusi erick erick kontingen indonesia fokus hadap asi games putus kondisi lapang serah wenang indonesia ambil asi games gelar aichi nagoya september simak video bicara kesiap atlet asi games mensesneg siap
SPORT,tum koi menpora kukuh tim indonesia asi games ketua komite olimpiade indonesia koi raja sapta oktohari menpora erick thohir kukuh tim indonesia asi games aichi nagoya aksi laksana kukuh wisma serba gelora karno gbk rabu indonesia kirim atlet ofisial cabang olahraga bismillahirrahmanirrahim tim indonesia asi games aichi nagoya kukuh okto sempat menpora erick thohir hadir pesan harap atlet cabang olahraga tampil multievent besar asia indonesia kibar merah putih manca negara emas dahulu tepuk tangan buka erick puas lihat negara tetangga asi games kumpul emas bicara besar negara indonesia besar asi games segi duduk politik ekonomi natang hadir asi games kibar merah putih banyak asi games ajak menpora usia atlet hadir medali emas seraya atlet tangan serempak bukti bukti juang tinggal hidup hari keluarga letih tangis cedera tinggal erick potensi medali tantang potensi perunggu tantang perak potensi perak tantang emas potensi emas saing ketat negara investasi olahraga kemenpora berintropeksi ubah pola pikir arah presiden ri prabowo subianto olahraga duta bangsa cermin hidup bangsa asi games pantau dekat olimpiade tinggal siap pelatnas sinambung indeks prestasi main main anggar bawa hukum main main erick harap atlet satu komitmen jumpa presiden ri prabowo subianto harap satu komitmen ketemu presiden bulat tekad negara besar asia tenggara patut rebut emas banyak salam olahraga erick simak video bicara kesiap atlet asi games mensesneg siap
SPORT,motogp san marino jaga puncak klasemen prioritas jorge martin saing titel juara dunia ketat motogp san marino jorge martin percaya jaga puncak klasemen prioritas fase balap aprilia spanyol bayang marc marquez marco bezzecchi klasemen martin tempat peringkat atas oleh poin selisih poin marquez poin bezzecchi potensi singgasana ganti milik gelar motogp san marino jorge martin penting hasil juara grand prix misano istimewa tim italia fans aprilia pekan hebat cetus juara motogp warta crash lintas suka kerja bagus aragon target target sambung jorge martin pimpin klasemen tim aprilia selisih angka tipis prioritas faktor tentu mesti fokus kerja sabar tunggang rs gp baik balap kandang aprilia martinantor jorge martin tang balap grand prix seri prancis motogp martin merupaya patah dominasi ducati misano tang balap rin adp
SPORT,ganda campur indonesia rombak main sektor ganda campur alami ombak main kali dejan ferdinansyah pasang felisha alberta nathaniel pasaribu umum pbsi kepala latih ganda campur nova widianto dejan felisha ubah bagas maulana tandem indah cahya sari jamil eks ganda putra pasang apriyani rahayu indah partner nawaf khoiriyansyah tiga racik debut turnamen internasional bulutangkis dejan felisha tampil denmark open bagas apri indonesia international challenge surabaya nawaf indah laga perdana pasang malaysia super cari format baik sektor ganda campur kombinasi pasang dejan felisha bagas apriyani nawaf indah coba nova terang pbsi selasa main turnamen hasil chemistry komunikasi pola main konsistensi lapang situ evaluasi nova ombak program jangka olimpiade mudah mudah proses format pasang kompetitif depan harap nova mcy pur
SPORT,ambisi morgan holindo juara nasional eshark rok cup gokar muda indonesia morgan holindo puas runner eshark rok cup morgan juara putar enam kelas mini rok sirkuit karting internasional sentul bogor minggu morgan kuat dewa united motorsport team nasib sial alami mesin finis posisi morgan raih posisi kualifikasi lanjut finis sesi heat pre final morgan ngegas putar hasil aman poin finis runner national championship hasil bikin ajar kelas sd tzu chi senang musim debut alhasil morgan percaya tampil musim raih gelar juara nasional harap moga aral lintang muwujudkan morgan terang detiksport morgan sejati ikut juara dunia italia juara nasional kelas mini rok michael vino tolak tampil morgan tolak hadap uji nasional morgan kelas hadap uji nasional tingkat pasti prioritas sekolah moga juara nasional berangkat tiket hasil usaha juara nasional ayah morgan merlion sonmoahi morgan fokus tuntas didik dasar raih gelar juara nasional semangat morgan mrp rin
SPORT,men world tennis championship wakil ri seri men world tennis championship pasuk tenis indonesia raih hasil maksimal top babak itf world tennis tour bal beach country club nusa selasa nathan barki hadap tenis taiwan kai wang babak nathan tampil cerdik paksa kai wang main pola reli reli suka alhasil tenis salah buat takluk tempo menit main nyaman rileks strategi tim latih jalan sesuai rencana lawan tekan keluar main baik nathan rilis detiksport sektor ganda putra tampil impresif rafalentino ali da costa ethan david zapp lanjut seri lolos kalah anthony susanto yan chen cheng ethan rafalentino final seri iv pekan tampil dominan serang serang pola kembali bola servis sulit menang sayang sukses rafalentino ethan ikut kompatriot ethan jake frans ragil putra kareem abdul hakim partner tenis hungaria andrez nech langsung kandas babak tanding lapang ethan ragilyang tantang unggul tiga nick beamish matthew shearer selandia kalah tempo jam menit pasang gado gado indonesia hungaria kareem abdul hakim andrez nech takluk unggul empat arjun mehrotra ryotaro taguchi skor mrp bay
SPORT,hut tni riah juara tingkat nasional cabor ingat ulang hut tni komando operasi udara nasional koopsudnas resmi agenda rangkai juara olahraga tingkat nasional tni angkat udara au hadir kompetisi gengsi modern pentathlon open panah open rebut piala panglima tni delapan cabang olahraga nasional selenggara panglima tni sempat kotama gelar juara tingkat nasional rebut piala panglima tni rangka hut tni tni au amanat gelar cabang olahraga modern pentathlon panah marsdya tni minggit tribowo konferensi pers ruang leo watimena koopsudnas lanud halim perdanakusuma jakarta timur selasa acara pangkoopsudnas marsdya tni minggit tribowo damping tum mpi marsda tni ir purwoko aji prabowo mds askomlek kaskoopsudnas marsma tni ida bagus ngurah mardika putra mm marsdya tni minggit tribowo rangkai juara rancang kompetisi rutin sarana bina atlet muda pelosok tanah air sempat daerah cari bibit bibit atlet bina tingkat lokal nasional internasional harap sempat manfaat maksimal lahir atlet atlet bangga bangsa pungkas pangkoopsudnas agenda lengkap juara tingkat nasional cabor tenis open piala panglima tni september lapang tenis kawasan halim perdanakusuma jakarta sepakbola nasional piala kasau cup angkasa open september oktober lapang koopsudnas halim perdanakusuma jakarta modern pentathlon open piala panglima tni september akademi angkat udara aau yogyakarta aeromodelling september drone race oktober panah open piala panglima tni oktober lapang panah arjuna halim perdanakusuma jakarta laksana juara cabang olahraga paralayang laksana solo agustus ran bay
SPORT,ihr luas olahraga pacu kuda indonesia pacu kuda indonesia arah panggung dunia indonesia horse racing ihr kembang sarga co konsep olahraga hibur pariwisata ekonomi kreatif ihr kembang kompetisi tentu kuda cepat platform rancang ekosistem hubung olahraga kuda potensi daerah wilayah indonesia sarga co hadir promotor pacu kuda profesional satu indonesia ip indonesia horse racing hadir ihr upaya ubah pacu kuda kelola kemas kenal masyarakat olahraga milik sejarah indonesia dekat generasi ihr gelar sembilan event tema race rising stars pasuk sarga co bawa ambisi tema race world stage tema landas kembang ihr kompetisi profesional milik jangkau tonton luas pp satu olahraga kuda indonesia pordasi sarga co hadir delapan juara kalender ihr rangkai kompetisi gelar wilayah karakter tradisi kuda beda agenda ihr buka ihr jateng derby gelanggang pacu kuda tegalwaton kabupaten semarang februari kompetisi lanjut ihr triple crown serie pertiwi cup stadion sultan agung bantul april mei gilir ihr triple crown serie piala raja mangkunegaran gelar gelanggang pacu kuda tegalwaton rangkai lanjut juni ihr piala paku alam stadion sultan agung bantul agenda utama hadir ihr indonesia derby gelanggang pacu kuda legokjawa pangandaran jawa barat juli pasuk agustus kompetisi lanjut ihr merdeka cup sumatera barat rangkai ihr jadwal kejurnas seri ii sulawesi utara oktober kompetisi tutup piala hamengku buwono yogyakarta november syukur apresiasi antusiasme masyarakat selenggara ihr ihr juara lintas jalan bangun pacu kuda indonesia profesional modern harga tradisi arif lokal direktur komersial sarga co ana airin indonesia horse racing tradisi padu dekat industri modern kompetisi kembang profesional produksi siar tingkat alam tonton luas peluang komersial buka ran bay
SPORT,asi games tum koi tekan kolaborasi jelang asi games dukung atlet indonesia alir momentum ingat jalan podium hasil kolaborasi ketua komite olimpiade indonesia noc indonesia raja sapta oktohari tekan lanjut dukung atlet jalan podium bangun singkat atlet butuh dukung konsisten proses siap tanding bawa merah putih okto terang tulis selasa okto kolaborasi perintah federasi dunia usaha masyarakat kunci bangun ekosistem olahraga kuat dunia usaha federasi perintah masyarakat mang penting gerak bicara medali bangun ekosistem olahraga lanjut harap kolaborasi tumbuh dampak positif atlet olahraga indonesia lantas apresiasi hadir damping juang atlet olimpiade paris sea games asi games nada direktur pt tim indonesia emas richard sam bera nilai konsistensi dukung bahan bakar mental atlet richard sebut asi games aichi nagoya panggung bukti proses jalan atlet keras siap dukung penuh tanding percaya bawa semangat merah putih atlet panjat tebing veddriq leonardo terima kasih dukung masyarakat swasta atlet terima kasih dukung masyarakat indonesia damping jalan dukung motivasi tambah baik mohon doa dukung juang maksimal bawa hasil baik merah putih asi games raih medali emas olimpiade mcy aff
SPORT,nova widianto tangan ganda campur pelatnas pbsi nova widianto tangan tim ganda campur pelatnas pbsi selasa hadir nova umum pbsi laman media sosial federasi bulutangkis indonesia good luck coach nova tulis pbsi nova resmi kepala latih ganda campur pelatnas agustus percaya tangan sektor kali duduk posisi kepala bidang bina prestasi pelatnas pbsi eng hian alam rekam jejak nova alas kembali sang mantan main pelatnas nova sosok milik alam paham sektor ganda atlet latih eng hian ganda campur indonesia upaya saing level tinggi pbsi harap hadir nova energi sektor harap hadir bawa energi tingkat kualitas bina kuat daya saing pasang pasang ganda campur indonesia antar raih prestasi baik turnamen internasional eng hian kali nova tangan ganda campur pelatnas kembali nova lapang pelatnas periode tangan sektor ganda campur nova asisten latih damping richard mainaky kepala latih richard undur nova percaya latih kepala ganda campur tugas bangun sektor aktif atlet nova salah main ganda campur baik milik indonesia liliyana natsir nova raih gelar juara dunia sembah medali perak olimpiade beijing nomor ganda campur pensiun atlet nova lanjut kiprah latih kontribusi lahir pasang pasang prestasi level dunia alam lanjut tangan ganda campur malaysia nova cetak sejarah bawa chen tang jie ee wei juara dunia capai gelar juara dunia pasang ganda campur malaysia nova pelatnas pbsi tugas benah tingkat daya saing ganda campur indonesia
SPORT,timnas basket gelombang asi games timnas basket putra indonesia rombong kontingen merah putih terbang nagoya asi games moga timnas basket tolak nagoya senin malam terbang surabaya transit singapura nagoya jepang yudha saputera berangkat tanding sisih grup kamis buka asi games september kontingen tanding cdm indonesia todotua pasaribu harap khusus harap tim basket endorsement positif buka percaya tim basket baik buka asi games kabar cdm indonesia todotua pasaribu warta temu kawasan jakarta selatan turut momentum manfaat timnas lolos basket indonesia asi games slot buka rombong slot masuk cdm kali tim keluarga basi timnas basket indonesia kabar nagoya selasa langsung masuk kompleks athlete village adaptasi cdm tim sambut timnas basket putra siap masuk kompleks athlete village siap cdm dukung backup masuk official team cdm stand todotua berangkat kontingen sebut kloter kait atur berangkat cabor tanding indonesia ikut cabang olahraga jadirata berangkat tanding cabor rombong masuk maksimal kloter pungkas todotua mcy aff
SPORT,nikmat seru lari solo run fest beli tiket via brimo lari urban lari kejar catat capai garis finis alam lari kalah nikmat suasana kota kenal budaya lokal cicip kuliner khas daerah alas konsep sportourism mati tren ajang lari arena kompetisi masyarakat urban nikmat destinasi wisata olahraga konsep hadir solo run fest festival lari madu olahraga budaya pariwisata rangkai acara festival ajak serta jajah daya tarik kota solo nikmat alam lari kaya budaya geliat ekonomi kreatif masyarakat konsep serta ajak cetak tempuh baik rasa langsung suasana kota solo sudut pandang beda jalan semangat sportourism gari lari kota ajang kenal sha run solo kembang festival olahraga budaya solo run fest gelar september kota solo jawa rangkai acara race pack collection race village festival september area race village ambil race pack hadir agam aktivitas tarik suasana festival hidup lomba hadir race village festival ajang panas serta kenal suasana solo run fest pasuk lomba utama serta manfaat momen sosial lari nikmat aktivitas dukung sedia panitia pasuk race day september serta ikut kategori lomba sesuai mampu kategori sedia half marathon hm ajar ikut lari latar tingkat alam lari kompetitif mula kompetisi lari unjung nikmat aktivitas dukung umkm bazaar sportswear expo live music performance entertainment stage rangkai acara riah umum menang serta doorprize cultural running festival kuat nuansa khas kota solo ada umkm bazaar daya tarik sendiri sempat serta kenal dukung produk produk lokal hadir bazaar hidup sisi ekonomi kreatif masyarakat solo gelar festival ruang promosi laku usaha sportswear expo hadir butuh olahraga lengkap lengkap lari hadir expo mudah serta butuh lengkap tambah lomba cari lokasi acara tarik lari diskon tiket beli brimo diskon nilai sendiri serta transaksi kanal resmi lari rasa alam proses daftar praktis brimo metode bayar resmi kanal eksklusif beli tiket solo run fest aplikasi serta registrasi digital proses transaksi mudah nyaman mudah akses lari proses daftar rumit ambil festival lari budaya informasi lengkap cek bbri id solorun akd akd
SPORT,timnas basket putra asi games tang laga latih timnas basket putra indonesia david singleton target tim menang tanding asi games fokus david soal target basket putra asi games aichi nagoya muncul proses jalan tanding target menang tanding target singleton warta singleton laga poin tentu langkah indonesia yudha saputera langsung hadap tuan rumah aichi nagoya september lawan korea selatan esok hari temu arab saudi istirahat hari menang tanding awal turnamen catat lang singleton realistis peta kuat asi games lawan lawan indonesia jepang korea selatan jajar dunia tim hadap peringkat dunia negara level hadir main main tambah skuad garuda optimistis skuadnya saing lingkung kompetisi kelas asia percaya tambah main milik level lingkung kompetisi kali main gabung lester bram vincent prastawa derrick main masuk tim pikir sempat tampil turnamen ajar adaptasi main proses lambat latih karib sapa dave milik alam paham hadap turnamen saing level indonesia lawan tim tim tangguh singleton daftar atlet timnas basket putra asi games derrick michael abraham grahita ali bagir andakara prastawa yudha saputera vincent kosasih hendrick yonga lester prosper dame diagne pandu wiguna fhirdan guntara tonton video juang ratus atlet basket dbl camp mcy aff
SPORT,asi games putri kw pede komposisi regu putri putri kusuma wardani percaya komposisi regu putri pilih pbsi asi games sebut chemistry klop bulutangkis indonesia kirim wakil tampil aichi nagoya september oktober atlet sektor regu putri putri kw thalita wiryawan ni kadek dhinda mutiara ayu puspitasari rachel allessya rose febi setianingrum febriana dwipuji kusuma meilysa trias puspitasari siti fadia silva ramadhanti nita violina marwah putri nilai komposisi skuad bulutangkis indonesia kombinasi main senior junior temu kendala bangun koneksi tim alam laga juara regu nilai bentuk kompak atlet tim komposisi kuat sih lumayan kali regu ketemu chemistry nya tunggal ganda putri terang kutip selasa rangkai program latih pelatnas jalan lancar kondusif jelang berangkat jepang porsi latih tim nasional fokus kuat sektor arah tim latih kurang tanding tanding asi games tingkat peta saing asi games putri kw nilai kuat sektor tunggal putri kawasan asia golong rata waspada kuat main negara negara papan china jepang korea selatan kuat asi games rata asia china jepang korea selatan sih kuat pebulutangkis peringkat dunia pasang target ajang asi games pribadi putri ambisi lang babak diri podium jalan target medali canang pp pbsi harap moga tim bulu tangkis indonesia medali pribadi sumbang medali indonesia ajang asi games pungkas putri lihat video hong kong open sabar reza putri kw tumbang final
SPORT,tekad alwi farhan lampau batas asi games momen debut asi games sia sia alwi farhan pebulutangkis tunggal putra indonesia tekad habis habis uras mampu hasil baik aichi nagoya nge push limit hari alwi terang selasa alwi asi games turnamen status multievent besar asia atmosfer beda sakral ambisi capai target pebulutangkis sebut multievent panggung istimewa orang dapat multievent sembarang orang pilih tuhan juara selagi doa usaha hasil baik alwi duduk peringkat dunia bwf alwi aku matang aspek siap jelang debut alhamdulillah siap bagus siap segi mental fisik pikir fokus utama jelang juara pesta olahraga asia harap lampau batas maksimal mampu tanding pbsi patok target emas nomor regu putra orang alwi pasang target pribadi medali sektor kejut tutup raih gelar juara matang segi mental mohon doa dukung pungkas alwi asi games aichi nagoya september oktober bulutangkis indonesia turun wakil putra putri simak video alwi bayang juara indonesia masters
SPORT,wrt lone star le mans start bagus pupus harap sean gelael rekan rekan team wrt raih podium lone star le mans kendala teknis bikin gagal poin raih posisi start tujuh kualifikasi kelas lmgt sean percaya hadap balap cota senin wib posisi strip penalti af cose balap trek basah darren leung starting driver langsung lesat posisi enam urut empat start leung saing ketat balap inggris tahan leung mundur atur mesti masuk pit problem teknis deteksi roda mobil bmw gt kendara masalah mesti ganti ganti butuh menit sean ambil alih balap leung sean buat team wrt tinggal lap mobil depan kelas lmgt tuntas juang sean leung augusto farfus laga finis hasil harap hasil balap terkadang sean rilis detiksport balap lone start le mans hours cota penuh drama safety car sc full course yellow fcy berulangkali mesti laku menetralisir lomba kelas lmgt milik tim heart racing team ferrari pecah telur kelas hypercar mobil nomor putar fia wec gelar sirkuit fuji jepang september mrp rin
SPORT,gelar basket ljk rambah padel liga jasa uang ljk kenal kompetisi basket rambah padel ljk kali gelar padel tim institusi uang ikut rangkai kompetisi buka wakil ketua dewan komisioner otoritas jasa uang ojk hernawan bekti sasongko milo padel kemang jakarta minggu opening ceremony hadir parade tim tanding eksibisi level eksekutif tanding fase grup giat hadir deputi gubernur bank indonesia solikin juhro jajar pimpin institusi serta serta kelompok utama sektor perban wakil institusi sektor asuransi uang nonbank kelompok regulator lembaga institusi turun tim main putra main putri damping maksimal ofisial total main catat ikut turnamen masuk padel cabang liga jasa uang kembang ikut minat insan jasa uang cabang olahraga semangat bawa berani tanding junjung sportivitas bangun kompak ketua urus ljk insan hasan temu regu tim tanding kategori men doubles women doubles mixed doubles kompetisi fase kualifikasi grup lanjut empat final semifinal rebut tiga final format jenjang hasil fase grup tentu langkah tim babak gugur selenggara dukung perangkat tanding profesional atur level main sistem skor publikasi giat rancang kompetisi format regu tim tampil satu strategi dalam skuad konsistensi tentu harap turnamen kompetitif fair alam tanding nikmat serta ketua laksana ljk padel greatman rajab ljk kali selenggara wadah olahraga regulator laku industri mang penting sektor jasa uang pasuk selenggara delapan tambah padel luas cabang tanding respons minat komunitas olahraga usung tema play bold build bonds ljk padel madu saing sehat sportivitas kompak tim tutup september momentum serah harga apresiasi tim ikut selenggara perdana cabang padel kompetisi ljk padel harap medium efektif kuat konektivitas kolaborasi antarinsan industri jasa uang sportivitas tumbuh tanding disiplin integritas kerja tim sikap hormat cermin nilai nilai butuh bangun ekosistem jasa uang sehat solid lanjut mro bay
SPORT,ngedadak padel padel ajang reuni padel gaya hidup masyarakat urban indonesia olahraga padel ajang reuni alumni fakultas hukum fh universitas trisakti angkat minggu kemarin lokasi hq padel tennis pesanggrahan jakarta selatan giat gathering kemas bentuk turnamen padel tajuk ngedadak padel alumni fh trisakti boleh bawa pasang saing tanding nomor campur turnamen padel ikut fixed partners mixed partners bagi grup serta tampil antusias kompetitif inti jaga silaturahmi angkat fh trisakti giat kumpul kumpul salah satu padel padel gari laki laki perempuan salah panitia mega ruhapy terang media giat ajang silaturahmi panitia serius selenggara acara podium juara peringkat runner tiga siap menang hak harga medali hadiah arie pujianto salah alumni motor gerak aktivitas olahraga kalang alumni fh universitas trisakti sebut angkat golong aktif gelar giat giat olahraga padel yakin arie pilih silaturahmi alumni laki laki perempuan partisipasi ngedadak padel padel ajang reuni foto dok ngedadak padel zaman kuliah udah akur alhamdulillah hubung coba main padel istri main arie mudah mudah turnamen padel perdana angkat mau angkat fh trisakti pasti seru fh trisakti gathering sambung arie sebut alumni angkat fh trisakti rencana gelar turnamen padel depan ada asha beach club resort pulau payung pulau ribu padel arie alumni fh trisakti gabung klub sepak bola inkracht sakti fc jadwal ikut juara dunia advokat mundiavocat bal april mundiavocat salah fokus inkracht sakti fc basicnya lawyer lulus trisakti buka peluang ajak main adi fc arie arie jabat kapten tim inkracht sakti fc hadap mundiavocat skuad bentuk november tim konsentrasi siap inkracht sakti fc latih profesional kenal kalang olahraga futsal mario silitonga mario kali kali bawa tim advokat indonesia kompetisi juara dunia sepak bola advokat tangan dingin alam mario harap bawa inkracht sakti fc capai prestasi bangga mundiavocat negara unggul asia thailand iran jepang bawa tim sepak bola advokat indonesia peringkat tiga mario agenda dekat inkracht sakti fc gelar tanding panas hadap mantan main profesional malaysia sabah fc jakarta september mrp bay
SPORT,jaga gaya hidup sehat hyrox hyrox dipungkiri daun dunia indonesia olahraga peran jaga stamina tubuh hyrox kompetisi bugar global kombinasi lari jarak latih fungsional rangkai lomba intens olahraga kali luncur jerman cepat kembang fenomena internasional tuju utama kompetisi uji daya tahan endurance kuat strength serta beda kompetisi atletik kali profesional hyrox rancang inklusif tingkat bugar serta mula atlet elit kompetisi standar selesai catat digital jadi hyrox salah jenis kompetisi fitness race populer dunia pusat bugar kota kota indonesia masuk hyrox salah jual tinggi minat kompetisi hyrox tanding tanding resmi hyrox kerap jadi gimmick seremoni salah satu merdeka ri synergy worldwide indonesia usaha gerak bidang nutrisi wellness synergy kolaborasi south barn hadir kompetisi fitness madu semangat olahraga kompetisi tradisi raya agustus acara agustus throwdown usung konsep kompetisi gaya hyrox agustus throwdown hadir tantang fisik uji kuat daya tahan cepat tangguh serta beda kompetisi fitness acara bawa suasana khas raya merdeka indonesia lomba agustus lomba makan kerupuk mengigit sendok kelereng hadir beda sambut merdeka fitness olahraga milik nilai semangat juang konsistensi disiplin berani hadap tantang mudah serah agustus throwdown gabung nilai nilai ceria sama ciri khas raya agustus indonesia produk produk synergy indonesia hadir dukung performa cinta olahraga fitness dina yuliyanti senior marketing manager synergy worldwide indonesia terang detiksport kolaborasi south barn upaya hadir alam olahraga inklusif senang komunitas serta tantang mampu fisik arena kompetisi ajak nikmat suasana raya merdeka komunitas rekan rekan cinta olahraga konsep work hard play hard salah semangat utama acara gabung tantang fisik kompetisi main main khas agustus hadir suasana santai penuh tawa kompetisi sahabat hadir agustus throwdown cermin kembang budaya fitness olahraga fungsional indonesia kompetisi hyrox gabung elemen latih kuat kardio functional movements tuntut serta milik mampu fisik giat synergy worldwide indonesia south barn harap semangat merdeka raya seremonial wujud gaya hidup aktif sehat sportif penuh sama mrp bay
SPORT,men world tennis championship wakil ri gagal babak utama seri men world tennis championship pasuk seri sayang tenis tuan rumah gagal laju babak utama putar final kualifikasi seri men world tennis championship senin indonesia turun wakil ethan jake frans ethan david zapp kareem abdul hakim tiga gagal tuntas misi lolos babak utama turnamen hadiah total ribu dolar total tenis negara tampil babak kualifikasi tanding lapang bal beach country club nusa ethan raya ulang tumbang unggul empat shanker heisnam ethan pekan runner seri iv rafalentino da costa kalah skor jam ethan jake putra eks tenis indonesia wyne prakusya kalah unggul tujuh amerika serikat stefan menichell skor tiebreak jam menit puas performa final kualifikasi kalah tenis asing stefan unggul teknik alam peringkat atp ethan jake rilis detiksport wakil ri tiga gagal kareem abdul hakim takluk unggul selandia matthew shearer hasil indonesia wakil babak utama unggul rifqi fitriadi anthony susanto nathan bark rafalentino ali da costa masuk babak utama fasilitas wild card sektor ganda putra indonesia kuat rafalentino ali dacosta ethan david zapp ethan jake frans ragil putra anthony susanto gandeng tenis taiwan cheng chen pasang kareem abdul hakim partner andrez nech hungaria mrp rin
SPORT,debut rok cup indonesia barra ghaisan toreh catat positif barra ghaisan zeinatma kembang positif musim debut eshark rok cup indonesia turun kelas mini rok balap muda indonesia koleksi podium jalan proses adaptasi musim balap usia kuat avenue rising star racing team tampil round adaptasi dengangokartbaru seri barra finis posisi tingkat peringkat seri performa barra tonjol seri raih posisi kategori mini newbie peringkat tiga mini rok rising star pasuk seri barra podium juara kategori mini newbie runner mini rok performa lanjut seri september raih posisi mini newbie posisi mini rok posisi empat mini rok rising star musim proses ajar barra seri alam tantang ayah barra jeffri ardiatma awak media jeffri barra perhati didik barra catat siswa kelas smp labschool cirendeu barra fokus sekolah harap baik barra selesai musim pertama kelas mini rok barra proyeksi kelas junior rok eshark rok cup indonesia jadwal ikut seri rok cup asia macau malaysia thailand ran yna
SPORT,motogp san marino antusiasme bezzecchi balap rumah marco bezzecchi sabar hadap motogp san marino balap aprilia balap sirkuit misano arti khusus lokasi kampung halaman rimini motogp san marino misano september bezzecchi sebut seri beda banding balap grand prix kandang milik ajaib spesial bezzecchi lansir motosan misano rumah bezzecchi sirkuit jarak kilometer rimini lahir saking dekat bezzecchi tinggal rumah kamis pindah motorhome jalan rangkai pekan balap misano wilayah rumah rumah kamis asa milik spesial bezzecchi modal bagus antusiasme bezzecchi seri beri hasil positif hasil kumpul poin saing gelar motogp sulit balap jalan hasil poin motogp aragon bezzecchi posisi tiga klasemen tinggal poin jorge martin pimpin marc marquez posisi selisih poin martin balap misano home race bezzecchi balap italia sempat mangkas jarak rebut gelar dukung percaya juang kim laku usaha baik bezzecchi
SPORT,dokter kira kondisi lengan marc marquez persen marc marquez adaptasi kondisi lengan kanan normal dokter operasi samuel antuna ungkap kuat lengan persen antu kondisi dampak cedera operasi jalan marc celaka motogp indonesia titik buruk kondisi lengan kanan celaka indonesia balap rasa sakit keluh celaka ubah antuna el periodico lansir motosan marc rumit saraf radial lengan tekan serpih tulang kondisi buat hilang kendali lengan posisi motor kontribusi celaka jalan operasi atas kondisi baik kuat lengan kanan lengan kiri milik latissimus dorsi kuat mekanis ganggu laku teres major utama hilang kuat bisep antuna lengan batas kuat bisep kuat persen kapasitas antuna marc hilang otot otot trisep latissimus dorsi teres major pektoralis mayor dampak operasi alami ubah atrofi kondisi lengan kanan marc milik kuat lengan kiri balap ducati adaptasi batas fisik kompetitif motogp
SPORT,mamma mia antonelli balap mercedes gp kim antonelli tampil tang gp italia comeback antonelli bikin rekor balap sirkuit monza minggu malam wib antonelli penalti start grid alias posisi antonelli butuh lap dekat posisi ambil alih balap pasuk lap posisi tahan antonelli menang bikin antonelli kukuh puncak klasemen balap poin unggul angka rekan tim george russell posisi angka hamilton posisi tiga menang tujuh antonelli musim sejarah keikutsertaan balap italia hebat antonelli sudah puasa balap italia monza ludovico scarfiotti ferrari antonelli balap muda menang monza usia orang italia podium balap senang bayang wujud bak mimpi nyata bantu tim keluarga dukung antonelli lansir reuters balap jemawa nikmat menang sambung baca hasil gp belanda lando norris juara mrp nds
SPORT,men world tennis championship karan singh juara seri iv selesai seri iv men world tennis championship tenis india karan singh jaya nomor tunggal putra tanding final lapang bal beach country nusa minggu karan hadap lawan isaac becroft juara seri agustus saji karakter main beda tarung seru tarik karan gaya tenang lawan lincah isaac selandia karan menang set pasuk set intensitas tanding tempo isaac upaya balas kalah set karan respons susul susul angka laga tuntas babak tiebreak kuat sabar lincah tutup area lapang serang lawan karan tang babak skor tiebreak karan senang main raih gelar seri iv gelar lewat duel jam menit kontra isaac nilai lawan tangguh bangga baik ajang bal lawan isaac becroft main gelar tambah motivasi tampil seri karan rilis detiksport karan hak hadiah uang usd tambah poin atp isaac usd trofi serah hadiah heru gunawan area business team leader bni kanwil denpasar damping ketua pelti periode rildo ananda anwar titf world tennis tour amman mineral men world tennis championship langsung seri senin tenis babak kualifikasi rebut delapan slot babak utama mrp nds
SPORT,jete run festival selesai masuk rekor muri jete run festival selesai gelar pekan event lari masuk buku rekor muri ajang lari gelar kawasan balai kota surabaya minggu lari ambil kategori start buka langsung wali kota surabaya eri cahyadi jete run tampil format luas beda ajak masyarakat lari selenggara emas festival olahraga gaya hidup aktivitas dukung pilih balai kota surabaya pusat jete run alam beda serta start finis jantung kota rute bawa lari lintas ruas jalan utama surabaya penuh lanskap ikonik kota pahlawan kategori serta jalan balai kota surabaya jalan pemuda rute lanjut lewat jalan panglima sudirman jalan basuki rahmat jalan gubernur suryo jalan wuni garis finis balai kota kategori bawa lari jelajah area pusat kota cakup luas lepas start balai kota serta gerak jalan pemuda jalan panglima sudirman jalan basuki rahmat lari ajak nikmat lanskap jalan embong malang kawasan blauran jalan bubut jalan pahlawan jalan yos sudarso selesai lomba kawasan balai kota surabaya rute serta selesai jarak lintas koridor pusat kota wajah surabaya jalur selenggara sedia titik water station layan medis dukung butuh serta giat jete run ambil venue beda citraland balai kota pilih hadir nuansa lari konsep lanskap kota modern khas surabaya penuh nilai sejarah rute lari lintas jalan sejarah kota jhonny thio dor ceo founder jete rilis detiksport baca jete run bidik ribu lari banyak giat serta selenggara jete run festival hasil catat sendiri muri harga jete kategori ajang lari ragam giat dukung jete run festival hadir giat dukung kategori olahraga wellness kreativitas giat temu komunitas rekor salah tanda kembang jete run giat olahraga festival cakup luas jete run pecah rekor muri foto dok jete run terima kasih masyarakat indonesia dukung percaya jete pilih aktivitas hari olahraga nikmat hibur era digital capai mustahil capai dukung keluarga tim konsumen setia jete masyarakat terima kasih papar jhonny piagam muri capai baik angin lupa kualitas ingat brand inovasi teknologi kembang baik jadi jete solusi butuh produk aksesoris gadget smarthome wearable event olahraga dukung gaya hidup sehat tutup mrp bay
SPORT,menkomdigi imbau warga waspada dampak erupsi anak krakatau menteri komunikasi digital menkomdigi meutya hafid imbau masyarakat tenang tingkat waspada susul aktivitas erupsi gunung anak krakatau selat sunda masyarakat pantau informasi sumber percaya tenang kurang waspada masyarakat ikut arah otoritas informasi terima asal sumber percaya meutya terang tulis minggu gunung anak krakatau aktivitas vulkanik signifikan jumat malam status level iii siaga abu vulkanik deteksi sebar wilayah banten dki jakarta jawa barat erupsi sebab terbang batal timbul khawatir masyarakat akibat isu potensi tsunami timbul dentum getar wilayah jawa barat akibat aktivitas masyarakat khawatir meutya masyarakat ikut kembang aktivitas gunung anak krakatau kondisi sebar abu vulkanik sumber sumber resmi percaya kanal resmi perintah pvmbg bmkg bnpb perintah daerah instansi pasti akurat informasi milik wenang bencana gunung rap hindar misinformasi informasi sesat sebab resah meutya masyarakat sebar informasi verifikasi benar kondisi gunung anak krakatau situasi informasi timbul panik saring sharing pasti informasi terima asal sumber resmi dipertanggungjawabkan meutya meutya dorong masyarakat tenang tingkat waspada warga tinggal wilayah dampak abu vulkanik waspada tenang mudah percaya informasi sumber masyarakat wilayah dampak abu vulkanik meutya imbau langkah jaga selamat sehat masker aktivitas rumah masker kn bantu nyaring partikel abu vulkanik kacamata lindung hindar guna lensa kontak softlens kondisi udara pengaruh abu vulkanik tiga kurang aktivitas ruang buka perlu desak masyarakat saran ruang batas papar abu vulkanik empat masyarakat kendara kurang cepat tingkat waspada abu vulkanik kurang jarak pandang muka jalan licin cuci tangan wajah aktivitas ruang pasti sumber air bersih lindung papar abu meutya imbau masyarakat wisatawan nelayan dekat kawasan gunung anak krakatau aktivitas radius kilometer kawah aktif sesuai rekomendasi pvmbg selamat utama panik waspada jaga selamat sehat pungka meutya komdigi sls
SPORT,hasil gp italia kim antonelli menang mercedes balap mercedes gp kim antonelli hasil rebut menang gp italia lengkap rekan tim george russell finis balap helat sirkuit monza minggu malam wib antonelli sejati posisi start bagus urut tujuh penalti turun urut alias start grid pierre gasly kejut laju alpine milik posisi pole susul russell posisi driver mclaren oscar piastri posisi tiga duo balap tuan rumah charles leclerc lewis hamilton posisi empat bendera merah muncul lap leclerc balap tabrak dinding leclerc hilang kendali mobil salip piastri posisi empat russell pimpin balap susul gasly max verstappen antonelli tujuh strip urut insiden antonelli pelan baik posisi baca hasil gp belanda lando norris juara masuk virtual safety car antonelli dekat russell tiga balap salip salip lap antonelli kunci posisi depan russell kejar antonelli lap rekan tim muncul menang russell puas posisi susul verstappen mclaren tempat balap lando norris urut empat piastri urut hamilton jaga nama ferrari finis enam lengkap gasly arvid lindblad franco colapinto yuk tsunoda antonelli kukuh puncak klasemen poin unggul angka russell posisi angka hamilton posisi tiga pos balap tim lap kim antonelli mercedes amg petronas team george russell mercedes amg petronas team max verstappen oracle red bull racing lando norris mclaren mastercard team oscar piastri mclaren mastercard team lewis hamilton scuderia ferrari hp pierre gasly bwt alpine team arvid lindblad visa cash app racing bulls team franco colapinto bwt alpine team yuk tsunoda visa cash app racing bulls team gabriel bortoleto audi revolut team nico hulkenberg audi revolut team carlos sainz atlassian williams team liam lawson oracle red bull racing oliver bearman tgr haas team esteban ocon tgr haas team lap alex albon atlassian williams team lap sergio perez cadillac team lap valtteri bottas cadillac team laps dnf lance stroll aston martin aramco team dnf dnf fernando alonso aston martin aramco team dnf dnf charles leclerc scuderia ferrari hp dnf mrp bay
SPORT,wec sean gelael balap austin start sean gelael team wrt coba raih podium lone star le mans start tujuh keras keras capai posisi start kualifikasi kelas lmgt cota minggu wib kemarin darren leung balap bronze qualifying tuntas posisi alhasil sean balap silver hak tampil hyperpole tancap gas buku menit detik capai posisi tujuh capai baik mobil bmw kelas turun mobil hypercar lmgt start hal mobil kelas lmgt start posisi hasil bagus darren sean lomba besok augusto farfus rilis detiksport austin moga besok bismillah timpal sean race hours cota lone star le mans siar langsung kanal youtube kuy entertainment senin wib mrp bay
SPORT,ktm suka antusiasme luca marini ktm alas rekrut luca marini tech motogp balap italia nilai bawa alam bantu ktm kembang motor era marini tinggal honda hrc musim gabung tech pindah resmi umum agustus salah proyek tech ktm direktur motorsport ktm pit beirer tari marini proyek ktm salah faktor putus senang gabung luca tari milik beirer lansir crash net ktm antusiasme satu timbang marini anggap mampu butuh bantu kembang motor bicara orang orang sosok hebat bantu motor beirer ktm marini bantu kembang motor motogp pasuk era kapasitas mesin turun cc cc serta ubah regulasi teknis guna ban pirelli ktm proyek uji mesin rancang era regulasi tech proyek ktm situasi alam balap beirer ktm sengaja cari kombinasi balap alam balap muda tech komitmen balap muda balap alam milik balap muda tim rookie tim motogp kuat kelas tim utama ktm nilai kombinasi marini balap muda formula ideal putus rekrut marini respons positif balap kuat ktm beirer sebut balap ktm mampu marini bantu kembang motor senang luca bantu kembang motor krs yna
SPORT,jadwal motogp san marino misi marc marquez kejar jorge martin motogp lanjut san marino seri musim gelar misano world circuit marco simoncelli september jorge martin pimpin klasemen motogp unggul gerus marc marquez tampil sempurna aragon marc hasil tang sprint balap utama aragon martin finis sesi hasil marc mangkas jarak martin poin martin koleksi poin marc kumpul poin marco bezzecchi posisi tiga poin balap aragon tang marc tampil dominan raih poin balap utama martin poin data resmi motogp catat marc finis pedro acosta bezzecchi tiga martin sembilan seri sisa saing rebut gelar buka marc marquez jarak menang penuh jorge martin selisih poin bezzecchi coret balap aprilia paut poin marc poin martin balap atas saing ketat paruh musim klasemen motogp klasemen motogp seri aragon pos balap tim poin jorge martin aprilia racing marc marquez ducati lenovo team marco bezzecchi aprilia racing fabio giannantonio vr ducati ai ogura trackhouse aprilia pedro acosta ktm raul fernandez trackhouse aprilia francesco bagnaia ducati lenovo team alex marquez gresini ducati fermin aldeguer gresini ducati motogp san marino gelar misano seri san marino misano world circuit marco simoncelli sirkuit milik kilometer tikung tikung kanan enam tikung kiri balap motogp jadwal lap total jarak kilometer rangkai pekan jumat lanjut kualifikasi sprint sabtu balap utama minggu jadwal lengkap indonesia barat wib jadwal resmi motogp motogp san marino seri kalender misano september jadwal motogp san marino jumat september wib kelas sesi moto free practice moto free practice motogp free practice moto practice moto practice motogp practice sabtu september wib kelas sesi moto free practice moto free practice motogp free practice motogp qualifying motogp qualifying moto qualifying moto qualifying moto qualifying moto qualifying wib motogp sprint lap minggu september wib kelas sesi motogp warm wib moto race lap wib moto race lap wib motogp grand prix lap
SPORT,crutchlow pilih ai ogura favorit marc marquez alas cal crutchlow prediksi tarik kandidat juara motogp marc marquez sebut nama ai ogura crutchlow nilai marc balap baik grid pilih favorit ogura pilih marc pilih ai ogura crutchlow lansir motosan ogura tampil alami cedera balap trackhouse aprilia raih podium enam seri menang motogp belanda ogura alami cedera tangan latih jepang absen aragon dampak klasemen seri aragon turun posisi poin crutchlow suka ogura balap crutchlow alas teknis pilih karakter ogura dan pedrosa aspek bobot tubuh ogura berat kg salah balap ringan grid motogp crutchlow kondisi ogura milik unggul kelola ban suka kendara motor satu kurang butuh cepat balap crutchlow dan pedrosa bobot tubuh ogura cenderung langsung maksimal ban balap konsekuensi butuh cepat baik kondisi untung jelang balap ai aktif ban balap tahap balap hemat ban cadang banding balap panas langsung pacu crutchlow crutchlow puji jorge martin puncak klasemen motogp crutchlow konsistensi faktor rebut gelar musim martin sebut rider relatif konsisten jorge martin satu balap konsisten menang butuh crutchlow baca francesco bagnaia titik rendah
SPORT,wec wrt raba cota hasil free practice team wrt tuntas sesi latih bebas jelang balap hours cota raba saing lintas circuit americas cota austin saji balap sengit kelas fia world endurance championship wec hypercar lmgt baca sesi latih jumat fp ferrari dominan kelas hypercar selesai sesi aston martin ganti cepat fp kelas lmgt mclaren finis sesi mercedes aston martin lengkap perkasa fp kelas hypercar cepat kelas lmgt heart racing team patri ikut mobil mercedes mobil mclaren hasil tim guna aston martin mclaren mercedes saing menang lone star le mans hours cota mobil mobil amerika taji corvette ford hasil tembus mengingt corvette pimpin klasemen lmgt hasil cota buru gelar juara sengit musim team wrt pilih jalur beda tatap lomba wrt sean darren augusto farfus fp fp mobil wrt finis posisi kembar fp signifikan top speed bantu cota ideal susul tikung top speed bagus sempat buka susul naik moral fp top speed bmw saing aston martin milik cepat maksimal jumat aston martin sentuh km jam bmw km jam sabtu golong pendek latih durasi jam wrt sean coba saing top qualifying lolos hyperpole race hours cota siar langsung kanal youtube kuy entertainment senin wib mrp bay
SPORT,men world tennis championship rafalentino ethan gagal juara pupus harap indonesia jaya men world tennis championship rafalentino ali da costa ethan david zapp kalah final tanding puncak ganda putra seri iv itf world tennis tour lapang bal beach country nusa sabtu rafalentino ethan aku tangguh alexander chang pablo perez ramos set rafalentino ethan alami sulit imbang main alexander pablo tenis amerika serikat spanyol langsung serang servis voli menang pasuk set ganda tuan rumah singkir unggul pertma isaac becroft reece falck bangkit untu lawan game skor kuat unggul alam alexander pablo patah servis lawan menang tempo jam menit juara menang pablo puji main rafalentino ethan buat sulit set syukur menang lawan rafalentino ethan tampil sulit pablo rilis detiksport alexander kompak komunikasi partner buah hasil gelar juara kali ajang seri tanapat nirundorn juara sektor rafalentino ethan gagal juara capai apresiasi ketua pp pelti periode rildo ananda anwar hadir talenta talenta tenis muda merah putih rafalentino ali da costa ethan david zapp sektor putra janice tjen karunia tantang sendiri bina tenis indonesia prestasi tingkat jalur kompetisi jalan proses regenerasi rildo runner rafalentino ethan hadiah dolar trofi alexander pablo juara hak dolar tambah poin atp sektor tunggal putra tanding babak semifinal tenis india karan singh hasil tahan performa impresif lang partai puncak singh kalah wakil jepang ryotaro taguchi set langsung karang temu isaac becroft australia kalah leo borg jam menit skor mrp bay
SPORT,mala cup padel ikut serta padel semarak hadir agam turnamen mala cup padel tournament suguh tarik ajang gelar pipc arteri kebayoran jakarta selatan tanggal september mala cup padel tournament ikut serta hadir saing lapang turnamen tawar hadiah tarik total uang tunai capai rp juta panitia koper doorprize sempat jalan ibadah umrah arab saudi ceo mala tour travel muhammad castallani madu olahraga gaya hidup sehat jalan spiritual mala tour travel usaha gerak layan umrah haji usaha dorong kembang olahraga padel indonesia hype cipta gaya hidup sehat kalang masyarakat luas masyarakat muslim muhammad castallani konferensi pers pipc arteri sabtu baca misi pbpi olimpiade turnamen hadir kompetisi kompetitif hibur main alam tanding seru tonton nikmat atmosfer tanding positif sambung kategori mala cup padel tournament women lower bronze mixed lower bronze mixed bronze mens lower bronze mens bronze proses kuras serta sesuai prosedur kompetisi skema kerja gen padel salah komunitas padel diri total hadiah cash rp juta hadiah koper tarik turnamen padel indonesia hadiah koper muhammad castallani ceo shiratha aan yugiastomo sponsor utama mala cup harap kolaborasi masyarakat kontribusi maju padel indonesia kolaborasi bawa dampak positif serta masyarakat luas harap turnamen lancar serta happy panitia rekan rekan media senang jalan event moga bawa dampak dunia olahraga padel hype indonesia ran bay
SPORT,buku eks judoka tuang buah pikir maju olahraga nasional eks judoka nasional sadik algadri rilis buku buah pikir maju olahraga indonesia olahraga tanah air kendala buku judul bangun otot negeri kertas tulis sadik buku rilis agustus fragmentasi bijak publik indonesia lemah tata kelola regulasi organisasi organisasi olahraga ilusi politik anggar infrastruktur kompetisi terap sport science kembang sumber daya manusia isi acara bedah buku gelar gedung serbaguna gelora karno gbk jakarta sabtu hadir acara rocky gerung wartawan senior olahraga asro kamal rok guru universitas didik indonesia upi prof yunyun yudiana sadik ungkap proses tulis buku makan enam atur keluar mang bijak lantik presiden ri pilih prabowo subianto oktober picu sebut spesifik atur sadik khawatir bahaya olahraga olahraga prestasi milik garis undang undang olympic charter dalam garis atur perintah campur politik olahraga atur proses olahraga konsekuensi sanksi sadik rilis terima detiksport bahas podcast gelisah kondisi olahraga indonesia sadik tuang buku atlet judo era tekan etika olahraga gelisah dasar marah marah masuk akal proses laku orang orang organisasi olahraga paham etika olahraga etika harga sadik event titik kembang negara indonesia sukses selenggara asi games jepang china korea selatan ubah ajang piala dunia olimpiade jepang selenggara olimpiade kalah perang negara bangkit sadik harap asi games indonesia momentum asi games pasuk anggar bicara sadik harap buku bangun otot negeri kertas henti karya kritisi olahraga buku dorong ubah buka berani aku harap besar ubah berani berani aku sadik marah aku salah aku berani salah maju ubah pikir jernih kerja mudah pria masuk jajar urus koni pusat cas aff
SPORT,derrick michael wujud mimpi tampil asi games mata derrick michael xzavierro binar bicara asi games wujud mimpi kecil kali tonton asi games gelar jakarta asi games jakarta mimpi sma gelora karno tonton suasana bagus tonton derrick temu jakarta selatan sabtu ayal mimpi wujud derrick aku antusias klub naung saga ballooners izin kuat indonesia antusias banget kali tampil asi games salah impi main asi games asi games derrick kawan kawan langsung hadap tantang lawan tuan rumah aichi nagoya september alih alih gentar derrick semangat derrick biasa atmosfer basket jepang rasa jersey merah putih main lawan jepang arena salah arena besar league excited main derrick semangat rekan rekan jepang dukung penuh asi games oh iya teman teman jepang league tim dukung kemarin latih bulan bilang tonton tanding laku baik dukung asal jepang dukung salah main untung saga dukung penuh indonesia basket usia beber target pribadi debut asi games target pribadi pasti menang banyak kontribusi bagus bagus tim moga menang tanding lolos grup derrick masyarakat indonesia butuh dukung full support dukung mcy aff
SPORT,asi games timnas basket masuk grup neraka cdm optimistis timnas basket putra indonesia masuk grup neraka asi games cdm todotua pasaribu optimistis timnas basket putra indonesia lakon siap terbang jepang ikut asi games ketua satu bola basket indonesia basi budi djiwandono langsung latih lepas semangat hadir semangat budi cdm todotua pasaribu kawasan jakarta selatan sabtu lolos indonesia asi games rezeki slot buka tahu timnas putra kualifikasi asi games kemarin slot buka indonesia kompetisi asi games aichi nagoya indonesia grup neraka jepang korea selatan arab saudi budi semangat atlet nyala juang mudah tim tim hadap tim tim hebat asia alam atlet milik alam kuat bibit bibit muda kombinasi hadap tim tim budi titip latih atlet baik kompetisi bagus bagus doa hasil baik cdm todotua pasaribu timnas basket putra delegasi indonesia berangkat negeri matahari terbang senin tanding september harap tim basket endorsement positif buka percaya tim basket baik buka asi games kabar todotua todotua aku kali tinjau tim keluarga basi yakin percaya momentum manfaat harap sisi atlet yakin tim bawa pulang medali siap masuk kompleks athlete village siap cdm dukung backup masuk official team cdm stand todotua mcy aff
SPORT,kalah perempatfinal avc beach continental bintang sofyan jalan bintang akbar sofyan rachman avc beach continental perempatfinal main maksimal tanding shangluo china sabtu pasang voli pantai indonesia kalah wakil australia thomas hodges ben hood bintang sofyan angin rebut set buka hodges hood balik tang set tiket semifinal gagal kalah bintang sofyan tampil turnamen pasuk empat final menang hilang set latih timnas voli pantai indonesia slamet mulyanto anak anaknta main maksimal tama mohon maaf empat final anak anak maksimal slamet kutipam cepat sabtu set anak anak main bagus start bagus leading lawan bikin ulah mancing emosi lambat main kali protes wasit kartu kuning anak anak pengaruh slamet nilai lawan milik postur tubuh overblok nya sulit henti lawan overblok susah henti jam terbang bicara ketat gin lawan pengaruh tempo antisipasi anak anak anak anak cepat bentuk main slamet set tiga imbang lawan aku tampil alam jam terbang bicara salah main kali tampil olimpiade slamet harap alam tampil avc beach continental jadi bekal asi games aichi nagoya september oktober anak anak konsisten pengaruh lawan tampil asi games slamet mcy aff
SPORT,wec paruh musim team wrt pede fia world endurance championship pasuk paruh musim team wrt percaya raih hasil bagus balap muncul menang beda team wrt bmw takluk seri buka imola garage mclaren finis spa tim geber corvette tang balap le mans sao paulo tf sport racing team turkey tf sport pimpin klasemen unggul poin tim juara tahan kelas lmgt bend manthey porsche unggul selisih poin lumayan tf sport menang le mans poin ganda lebih manthey peringkat tim posisi selisih poin gambar betapa saing lmgt buka musim tarik tatap putar fia wec lone star le mans hours cota pekan kali tim menang kelas absen porsche penske lanjut program hypercar tim united autosports menang cota sean gelael darren leung marino sato absen program lmgt pilih fokus partner operasional mclaren tampil hypercar mobil mclaren lmgt manajemen pindah tim garage operasi mobil nomor sean darren satu ingat menang kali cerita beda kendara bmw augusto farfus team wrt musim libur fokus tantang berat hadap tulis akun resmi team wrt race hours cota siar langsung livestreaming kanal youtube kuy entertainment senin wib mrp ran
SPORT,men world tennis championship ganda indonesia tembus final pasang rafalentino ali da costa ethan david zapp selang gelar juara men world tennis championship lolos final laga semifinal seri iv itf world tennis tour bal beach country club jumat rafalentino ethan hadap unggul empat sebastian grundtvic jorgensen ryotaro taguchi rafalentino ethan main prima dar set menang pasang gado gado denmark jepang takut laden lawan sebastian ryotaro yan peringkat menang rafalentino forehand backhand mati ethan cegat voli net paksa sebastian ryotaro kalah skor total durasi tanding jam menit set rafalentino sebut menang jado kado ulang rekan mewanti wanti waspada anggap remeh lawan final menang kado baik ultah ethan david rekor sendiri capai final kali nomor ganda rafalentino rilis detiksport harrus fokus lengah gamenya faktor menang sambung ethan puji semangat rafalentino mampu rekan atur strategi poin poin kritis bagus hadap tekan bantu fokus final papar ethan laga final sabtu besok tantang unggul alexander changpablo perez ramos pasang gado gado amerika serikat spanyol sukses sudah shanker heisnam karan singh india sektor tunggal putra tuan rumah indonesia gagal tempat wakil babak semifinal nathan barki paksa serah set langsung tenis india karan singh tarung jam menit karan singh unggul empat temu ryotaro taguchi tenis jepang menang rubbet set hayden jones mrp ran
SPORT,timnas voli putra putri indonesia bidik asi games timnas voli putra indonesia tempur tekad harum nama bangsa asi games boy arnez kawan kawan percaya sembah hasil baik asi games aichi nagoya september oktober timnas voli putra siap bulan penuh fisik mental kapten timnas voli putra boy arnez kendala pelatnas chemistry tim bentuk siap bulan chemistry tim solid tinggal benah salah salah game optimis main asi games boy temu kawasan jakarta selatan jumat asuh latih reidel toiran skuad garuda gembleng habis habis latih intensif uji coba lawan kamboja gembleng sih fisik mental tinggal asi games gimana boy alas boy siap toreh hasil juara avc men volleyball cup india asi games tim voli putra indonesia gabung grup iran thailand kirgistan timnas voli putra sektor putri maradanti tim putri bicara multievent besar asia tim putri indonesia masuk grup jepang nepal siap sih asi games udah ikut tanding internasional sparing sparing tim papar rara lawan lawan hadap aichi nagoya rara boy target lolos delapan tahap masuk pikir masuk babak step step rara mcy ran
SPORT,bal gelar turnamen catur internasional oktober bal tuan rumah turnamen catur level internasional oktober adu tangkas turnamen tuju genjot pariwisata pulau dewata turnamen nama catur bal fide rated kapal api chess festival gelar hotel ululani uluwatu bal oktober november ajang gagas ketua urus cabang satu catur indonesia pengprov cas kabupaten muna sulawesi tenggara jalaluddin madjinuhu dukung pb cas klub jayakarta muda jakarta total hadiah rp juta rp juta sang juara serta rencana ikut ajang negeri indonesia atlet atlet jawa timur bal sulawesi tenggara nusa tenggara barat nusa tenggara timur daftar jalaludin serta sesuai daya tampung ballroom hotel ululani bal arena tanding harap serta lolos syarat sesuai atur fide calon serta surat fide ikut turnamen negeri daerah konfirmasi jawa timur catur bal catur sulawesi tenggara catur ntt ntb jalaludin rilis detiksport turnamen kategori challenger serta catur milik elo rating sambung tum cas kabupaten muna jalaluddin madjinuhu foto istimewa pilih pulau bal selenggara turnamen catur level international pulau jawa dampak positif pariwisata bal turnamen pilih bal destinasi wisata letak serta pulau kalimantan sulawesi indonesia timur ambil papar jalaludin turnamen catur taraf international fide rated indonesia kali gelar turnamen kapal api chess festival turnamen taraf international tanah air harap negeri cari poin elo rating serta negeri libur bal turnamen buka sukses depan jadi kalender tahun titel ubah open jalaludin mrp ran
SPORT,kyrchyn gorge panggung world nomad games kyrgyzstan pandang udara venue vi world nomad games kyrchyn gorge issyk kul kyrgyzstan ajang budaya olahraga nomaden kyrchyn gorge wilayah issyk kul kyrgyzstan ubah salah pusat helat vi world nomad games udara kawasan lanskap gunung penuh fasilitas area giat sambut ribu serta unjung negara reuters pavel mikheyev vi world nomad games agustus september upacara buka gelar bishkek agustus rangkai tanding giat budaya laksana lokasi wilayah issyk kul kyrchyn gorge reuters pavel mikheyev world nomad games ajang internasional gabung olahraga tradisional budaya masyarakat nomaden helat tanding mampu atlet ruang kenal main tradisional seni rajin kuliner waris budaya masyarakat negara reuters pavel mikheyev selenggara atlet negara ambil kompetisi informasi kantor berita nasional kyrgyzstan kabar panitia sebut kompetisi cakup puluh cabang olahraga olahraga tradisional kait erat hidup masyarakat nomaden reuters pavel mikheyev salah program kyrchyn kawasan etnovillage ruang temu budaya unjung saksi tunjuk seni ikut lokakarya rajin masak tradisi tampil suasana gambar hidup masyarakat nomaden reuters pavel mikheyev kyrchyn lokasi tanding olahraga tradisional salah satu panah kuda temu atlet negara tanding september atlet putra negara atlet putri negara ambil reuters pavel mikheyev olahraga tradisional world nomad games boru gulat tradisional tarik tambang olahraga kuat cabang kuda utama tanding olahraga representasi terampil historis kembang hidup masyarakat nomaden kawasan asia wilayah reuters pavel mikheyev
SPORT,hasil china masters sabar reza wakil indonesia habis sabar karyaman gutama moh reza pahlevi isfahani singkir china masters kalah nur mohd azriyn ayub tan wee kiong wakil indonesia habis ajang sabar karyaman gutama moh reza pahlevi isfahanimenghadapi nur mohd azriyn ayub tan wee kiong malaysia perempatfinal china masters tanding gelar court shenzen arena jumat malam wib sabar reza awal gim tinggal unggul enam kejar duduk kuat sabar reza balik pimpin duduk sabar reza unggul interval situasi ubah lepas interval azriyn tan tampil agresif bikin kuat pasang malaysia momentum jauh sabar reza tinggal gagal dulang angka sabar reza usaha bangkit nipis jarak angka tinggal poin duduk telah azriyn tan jaga unggul sabar reza kalah gim sabar reza ulang salah gim gim unggul sabar reza jaga unggul azriyn tan bikin skor kuat sabar reza balik tinggal sabar reza bangkit unggul interval gim sabar reza konsisten jaga unggul interval sabar reza aman gim skor laga tentu gim tiga due sengit gim tiga skor sabar reza unggul azriyn tan dulang angka untun skor imbang sabar reza unggul tipis interval gim tiga lepas interval azriyn tan tara angka laga ketat sabar reza angka unggul pukul ukur tan net kembali sabar lebar bikin duduk kuat reza salah serve poin krusial azriyn tan match poin ganda indonesia net bikin kalah gim tiga sabar reza singkir china masters singkir sabar reza bikin wakil indonesia habis ajang pur ran
SPORT,pol acosta menang balap juara dunia ekspektasi pedro acosta tang balap alih alih saing rebut titel juara dunia rider motogp pol espargaro khawatir acosta gadang gadang bintang motogp rider juluk si hiu mazarron modal gelar juara dunia kelas moto moto rookie baik balap grand prix lakon kelas primer acosta kali finis podium menang acosta mentok finis capa delapan kali aragon pek dipungkiri pedro acosta hadap tuntut tang balap grand prix acosta alam plus senjata tunggang pabrikan ktm pol espargaro balap uji ktm acosta cepat lambat tang grand prix juara dunia balap san marino austria yakin sempat bagus acosta baca francesco bagnaia titik rendah sepenuh harap cepat misano austria sirkuit sirkuit tampil bagus level pedro level sempurna tingkat balap rasa adik kandung aleix espargaro marca rasa menang tap jalur rasa obsesi pedro tang balap tang titel juara dunia pol espargaro acosta rin aff
SPORT,avc continental bintang sofyan hadap selandia pasang voli pantai indonesia bintang akbar sofyan rachman sukses kunci status juara grup avc beach continental lenggang mulus babak babak lawan selandia menang telak wakil jepang takahashi ikeda shangluo kamis tutup sempurna fase grup skor tutup laga duel rebut puncak klasemen terang tulis federasi bintang sofyan tampil dominan tanding aman set menang main pasang indonesia jaga set unggul menang wakil jepang tahan rekor sempurna bintang sofyan fase grup hasil menang tanding hilang set temu takahashi ikeda laga tentu puncak klasemen grup pasang koleksi menang hilang set bintang sofyan jaga konsistensi laga aman set buka pasang indonesia tampil solid selesai tanding menang set hadap pasang jepang bintang sofyan raih menang wakil hong kong pui lam chong kei loi tanding buka grup menang set langsung tanding rabu pasang indonesia raih menang kali yakovlev mokhammad kazakhstan kalah skor tanding bintang sofyan kumpul enam menang set kalah hasil posisi atas grup buka jalan fase gugur babak uji tunggu sam dea ben dea selandia lawan takluk bintang sofyan target latih slamet mulyanto juara grup capai bintang sofyan level bintang sofyan main lawan selandia kendur gas menang slamet mcy aff
SPORT,panas timnas basket taiwan jelang asi games jelang asi games timnas basket putra terbang taiwan ikut fiba challenger ajang bentuk mental kaohsiung taiwan september timnas basket indonesia kuat main total delapan nama latih siap tahap empat nama almando davin nepa bait halmaheranno aprianto lolaru hady erick ibrahim junior daffa dhoifullah berangkat kaohsiung bawa nama tim balige main aymane arip richard kornelius susul gabung scrimmage tim klub lokal taiwan september kaohsiung tim balige juang babak kualifikasi gabung grup tim shibuya jepang tim phoenix amerika serikat shibuya tim profesional kuat main jepang rekrut latvia kristaps gluditis zigmars raimo main senior usia tahun phoenix usa isi main matang usia kualfikasi grup balige isi main muda usia wakil ketua program badan tim nasional btn dpp basi general manager timnas putra derry primasta octa kirim main muda sesuai regulasi asi games batas usia maksimal basket alam rasa atmosfer tanding ajang internasional butuh main bentuk karakter main asi games derry terang tim balige kuat main usia muda kirim ajang tuju bentuk mental tanding ambil alam rasa atmosfer tanding level internasional derry tekan hasil nomor utama proses hasil tanding proses bentuk tim paham main jalan strategi main training camp nasional asi games hasil maksimal asi games timnas basket putra gabung pool indonesia saing lawan qatar taiwan bahrain komposisi main baik proses training camp jalan pimpin coach donnda ubah positif fiba batam challenger mari dukung anak anak muda prestasi indonesia wakil kancah global basket ultimately baik asi games derry mcy aff
SPORT,kelas yoga yoga outdoor cocok beginner orang urung coba yoga mikir lentur paham gera yoga proses jago pose susah kelas outdoor santai ground grow yoga buka kelas ramah mula gelar ren caf cipayung jakarta timur minggu september wib wib suasana outdoor santai bikin takut salah gera nilai orang kelas fokus mindful movement serta ajak selaras napas gera pelan pelan tekan langsung sempurna cocok banget nonton video yoga media sosial berani coba langsung siap simpel serta bawa yoga mat pakai olahraga nyaman pakai gerak saran bawa tumbler handuk sunglasses nyaman sesi ruang buka serta goodie bag registrasi venue bonus tambah alam yoga ajang olahraga ringan momen ketemu orang minat wellness gaya hidup sadar mikirin alat mahal modal utama niat yoga mat alas yoga takut salah gera kelas desain titik instruktur pandu step step buru buru biar ragu bikin tunda langsung aman slotmu detikevent bay mrp
SPORT,men world tennis championship nathan barki perempatfinal tenis indonesia nathan barki laju perempatfinal amman mineral men world tennis championship rafalentino ali da costa ethan david zapp tembus semifinal tanding babak seri iv lapang bal beach country club kamis nathan temu kompatriot anthony susanto duel wakil tuan rumah imbang kejar kejar poin skor kuat set pasuk game kali deuce nathan patah servis anthony tutup set menang tempo menit set nathan awat medis akibat lengan kanan sakit alhasil tenis putus mundur nathan hak tiket perempatfinal menang nathan prihatin kondisi anthony harap anthony cepat pulih sedih menang anthony henti cedera harap tahan performa fokus laga laga nathan rilis detiksport nomor tunggal putra rafalentino serah set langsung tempo jam menit wakil india karan singh gagal tebus rafalentino sempurna turun ganda putra ethan david zapp singkir unggul isaac becroft reece falck selandia motivasi main beban rafalentino usia ethan tarung menang jam menit gembira menang nyang kalah unggul upaya tampil beban laga main ethan amin rafalentino rafalentino ethan david temu unggul empat sebastian grundtvic jorgensen ryotaro taguchi semifinal sebastian ryotaro kalah leo borg eric ahren swedia skor super tiebreak mrp bay
SPORT,jakarta vertical run november asosiasi lari trail indonesia alti dki jakarta gelar jakarta vertical run ambil tema tantang urban lanjut lingkung alti dki bekerjasama cakrawala jakarta kreatif selenggara dukung geely sponsor utama fortesport gelar ajang tower running taraf internasional lomba lari tangga helat minggu november autograph tower kompleks thamrin nine jakarta pusat thamrin nine merupaka gedung tinggi jakarta catat gedung tinggi bahan bumi selatan tinggi meter serta tantang fisik mental takluk anak tangga gedung lantai ketua alti dki jakarta eko putro had prasetyo ajang sensasi olahraga urban beda road run lomba wib lari cepat sempat nikmat momen matahari terbit langit jakarta capai puncak percaya olahraga urban tantang sensasi beda serta moga cipta saing tarik antarpeserta eko putro jumpa pers kamis asosiasi lari trail indonesia alti dki jakarta gelar jakarta vertical run foto dok alti dki jakarta start sistem wave bagi gelombang wave kategori elite atlet wave kategori open lepas serta detik wave wave lepas menit catat lari negara saing kategori utama elite tower running senior master ajang lari tangga gedung tingkat lazim selenggara kota dunia mati tingkat sulit beda lomba lari jalan raya libat geely sponsor utama kuat sinergi gaya hidup aktif komitmen lanjut lingkung green mobility terap konsep eco friendly event selenggara taruh perhati penuh selamat aman nyaman serta siaga tenaga sehat paramedis ambulans rumah sakit rujuk darurat lomba ajang momen strategis songsong ingat kota jakarta panitia harap selenggara jakarta vertical run gelar skala kepala dinas pemuda olahraga provinsi dki jakarta andri yansyah dukung penuh giat fungsi tolok ukur bina prestasi atlet jakarta vertical run dorong ajang sport tourism rekreasi gengsi serta nikmat indah lanskap kota jakarta titik tinggi jakarta vertical run selenggara vertical running gedung tinggi indonesia serta potensi rekor muri khusus lari kategori elite vertical running oleh poin skor naik peringkat klasemen atlet vertical run internasional mrp bay
SPORT,hasil china masters sabar reza menang laju perempatfinal sabar karyaman gutaman mohammad reza pahlevi isfahani laju perempatfinal china masters sabar reza kalah daniel ludgaard mads vestergaard babak bwf super china masters temu sabar reza lundgaard vestergaard denmark tanding gelar court shenzen arena kamis malam wib sabar reza rebut poin lundgaard vestergaard sama duduk sabar reza pimpin angka capai interval unggul pasang indonesia unggul angka lundgaard vestergaard rebut angka untun sama duduk sabar rerza lepas tekan jauh sabar reza capai game point unggul sabar reza tutup gim unggul main positif sabar reza pasuk gim sabar reza mampi jaga unggul angka lundgaard vestergaard unggul interval sabar reza jauh kejar poin capai match point bola lundgaard vestergaard menang sabar reza hasil antar sabar reza lolos perempatfinal china masters sabar reza satu wakil indonesia sisa jonathan christie leo rolly carnando daniel marthin ali faathir rayhan devin artha wahyudi singkir sabar reza laju perempatfinal menang skor kembar ganda denmark nice work sabrez badmintonindonesia chinamasters pic twitter com ivemnqnriz bay aff
SPORT,dki jakarta gelar pon pantai november koni dki jakarta jelang pon salah satu tuan rumah pon pantai november rangka wujud misi juara pon koni dki dinas pemuda olahraga spora dprd urus cabor kolaborasi matang siap dekat kolaborasi wujud laksana pekan olahraga nasional pon pantai gelar ancol jakarta november ajang nasional perdana kolaborasi koni pusat pemprov dki koni dki jakarta pt bangun jaya ancol ketua koni provinsi dki jakarta hidayat humaid pon pantai ajang tingkat prestasi olahraga harap gerak ekonomi masyarakat umkm kawasan ancol hidayat press gathering media tema gerak jakarta juara jakarta kamis hadir kepala dinas pemuda olahraga spora dki jakarta andri yansyah sekretaris koni dki aminulah wakil ketua fatchul anas wakil ketua anondo eko bendahara hadameon aritonang pon pantai prestasi giat olahraga nasional gerak ekonomi masyarakat umkm lokasi guru fakultas ilmu olahraga sehat fikk universitas negeri jakarta unj terang media hidaya gerak jakarta juara komitmen koni dki wujud harap warga jakarta rindu juara pon koni gerak pr tantang wujud juara sambung pon pantai ancol tanding cabang olahraga disiplin akuatik bola basket bola voli pantai bola tangan pantai layar modern pentathlon rugby pantai selam laut teqball triathlon koni dki jakarta gelar pon pantai ancol november foto dok koni dki visitasi pon pantai ancol koni pusat spora koni dki cabor tinjau lokasi tanding veneu waketum koni dki jakarta fatchul anas anas pantai festival lokasi akuatik renang air buka selam laut kawasan lagoon bola voli pantai layar beach city international stadium bcis venue triathlon teqball bola tangan pantai bola basket beach pool rugby pantai modern pentathlon akuatik polo air venue pakat anas mrp bay
SPORT,marc marquez jorge martin lawan jorge martin gentar marc marquez dekat klasemen motogp balap aprilia lawan sang juara tahan marc raih menang sprint motogp aragon martin finis unggul puncak klasemen pangkas poin marco bezzecchi intai tinggal poin martin martin aku aprilia sulit aragon jadi absen balap cedera alas alas balap ikut cepat martin motogp com sulit coba jaga sederhana ubah motor butuh bantu martin nilai hasil turun saing musim penuh martin incar bangkit misano suka karakter sirkuit aprilia kompetitif juara balap aprilia balap buruk misano trek suka milik grip pikir aprilia gaya bangkit cepat martin takut marc susul jarak poin marc rival dekat martin martin percaya pikir marco marc kandidat juara analis saing bezzecchi marquez proses ajar pimpin gila senang pikir tahan pimpin marc susul martin harap alam balap modal hadap saing pikir balap bagus harap ajar balap bantu tarung
SPORT,gelar juara motogp uji tahan marc marquez marc rquez anggap jalan saing gelar juara dunia motogp layak ikut balap uji tahan saran bijak atur kondisi fisik paksa dapat lontar mantan rider honda cal crutchlow nilai marc balap baik motogp kondisi fisik juara tahan dekat sisa musim beda marc alami lengan kanan jalan operasi aku hilang tenaga balap motogp inggris silverstone situasi bikin crutchlow marc kelola rebut gelar endurance race sulit pikir marc balap baik pikir balap kondisi cedera lansir crash net musim marc marquez adaptasi batas fisik lengan kanan motogp aragon marc lengan ganggu harap kondisi baik aragon karakter sirkuit milik tikung kiri situasi marc andal dekat agresif baik konsistensi mampu pilih momen serang cepat crutchlow strategi kunci marc buru gelar menang bisa finis rival utama hindar salah sepenuh pulih operasi jalan pikir jalan juara balap tahan pacu pacu butuh usaha salah biar balap salah crutchlow serang serang silverstone pekan bagus usaha jalan pekan buruk alami balap ai ogura sulit prediksi arah tarung gelar
SPORT,hasil china masters leo daniel kena comeback keok leo rolly carnando daniel marthin kandas babak china masters leo rolly kalah takumi nomura yuichi shimogami rubber game babak bwf super china masters nomor ganda putra temu leo daniel nomura shimogami duel gelar court arena shenzen kamis sore wib leo daniel tancap gas gim jaga unggul angka nomura shimogami capai interval unggul laju leo daniel bendung raih angka untun pimpin leo daniel tutup gim unggul leo daniel raih angka untun pasuk gim sama nomura shimogami susul susul poin duduk imbang leo daniel lepas tekan raih unggul nomura shimogami sama duduk nomura shimogami manfaat momentum raih poin poin pasang jepang balik unggul paksa duel rubber game saing sengit gim tiga leo daniel unggul angka sama nomura shimogami nomura shimogami balik unggul capai interval unggul leo daniel kejar susul susul angka duduk imbang nomura shimogami pasuk match point unggul bola kembali daniel marthin menang nomura shimogami bay aff
SPORT,kolaborasi npc kemenpora genjot bina atlet disabilitas menteri pemuda olahraga kemenpora komitmen dukung bina tingkat prestasi atlet disabilitas indonesia dukung kerja koordinasi lanjut komite paralimpiade nasional indonesia npc indonesia siap multi event keikutsertaan juara internasional deputi bidang tingkat prestasi olahraga kemenpora surono perintah perhati serius atlet atlet disabilitas kuat olahraga nasional kemenpora bangga dukung atlet atlet disabilitas indonesia milik kerja npc indonesia upaya tingkat prestasi olahraga disabilitas nasional surono terang media salah bukti hasil sinergi capai kontingen indonesia asean games thailand indonesia hasil raih medali emas medali perak medali perunggu tempat peringkat klasemen lebih target medali emas prestasi bangga target emas atlet atlet target bina perintah npc indonesia latih ekosistem olahraga disabilitas hasil nyata sambung surono surono kerja kemenpora npc indonesia level nasional cakup koordinasi daerah dukung partisipasi indonesia agenda olahraga disabilitas internasional kerja cakup agenda asean games asi games agenda olahraga internasional dalam keikutsertaan atlet tunarungu deaflympics prinsip program siap rencana partisipasi indonesia dampak maksimal prestasi nasional khusus bina atlet tunarungu surono perintah proses bina keikutsertaan kompetisi internasional jalan organisasi milik legitimasi sesuai tentu federasi internasional hadap npc indonesia icsd international committee sports deaf khusus atlet tuna rungu organisasi kumpul atlet tunarungu indonesia patrin aku internasional patrin aku perintah konteks tata kelola perintah dukung fasilitas organisasi milik legitimasi sesuai tentu organisasi olahraga internasional surono juara internasional ikut atlet ajang kompetisi tempat strategi bina jangka juara dunia ikut prinsip proses try kumpul poin peringkat kejar kualifikasi paralimpiade keikutsertaan juara konteks kompetisi kontribusi target prestasi indonesia dasar surono tekan tentu juara single event ikut atlet konsolidasi rencana npc indonesia kemenpora surono tata kelola bina olahraga disabilitas jalan atur regulasi organisasi olahraga internasional relevan koordinasi patuh statuta international paralympic committee ipc khusus olahraga tunarungu tentu bylaws icsd bina anggar dukung perintah arah efektif efisien transparan sasar surono perintah bicara dukung atlet ikut kompetisi bangun ekosistem bina lanjut komitmen kemenpora npc indonesia konsisten dukung perintah proses bina fasilitas latih pusat latih berangkat kompetisi internasional harga prestasi atlet salah bentuk dukung bangun kembang paralympic training center indonesia karanganyar jawa fasilitas bina atlet atlet paralimpiade indonesia kemenpora dorong fasilitas jaga kualitas lanjut fasilitas baik asia tenggara dukung fasilitas bina perintah dukung biaya keikutsertaan kontingen indonesia ajang internasional asean games asi games dukung biaya berangkat keikutsertaan atlet multi event internasional asean games perintah bonus bentuk harga prestasi atlet bonus salur langsung terima kerja bank rakyat indonesia total harga raih medali capai rp miliar surono mrp krs
SPORT,jalan bilal hasan titel ufc bilal hasan tampil kesan debut mentas ufc rebut titel fighter darah indonesia jalan bilal mentas ufc pekan lawan nilson rojas kelas terbang ufc shanghai menang ko ronde bilal langsung gadang gadang bintang ufc tang duel duel menang rojas bilal masuk ranking fighter ufc tarung juluk indoninja jalan rebut titel bilal prediksi butuh tujuh tarung saing raih sabuk juara lawan fighter ranking baca bilal hasan bikin legenda ufc kagum tarung lawan tarung peringkat tarung lawan peringkat empat rebut gelar bilal hasan interview chanel youtube jaiden cable butuh tujuh tarung sabuk kelas terbang pegang joshua van bilal kejar fearless van kalah alexander pantoja ranking ufc pantoja lawan tangguh bilal hasan target yna rin
SPORT,hasil china masters jojo henti babak tunggal putra indonesia jonatan christie tel kalah ajang china masters babak jojo kalah jason gunawan arena shenzhen shenzhen kamis pagi wib jojo jalan tanding menit lawan jason tarung gim jalan sengit imbang jason kejar main hong kong sudah juang jojo skor gim jojo jalan tarung sengit lawan jason skor imbang jojo jason tahan fase krusial jason tampil prima rebut menang hasil wakil indonesia nomor tunggal putra china masters habis indonesia wakil nomor ganda putra sabar karyaman gutama muhammad reza pahlevi isfahani ali faathir rayhan devin artha wahyudi leo rolly carnando daniel marthin deret main indonesia juang cas krs
SPORT,spesial jakarta international jakarta international pasuk edisi spesial event gelar sama raya olahraga nasional sukses rangkai milo activ indonesia race yogyakarta medan bandung surabaya ikut serta gelar acara puncak ajang lari jakarta international minggu selenggara gelora karno jakarta minggu ajang lari ikut serta partisipasi kategori open closed family run edisi kali tepat raya haornas jatuh september menteri pemuda olahraga republik indonesia erick thohir apresiasi nestle milo komitmen gelar ajang jakarta wujud nyata usaha upaya sehat hidup bangsa ekosistem olahraga wujud masyarakat indonesia sehat aktif olahraga kolaborasi kuat apresiasi komitmen nestle milo konsisten hadir program giat dukung partisipasi masyarakat olahraga milo activ indonesia race jakarta international inisiatif jalan upaya budaya olahraga masyarakat harap sinergi perintah sektor swasta komunitas masyarakat kuat bangun ekosistem olahraga inklusif lanjut dampak positif indonesia erick rilis detiksport brand komitmen dorong gaya hidup aktif nestle milo sadar peran olahraga bantu masyarakat jaga sehat bangun nilai nilai karakter positif hidup sukses selenggara rangkai milo activ indonesia race kota antusias bawa semangat kota milo activ indonesia race jakarta international harap ajang inspirasi masyarakat usia latar aktif nikmat olahraga bawa semangat energitanpabatas hidup hari marketing manager beverages confectionery business unit pt nestle indonesia alaa shaaban jakarta international hadir kategori open buka lari indonesia serta negara dunia hadir serta internasional komitmen hadir wadah olahraga inklusif temu masyarakat semangat olahraga lari gaya hidup aktif jakarta international nestle milo dorong partisipasi masyarakat luas olahraga kontribusi kuat posisi jakarta salah destinasi dinamis selenggara ajang olahraga internasional lari jarak cepat konsistensi berani tantang komunitas dukung milo activ indonesia race jakarta international sempat tarik temu lari latar lari internasional harap masyarakat inspirasi lari jadi olahraga gaya hidup papar giat olahraga lari shanada jzen menteri pemuda olahraga kemenpora nestle milo kolaborasi dukung indonesia sports summit iss wadah olahraga skala nasional temu mang penting olahraga kuat kolaborasi dorong maju ekosistem olahraga indonesia race pack collection rpc jakarta selenggara iss tuju bangun antusiasme erat koneksi lari komunitas olahraga mang penting jelang lomba baca lari kuliner musik padu mrp ran
SPORT,men world tennis championship rafalentino anthony babak tenis indonesia susul nathan barki lolos babak seri iv men world tennis championship rafalentino da costa anthony susanto tanding babak lapang bal beach country club nusa rabu rafalentino hadap shanker heisnam india tinggal set rafalentino goyah sama skor menang skor hasil comeback set bikin rafalentino pacu semangat menang mudah set skor jam menit rafalentino aku kaget pola main lawan set tekan gaya lawan temu celah serang kaget lawan agresif tekan salah redam serang serang kejar defisit poin sama skor motivasi percaya tang tanding rafalentino rilis detiksport tenis indonesia lolos anthony susanto kalah hitesh chauhan set langsung sayang anthony hadap nathan barki rebut tiket perempatfinal kamis tenis indonesia gagal lolos gunawan trismuwantara tenis jalur kualifikasi kalah karan singh unggul empat set langsung kalah set gunawan lawan keras skor imbang set tenang alam karan usia hasil patah servis gunawan gim tutup laga skor mrp ran
SPORT,atlet satu kunci maju olahraga nasional maju olahraga negara mampu atlet fakto pengaruh sistem bina sport science infrastruktur kompetisi tata kelola bijak lanjut faktor salah bahas bedah buku bangun otot negeri kertas karya sadik algadri gelar gedung serbaguna gbk jakarta sabtu forum temu tokoh latar beda akademisi wartawan senior olahraga praktisi insan olahraga akademisi filsuf rocky gerung bedah isi buku olahraga indonesia milik atlet atlet bakat butuh ekosistem olahraga kuat profesional bas ilmu tahu lanjut sadik percaya prestasi internasional lahir atlet hebat prestasi butuh ekosistem kuat sambung buku bangun otot negeri kertas sadik mantan atlet judo nasional indonesia coba bongkar belenggu olahraga indonesia atlet atlet indonesia diri sejajar atlet baik dunia lengkap kompetisi gembira kuat hitung rocky indonesia maju olahraga buku rujuk kelola olahraga indonesia tumpuk regulasi terbit undang undang produksi jargon jargon teknokrat megah sport science long term athlete development produk mutakhir desain olahraga nasional dbon rocky buku bangun otot negeri kertas gagas brilian solusi tingkat prestasi olahraga nasional indonesia pungkas ran yna
SPORT,motogp indonesia sukses lintas motogp indonesia gelar oktober siap event jalan sukses lintas motogp balap gelar oktober sirkuit mandalika lombok ntb mandalika seri balap musim saing prediksi ketat indonesia tuan rumah main main lintas injourney tourism development center itdc panitia lokal kolaborasi swasta bumn panitia atur aspek krusial cakup akomodasi transportasi konektivitas logistik itdc isu akomodasi transportasi sorot publik antisipasi skema integrasi susun mitra bank travel agent partner strategis salah satu itdc mandalika grand prix association mgpa paket hubung tiket balap komponen jalan sulit akomodasi sulit transportasi jawab ditandatangani sore direktur utama itdc troy warokka rilis detiksport skema liput akomodasi transportasi udara laut layan airport hospitality travel package kerjasama cakup tangan kargo anggap elemen operasional gelar aktivitas cargo handling gerak minggu motogp indonesia butuh logistik jalan motor lengkap tim balap motogp troy motogp olahraga bisnis motogp dorong pariwisata ekonomi tingkat kunjung wisatawan panjang length stay ungkit tourism spending troy selenggara motogp hasil dampak ekonomi rp triliun efek rasa mandalika jalar daerah indonesia troy harap pola kolaborasi bangun motogp mandalika lanjut jangka troy nilai dukung perintah bumn sektor swasta masyarakat faktor motogp gelar indonesia dampak ekonomi bangun ekosistem integrasi dampak motogp indonesia henti sirkuit dorong gera wisatawan panjang tinggal tingkat belanja wisatawan manfaat luas industri pariwisata masyarakat lombok sambung masyarakat saksi langsung balap mandalika presale september potong harga kategori grandstand kategori vip hospitality harga tiket tonton motogp indonesia regular grandstand zona rp premium grandstand zona rp premium grandstand zona rp vip hospitality deluxe class rp vip hospitality luxury tent rp mrp nds
SPORT,motogp aprilia kian motivasi kalah marc marquez rider ducati marc marquez dominasi motogp aragon aprilia motivasi kalah baby alien buru gelar juara dunia marc marquez tang sprint race main race motogp aragon pekan balap tembus posisi klasemen motogp raih poin marc marquez tinggal jarak angka jago aprilia jorge martin raih angka marc marquez lewat marco bezzecchi unggul poin bos aprilia massimo rivola aku marc marquez rider kuat motogp aprilia semangat kalah marc marquez sisa musim langkah langkah juang balap lawan saing marquez salah balap kuat sejarah hormat coba kalah motivasi serah rivola gp one ajar marc sulit menang ambil risiko konsistensi penting bawa pulang menang kuat laku ajar sikap motogp september balap motogp san marino gelar cas aff
SPORT,hasil china masters sabar reza menang gim langsung sabar karyaman gutama moh reza pahlevi isfahani lolos babak china masters singkir wakil korea kang min hyuk ki ju menang straight game sabar reza hadap kang ki shenzhen arena guangdong rabu sore wib butuh menit sudah lawan kang ki tanding jalan ketat gim sabar reza unggul kang ki interval lepas interval kang ki balik unggul sabar reza posisi kejar posisi tinggal sabar reza rebut angka untun salip kang ki sama duduk sabar reza tenang poin poin krusial rebut angka untun aman gim sabar reza tampil dominan gim unggul sabar reza biar kang ki kembang main sabar reza jaga unggul kunci menang skor babak sabar reza hadap wakil denmark daniel lundgaard mads vestegaard nds aff
SPORT,francesco bagnaia titik rendah francesco bagnaia aku titik rendah karier jatuh motogp sulit saing papan anyar francesco bagnaia jatuh motogp aragon sesi sprint race finis bagnaia jatuh kali balap sesi utama bagnaia duduk peringkat delap klasemen motogp poin podium kali tang balap utama sulit terima salah titik rendah karier francesco bagnaia lansir sky italia data rasa kendali motor sambung bawa motor coba manuver agresif jatuh laju pelan jatuh cetus francesco bagnaia juang tutup musim motogp manis musim musim ducati musim pindah aprilia untung data sedia milik sadar mampu data data rider ducati laku mudah papar mampu hilang tampil sesuai harap tutup pecco lihat video crash bagnaia ogura warna menang fernandez silverstone
SPORT,pebulutangkis indonesia asi games satu bulutangkis indonesia pbsi umum daftar main bawa asi games jonatan christie salah satu daftar nama bagi pebulutangkis putra pebulutangkis putri putus ambil evaluasi dalam aspek nilai performa kini kondisi fisik butuh teknis tim nama nama main pilih tetap skuad proses evaluasi performa kondisi fisik teknis main butuh tim tentu komposisi sesuai target asi games kepala bidang bina prestasi pbsi eng hian terang resmi bawa nama asi games aichi nagoya nama tampil nomor orang fokus tambah dalam skuad nomor regu nomor orang jonatan christie alwi farhan tumpu nomor regu moh zaki ubaidillah muhamad yusuf jad tumpu tim putri sektor orang regu asi games september oktober cabor bulutangkis hari upacara buka nomor regu tanding september nomor orang september cabor bulutangkis gelar ichinomiya city municipal gymnasium fokus utama nomor regu main tampil maksimal kontribusi baik tim putra putri sambung eng hian daftar pebulutangkis putra jonatan christie alwi farhan moh zaki ubaidillah muhamad yusuf fajar alfian muhammad shohibul fikri leo rolly carnando daniel marthin nikolaus joaquin amri syahnawi daftar pebulutangkis putri putri kusuma wardani thalita ramadhani wiryawan ni kadek dhinda amartya pratiwi mutiara ayu puspitasari rachel allessya rose febi setianingrum febriana dwipuji kusuma meilysa trias puspitasari siti fadia silva ramadhanti nita violina marwah mrp aff
SPORT,tum koni pusat sambut positif juara pacu kuda aceh ketua komite olahraga nasional indonesia koni pusat letjen tni purn marciano norman saksi tanding pacu kuda lapang haji muhammad hasan gayo blang bebangka aceh juara pacu kuda hut ri selenggara konfederasi nasional satu olahraga kuda indonesia kn pordasi giat kolaborasi urus pusat fn pordasi pacu urus provinsi fn pordasi pacu aceh atlet tanding tanggal agustus partisipan juara kabupaten aceh kabupaten bener riah kabupaten gayo lues prestasi bagus pekan olahraga nasional pon xxi juara mari rawat lahir atlet atlet olahraga kuda aceh kelak wakil indonesia event event internasional marciano marciano nilai juara pacu kuda kali bawa agam dampak positif bina atlet kuda pacu manfaat fasilitas venue waris pon ekonomi masyarakat hibur masyarakat atautrauma healingatas kondisi bencana hadap ajang lanjut tradisi pacu kuda lekat budaya masyarakat aceh sarana bina sambung atlet atlet kuda pacu songsong pekan olahraga nasional pon xxii sumba nusa tenggara timur marciano wadah bina marciano sorot manfaat sarana prasarana pasca pon lapang hasan gayo belang bebangka pon xxi aceh sumut nila salah arena pacu kuda baik indonesia animo masyarakat bukti venue tinggal pon manfaat lanjut daerah hadir wakil keluarga koni pusat taung koni provinsi koni kabupaten kota induk cabang olahraga organisasi fungsional bukti hadir gandeng tangan bangkit masyarakat aceh wujud indonesia daulat adil makmur tema hut ri marciano bangga hormat tinggi perintah daerah masyarakat aceh kabupaten aceh ajak mang penting maju olahraga nasional mari keras olahraga indonesia bicara olahraga bicara merah putih lelah karya indonesia tutup marciano ran yna
SPORT,pordasi optimal lapang hasan gayo olahraga kuda konfederasi nasional satu olahraga kuda indonesia kn pordasi dukung perintah kabupaten aceh pordasi sempat manfaat lapang pacu kuda hasan gayo salah pusat giat olahraga kuda pacu budaya kuda manah ihaaf indonesian horseback archery federation potensi dukung bupati aceh drs hail yoga jamu ketua presidium konfederasi nasional pordasi triwatty marciano tum koni pusat letjen tni purn marciano norman tum koni aceh pon yaya waketum ii pp fn pordasi pacu andi fauzan tokoh olahraga aceh jamu makan malam gelar pendopo bupati aceh malam tanggal agustus jamu makan malam bahas kembang manfaat lapang pacu kuda hasan gayo kembang lapang pacu kuda hasan gayo venue waris pekan olahraga nasional pon xxi aceh sumut dorong kembang sport industry sports tourism daerah dampak positif ekonomi masyarakat tanding olahraga kuda rutin lapang pacu kuda hasan gayo harap tumbuh sport industry sports tourism gerak ekonomi tingkat sejahtera masyarakat kabupaten aceh ketua presidium konfederasi nasional pordasi triwatty turut manfaat rasa ternak kuda laku umkm kawasan giat olahraga potensi lapang hasan gayo kembang venue pacu kuda lapang kuda manah standar internasional teknis fasilitas venue hasan gayo standar nasional kembang lapang kuda manah standar internasional guna produktif manfaat luas triwatty kembang harap kuat ekosistem olahraga kuda aceh pacu kuda kuda manah erat kait olahraga sunnah islam selenggara tanding ada venue aktif harap dukung bina atlet komunitas olahraga kuda ternak kuda sektor ekonomi masyarakat ran yna
SPORT,mangkuluhur cup golf olahraga golf salah olahraga papan dunia adu mampu golf rambah sektor bisnis orang golf cari keringat prestasi sarana strategis bangun jaring bisnis latih mental jaga sehat turnamen golf gelar indonesia atlet main amatir nikmat salah satu inventra platform trading forex cfd lisensi bappebti badan awas dagang jangka komoditi kuat engagement jaring inventra sponsor mangkuluhur cup turnamen golf ikut serta wilayah indonesia new kuta golf bal agustus serta bisnis jadi turnamen salah turnamen golf komunitas serta besar gelar new kuta golf golf pilih alas olahraga identik kalang bisnis profesional golf titik temu alami komunitas olahraga komunitas bisnis ruang relevan invetra kenal calon trader mitra kanal digital turnamen invetra hadir logo banner usaha buka booth interaktif kenal edukasi serta putar aplikasi trading invetra lengkap merchandise eksklusif unjung booth nilai serta tarik jalan trading nya invetra hadir promo daftar nila dolar khusus serta turnamen jadi partisipasi mangkuluhur cup pintu masuk langsung calon trader kenal platform invetra tournament golf mangkuluhur cup sempat kenal invetra kalang profesional hadir latar ajang efektif bangun koneksi langsung calon trader mitra bisnis lengkap hadir kanal digital jufri ramadhan surat direktur pt invetra teknologi jangka rilis detiksport darma mangkuluhur hutomo komisaris utama pt intra golflink resorts apresiasi libat invetra sponsor utama hadir invetra sponsor utama dimensi turnamen temu komunitas olahraga komunitas profesional bisnis partisipasi serta besar antusiasme masyarakat harap kolaborasi nilai positif kembang komunitas industri indonesia darma depan event mangkuluhur cup potensi gelar ajang adu mahir main golf bangun relasi bisnis mrp ran
SPORT,men world tennis championship nathan barki lolos babak babak utama seri iv men world tennis championship gulir tenis tuan rumah nathan barki lolos babak laga perdana lapang bal beach country club nusa selasa nathan kejut kalah lawan unggul delap spanyol pablo perez ramos tarung set jam menit awal laga mantap nathan menang set ramos peringkat atp hasil bangkit puruk rebut set menang tinggal set tiga nathan patah arang hasil balik ramos sulit hadap tekan nathan kalah tanding mudah unggul set lawan merespon set tinggal set tiga siap matang laku turnamen kunci menang nathan rilis detiksport sektor ganda putra rafalentino ali da costa ethan david zapp tembus perempatfinal kandas lawan raghav jaisinghani udit kamboj rubber set takluk set ganda muda tuan rumah hasil menang set laga lanjut set tiga format super tiebreak motivasi main lepas rafalentino ethan sukses tutup set tiga skor sayang langkah gagal ikut rekan anthony susanto pasang ren nakamura kalah rubber set nan hsun lin kai wang unggul tiebreak set gagal tahan anthony ren ganda taiwan sukses rebut set menang super tiebreak durasi jam menit lapang mrp ran
SPORT,kampiun motogp menang tenang saing rebut gelar juara dunia motogp ketat general manager ducati corse gigi dall igna gelar juara tentu balap jaga tenang konsistensi musim dall igna analis saing motogp wawancara sky italia turut kondisi mental mampu hindar salah faktor tentu juara dunia juara dunia menang tenang musim pikir kumpul poin hindar salah dall igna lansir motosan saing musim sengit balap depan ducati aprilia kondisi dall igna nilai konsistensi koleksi menang banyak sembilan seri sisa sejarah tang balap menang konsisten stabil penting salah dall igna balap jaga oleh poin minimal salah milik peluang besar juara hasil finis konsisten harga paksa menang saing buka salah beda buru gelar motogp mampu jaga kepala dingin seri yakin dall igna kunci utama
SPORT,motogp aragon selesai nama menang bold riders podium picks marc marquez cepat motogp aragon rider juluk baby alien hasil tang balap motorland aragon minggu menang marc catat hat trick aragon diri podium atas tang edisi balap sirkuit balap saji ubah posisi baris marco bezzecchi awal race pimpin marc ambil alih posisi lap enam pedro acosta rider marc finis acosta puas posisi bezzecchi lengkap podium urut tiga alex marquez gresini racing juang hilang posisi balap baik posisi selesai race urut empat alex hasil kantong poin balap utama total bawa pulang poin pekan aragon finis sprint race alex aku salah race buat hilang gagal podium tambah poin jaga saing musim foto dok bold riders tebak podium jawab seru aragon lintas gemar motogp uji insting bold riders podium picks kompetisi serta tebak rider finis posisi tiga race selesai prediksi periksa detikers hasil kumpul poin tinggi nung jannah khoirul anam hak voucher nila rp ribu selamat nung jannah khoirul anam hasil baca peluang podium aragon detikers hasil seri motogp uji insting tebak bawa pulang hadiah lo gabung follow bold riders official sponsor gresini racing moto gp team wadah komunitas motor multi genre besar indonesia lo ketemu cinta motor riding bareng aktivitas seru lupa follow instagram boldriders tinggal update motogp konten otomotif info event motor bold riders spirit brotherhood prf ega
SPORT,moto veda ega kali gagal raih poin rider honda team asia veda ega pratama jalan pekan buruk moto aragon balap gunungkidul gagal raih poin kali moto sirkuit aragon pekan veda ega finis sulit jumat veda ega balap posisi sulit tembus baris hasil veda ega gagal raih poin raih angka rocket boy tahan poin tinggal jarak tujuh poin hakim danish posisi delap aragon veda ega gagal raih poin seri gagal finis moto amerika serikat finis moto hungaria gagal finis moto belanda hasil balap minggu minggu sulit sesi jumat sabtu race veda ega lepas balap jalan balap coba start bagus coba cepat coba rider senggol salah balap coba push push push kejar grup sulit sulit sirkuit aragon grip licin minggu lupa ambil ajar tim cari titik poin improve seri misano coba veda ega cas bay
SPORT,marc marquez pukul rider rider aprilia rider ducati marc marquez petik menang ganda motogp aragon baby alien pukul telak balap balap aprilia sirkuit aragon pekan marc marquez juara sprint race main race motogp aragon tambah poin penuh seri motogp balap spanyol baik posisi klasemen marc marquez posisi klasemen motogp raih poin jarak poin jorge martin balap aprilia puncak klasemen motogp amat motogp carlo pernat nilai marc marquez nobat raja sachsenring aragon aragon marc marquez catat hat trick marc marquez raja sachsenring raja aragon ragu aprilia kembang pesat motor motor juara balap tangguh martin bezzecchi papan klasemen pernat kabar gp one marc hajar motogp september motogp san marino misano saji marc marquez menang misano cas aff
SPORT,china masters singkir unggul leo daniel leo rolly carnando daniel marthin laju babak china masters leo daniel kalah unggul kim ho seo seung jae leo rolly carnando daniel marthin lawan unggul kim ho seo seung jae korea selatan babak china masters laga court shenzhen arena selasa leo daniel tinggal gim bangkit kejar tinggal poin skor ganda tukar poin kim seo unggul interval gim leo daniel tara angka lepas interval skor kejar kejar poin kim seo momentum jauh angka kim seo ambang tutup gim unggul leo daniel tampil tawan poin poin krusial dulang angka untun balik situasi leo daniel aman gim menang laga jalan sengit gim kejar kejar poin skor ketat leo daniel angka pimpin interval gim lepas interval situasi balik leo daniel tinggal kejar skor kuat skor kuat leo daniel mental poin krusial leo daniel tang aman gim leo daniel laju babak leo daniel ikut jejak ali faathir rayhan devin artha wahyudi ali faathir rayhan devin artha wahyudi kalah unggul malaysia goh sze fei nur izzuddin fathir devin babak goh izzudin retired mundur kalah gim pur krs
SPORT,bagnaia kena mental bos ducati fokus manajer tim ducati davide tardozzi lontar kritik tajam francesco bagnaia motogp aragon turut bagnaia cepat aspek psikologis khusus percaya fokus mental bagnaia jalan pekan sulit aragon balap italia gagal performa harap ducati jatuh balap ducati harap bagnaia finis motorland aragon ekspektasi penuh tardozzi sebut tim coba ubah sesi panas hasil sesuai harap harap bagnaia nyata coba panas hasil milik percaya pacu motor temu atas tardozzi tnt sports tardozzi nilai bagnaia sentuh aspek psikologis turut mampu bagnaia laju cepat ragu dekat hadap situasi sulit batas performa pikir psikologis dekat terkadang batas performa ragu cepat lewat batas tipis percaya tutup mata tantang nyata tardozzi sorot bagnaia tinggal ducati musim kuat aprilia racing ducati pedro acosta rekan tim marc marquez musim krs bay
SPORT,abdul kadir karding tum perbasasi singgung bina prestasi abdul kadir karding tum serikat baseball softball indonesia pb perbasasi periode singgung bina prestasi abdul kadir karding pilih aklamasi ketua urus serikat baseball softball indonesia pb perbasasi pilih karding langkah urus fokus konsolidasi organisasi fondasi bangun ekosistem baseball softball indonesia kuat solid solid kuat bangun target target prestasi karding sambut tangerang senin karding usung agenda modernisasi kolaborasi kuat tata kelola organisasi salah langkah dorong bangun basis data bina baseball softball indonesia perbasasi kuat sistem bina atlet jenjang bina jenjang kalah masyarakat cinta baseball softball foto dok pb perbasasi tingkat popularitas olahraga karding dorong bentuk klub klub baseball softball kerja perintah daerah sektor swasta nilai jaring milik urus mang penting manfaat luas basis bina tingkat partisipasi masyarakat karding target perbasasi tingkat prestasi indonesia kompetisi sebut bawa baseball softball indonesia masuk jajar level kompetisi bangun fondasi organisasi kuat target prestasi sea games asi games olimpiade dana jaring organisasi model bina ekosistem baseball softball karding aku dana salah tantang utama kelola organisasi olahraga perbasasi cari alternatif dana kuat kolaborasi program bina kembang organisasi jalan lanjut buka ruang libat luas unsur struktur organisasi perbasasi turut bangun organisasi butuh kerja urus urus daerah komunitas atlet mang penting rekonsiliasi bangun target cipta ekosistem baseball softball organisasi kuat prestasi indonesia tingkat dunia karding harap libat ekosistem baseball softball bagus perbasasi kuat prestasi indonesia tingkat dunia pungkas lihat video badan karantina indonesia pimpin kadir karding
SPORT,pukul hoki runtuh umar nurmagomedov umar nurmagomedov telan kalah song yadong lanjut ufc shovel uppercut langsung bikin umar ko sadar pukul hoki ufc fight night nurmagomedov vs song ufc shanghai gelar oriental sports center sabtu duel utama kelas bantam ufc umar nurmagomedov ranking tiga kontra song yadong ranking enam song yadong menang ko ronde shovel uppercut lepas masuk bikin umar langsung sungkur sadar tambah pukul hammer fist rangkum sumber pukul shovel uppercut pukul uppercut tinju teknik tarung mma muay thai pukul layang lintas diagonal derajat rupa gera cangkul sekop khusus pukul shovel uppercut song yadong tarung china laku cantik baca bilal hasan bikin legenda ufc kagum song yadong lepas pukul tangan kanan putar gelang tangan gelang tangan lurus song lepas jab umar nurmagomedov laku duck rendah tubuh langsung kena hantam shovel uppercut song kuping temple umar langsung jatuh sadar posisi kena pukul alir darah segar song tim baca biasa buruk umar umar suka duck serang lancar single leg takedown song timing eksekusi latih rudy hernandez bilang menang upper cut percaya laku song umar hindar perhati laku tutup song lihat video khabib nurmagomedov nikmat pensiun makan halal
SPORT,bilal hasan bikin legenda ufc kagum bilal hasan debut ufc menang ko legenda ufc henry cejudo bikin kagum ufc fight night nurmagomedov vs song ufc shanghai gelar oriental sports center sabtu bilal hasan jalan laga debut hadap tarung peru nilson rojas kelas flyweight tarung rekor bilal menang ronde pukul lurus kanan masuk sempurna bilal hasan rekor menang dunia mma tarung indonesia debut ufc mulus bikin henry cejudo kagum bilal lepas pukul jab tangan kiri turun bum pukul kanan lurus arah sosial media anak daya tarik tunjuk bukti oktagon henry cejudo legenda ufc sabet gelar kelas flyweight bantam weight cejudo puji bilal hasan menang ko detik indoninja menang tarung india mridul saikia rebut kontrak ufc dana white contender series dwcs season agustus menang ko detik nama bilal hasan cejudo dana white kes kelas flyweight tarung hebat sabar aksi aksi sambung simak video menlu bicara alas pasang ring ufc halaman gedung putih
SPORT,video menang aragon marquez tinggal poin martin marc marquez tampil gila motogp aragon balap ducati sukses ngunci menang tiga untun menang delap motorland aragon marc alex marquez tampil oke finis empat fermin aldeguer hasil finis enam hasil bikin pekan ducati mantap
SPORT,china masters jonatan christie kalah leong jun hao maju tanding court shenzhen arena selasa jonatan unggul turnamen bwf super butuh menit kunci menang gim jonatan langsung aman menang skor leong jun hao usaha lawan jonatan jaga unggul gim saing ketat gim jonatan menang skor menang gim langsung hasil jonatan christie laju babak kalah wakil malaysia china masters indonesia milik orang wakil jonatan christie wakil nomor ganda tiga pasang ganda putra leo rolly carnando daniel marthin sabar karyaman gutama moh reza pahlevi isfahani ali faathir rayhan devin artha wahyudi nama masuk daftar undi pekan urung tampil alwi farhan putri kusuma wardani fajar alfian muhammad shohibul fikri simak video jonatan christie umur hidup bulu tangkis indonesia krs bay
SPORT,arwana jaya onic sport juara ipl season selesai musim bri indonesia pingpong league ipl arwana jaya onic sport tampil juara grand final season hadir format kompetisi tuntut konsistensi tim selenggara agustus main atrium trans studio mall ciubur depok format grand final tim kategori elite putera elite puter temu hasil tentu total raih poin tim rangkai tanding khusus kategori elite puter temu sesi tanding ganda kategori elite putera tanding sesi ganda saing elite putera ketat tanding arwana jaya hasil kumpul poin juara hasil capai istimewa arwana jaya hasil ambil alih tahta onic sport juara ipl season pilar arwana jaya muhammad bima abdi negara sebut hasil rebut gelar juara tahan capai tim syukur juara onic juara season kualitas bagus rebut gelar capai spesial main baik usaha jaga fokus tanding bima rilis detiksport sistem tanding menang poin kalah poin lengah target menang tanding kumpul poin kompak mental tim kunci onic sport tampil juara kategori elite puter raih poin onic sport unggul sukun kudus posisi poin arwana jaya posisi tiga poin jasa raharja putera posisi empat poin main onic sport cindy marcella aku bangga bawa tim raih gelar juara elite puter cindy konsistensi kunci menang onic sport turnamen pasti senang bangga juara jalan grand final mudah tim kualitas bagus usaha jaga fokus dukung mampu baik tanding papar cindy jaga fokus tanding tanding tanding nilai syukur jaga konsistensi hasil baik sambung grand final indonesian pingpong league season hadir ketua ipl petrus reinhard golose sekretaris jenderal ipl yon mardiyono jajar urus indonesian pingpong league petrus grand final momentum atlet hasil kerja keras musim grand final panggung atlet hasil kerja keras musim ipl kompetisi ruang atlet kembang prestasi alam tanding level tinggi petrus mrp adp
SPORT,marc marquez sirkuit mandalika buruk buat rider ducati marc marquez saing titel juara dunia motogp marquez aku khawatir balap mandalika sukses sapu seri aragon bawa marquez dekat puncak klasemen motogp jorge martin koleksi poin superstar balap motor spanyol huni peringkat tinggal poin marco bezzecchi intai posisi tiga raup poin sisi juara motogp milik sembilan seri sisa total balap motogp indonesia gelar sirkuit mandalika tempat putar oktober marc marquez pikir saing gelar jorge martin bezzecchi balap usia fokus lakon balap balap waspada balap mandalika sejarah indonesia buruk buat memori buruk ceplos juara dunia motogp tujuh kali lansir crash sirkuit sirkuit balap balap mari pulih tenaga balap fokus misano motogp mandalika bak kutu marc marquez mantan rider honda gresini finis edisi balap motogp mandalika edisi marquez tabrak marco bezzecchi alami patah tulang selangka cedera ganggu rin adp
SPORT,jawa timur juara kejurnas panah tradisional gelar juara nasional kejurnas fespati tampil juara jawa timur kejurnas fespati kompetisi manah usia gelar villa bukit tidar kota malang agustus gelar federasi seni panah tradisional fespati total serta provinsi indonesia kategori lomba tanding ajar hunting ajar jemparing ajar jarak meter atlet panah tradisional serta perempuan laki laki hba horse back archery kategori junior putra open putri senior putra total serta ribu lebih edisi klaten jawa ikut serta naik tren positif panah tradisional minat sertifikat menang rasi pupresnas pusat prestasi nasional institusi tri didik dasar tengah republik indonesia aku resmi ajang talenta prestasi serta didik malang pilih lokasi selenggara kejurnas malang peringkat utama kota industri pariwisata jawa timur harap gelar kejurnas bawa dampak positif naik income usaha umkm industri pariwisata kota malang slogan fespati negeri kejurnas rencana helat provinsi dki jakarta jawa barat banten imran taufik ketua fespati sebut kejurnas seleksi manah muda bela indonesia kancah internasional mrp adp
FINANCE,harga minyak tembus us barel purbaya anggar harga minyak dunia tembus level tinggi mei us barel lonjak harga dorong tinggi eskalasi perang amerika serikat iran timur menteri uang menkeu purbaya yudhi sadewa kesiap anggar dapat belanja negara apbn hadap tantang apbn siap lonjak harga minyak imbas perang iran selat hormuz anggar hitung purbaya kemenkeu jakarta pusat kamis baca harga minyak tembus us barel purbaya aku putus batas kuota bahan bakar minyak bbm subsidi aku pantau kembang konflik timur waspada kembang purbaya asumsi defisit apbn produk domestik bruto pdb kisar harga minyak dunia level us barel samping harga minyak dunia bayar perintah us barel us salah harga minyak dunia bayar asumsi apbn ruang mudah mudah harga minyak dunia anda level tahan alami khawatir atur anggar sambung defisit tekan kutip cnbc lonjak harga minyak dorong tingkat tempur lawan iran teluk sia pecah perang dorong khawatir laku pasar turun ekspor energi selat hormuz dagang rabu kontrak jangka brent kerap patok global us barel harga minyak mentah west texas intermediate wti tutup us barel simak video wapres harga minyak iran tembak kapal selat hormuz
FINANCE,luhut bansos salah sasar sistem digital luncur oktober ketua dewan ekonomi nasional den ketua komite cepat transformasi digital perintah luhut binsar pandjaitan salur bantu sosial bansos sasar bansos salur masyarakat hak terima bansos target nasional luhut kantor den jakarta kamis perintah luncur digitalisasi bantu sosial bansos nasional oktober harap salur bansos dapat masyarakat butuh baik harap dekat dinamis akurasi desil luhut percaya atas kerja lintas instansi sederhana desil desil kerja kompak atas harap presiden roll oktober serius perintah bangun sistem perlinsos digital bas digital public infrastructure dpi integrasi identitas digital tukar data antarinstansi bayar digital verifikasi terima biometrik wajah hubung data dukcapil sistem masyarakat ecek aju bansos mandiri nik portal resmi perintah sistem verifikasi layak terima data lintas instansi milik kendara status asn perintah mekanisme sanggah warga layak terima bantu daftar luhut sistem bangun manfaat artificial intelligence meminimalisir salah ketemu manusia manusia bas bangun ekosistem ekosistem lihat video juta keluarga aju bansos
FINANCE,tahun jalan si menteri koboi tahun tim lembaga jamin simpan lps berat hati ketua dewan komisioner paksa batal hadir detiksore informasi oleh purbaya yudhi sadewa panggil istana hadap presiden prabowo muncul kabar menteri uang ganti posisi sri mulyani jabat semat juluk menteri koboi label muncul sama citra muncul sosok gaya komunikasi ceplas ceplos sontak muncul perhati publik purbaya hadir tantang ekonomi indonesia kondisi berat prabowo didapuk genjot tumbuh ekonomi turut minta prabowo berat titah purbaya aku deg degan deg degan berat banget pikir pokok presiden agresif gitu purbaya lantik istana presiden jakarta pusat senin tahun kaca target presiden purbaya nilai jalan sesuai jalur genjot tumbuh ekonomi level yoy bps detiksore sempat wawancara menteri uang ri purbaya yudhi sadewa tantang capai kerja lantik bendahara negara simak obrol detiksore jelang petang detiksore ulas posisi indonesia bencana muncul kawasan ring fire bencana risiko hadap kesiapsiagaan panik bencana bencana indonesia resilience ires hadir fokus resiliensi kurang risiko bencana ires upaya dorong masyarakat indonesia rawan bencana milik kapasitas antisipasi hadap pulih dampak bencana lantas masyarakat indonesia hadap bencana laku temu lengkap akbar apriawan managing director ires ikut berita baru mutu detiksore tonton tayang langsung platform media sosial lupa follow detiksore instagram tiktok detiksore hore hore
FINANCE,himbara pungut pajak transaksi digital negeri menteri uang menkeu purbaya yudhi sadewa himpun bank milik negara himbara implementasi sistem mungut pajak transaksi digital negeri spp tdln kamis peran mungut pajak luas tahap himbara bank himbara purbaya kemenkeu jakarta pusat kamis purbaya mungut pajak libat perban swasta fintech implementasi mungut pajak himbara fintech bank bank swasta tahap sistem nilai informasi bijak masuk spp tdln terap september implementasi perintah pt jalin bayar nusantara jalin selenggara spp tdln atur presiden nomor purbaya himbara implementasi bijak tes puluh bank implementasi atur serta tes tes puluh bank bank himbara jalan implementasi bank bank tahap purbaya wartawan kawasan sunter jakarta utara selasa lihat video momen menkeu purbaya cecar dpr gegara tempat dana sal
FINANCE,lps usul batas jamin polis asuransi rp juta program jamin polis ppp asuransi rencana laku lambat juli lembaga jamin simpan lps usul batas jamin polis kumulatif capai rp juta ketua komisioner lps anggito abimanyu besar batas jamin polis asuransi usul sebut angka kaji atur perintah pp ppp terbit dasar benchmark formula kaji kaji masuk pp pp meaningful participation industri konsultasi dpr komisi xi anggito temu rapat kerja komisi xi dpr ri kompleks parlemen senayan jakarta pusat kamis anggito mekanisme jamin polis skema jamin simpan perban skema atur prioritas bayar klaim nasabah batas nilai jamin tetap program samin bank resolusi langsung ganti limit rp juta limit angka kaji gantung proses recovery likuidasi recovery bagi pro rate kesiap dana lps jamin polis asuransi anggito khawatir usaha sedia polis asuransi anggota penuh lindung masuk kategori sehat risiko polis asuransi masalah minim terap telah dana kumpul iur serta lps milik dana skema lindung simpan perban masuk serta penuh sehat risiko resolusi risiko resolusi mekanisme inter borrowing dana jamin perban khawatir pisah anggota dewan komisioner lps bidang program jamin polis ferdinan purba angka limit batas maksimal jamin rp juta batas maksimal pegang polis tanggung serta usul rp juta usul rp juta cakup polis tanggung ferdinan rapat kerja lembaga jamin simpan lps komisi xi dpr ri gedung parlemen serta ppp sifat wajib usaha asuransi jiwa syarat tingkat sehat serta syarat rbc research based capital minimum awas khusus awas intensif ojk ferdinan coverage jamin usul lini usaha asuransi kecuali asuransi kredit asuransi kredit dagang suretyship lini usaha asuransi coverage ppp detail pp terbit usaha serta kena iur iur iur kala iur ferdinan ekuitas jumlah ekuitas dana baru dana tahanud asuransi syariah iur kala besar tarif timbang dasar kena iur bayar semester iur usul perban ekuitas syariah ekuitas sama sama ekuitas lihat video kenal fungsi utama perban lps dampak ekonomi
FINANCE,gaji manajer kopdes tanggung apbn purbaya menteri uang menkeu purbaya yudhi sadewa buka buka gaji manajer koperasi desa lurah merah putih kdmp alias kopdes gaji kopdes tanggung negara purbaya aku hitung wajib bayar manajer kopdes turut angka gaji manajer kopdes tanggung negara hitung purbaya kemenkeu jakarta pusat kamis untung operasional kopdes alih desa purbaya kopdes raup untung barang subsidi perintah salur kopdes kopdes aja jalan kopdesnya untung purbaya perintah bentuk satu tugas satgas awas salur bansos kopdes satgas isi kemenkeu badan atur bp badan usaha milik negara bumn menteri koperasi kemenkop operasional kopdes tekan bocor distribusi barang subsidi expect hemat signifikan barang barang subsidi bocor manfaat orang koperasi jalan tim monitor hemat subsidi pungkas simak video iur bpjs sehat manajer kopdes tanggung apbn
FINANCE,purbaya kualitas belanja negara ragu menteri uang purbaya yudhi sadewa buka suara sorot kualitas belanja negara nilai baik turut nilai kerja fiskal besar belanja perintah dorong tumbuh ekonomi purbaya sehat fiskal sisi defisit rasio utang produk domestik bruto pdb mampu perintah jaga lanjut bayar utang fiskal ukur ukur acu acu fiskal sustainable acu purbaya detikcom wawancara khusus jakarta kamis sebut indikator mudah sehat fiskal rasio defisit pdb rasio utang pdb indonesia batas relatif aman defisit angka outlook rasio utang purbaya rujuk batas defisit rasio utang pdb salah standar fiskal uni eropa indikator nilai posisi fiskal indonesia kuat purbaya sehat fiskal mata tentu perintah belanja anggar nilai kontribusi belanja tumbuh ekonomi purbaya contoh tumbuh ekonomi indonesia kuartal capai hitung kontribusi tumbuh besar asal konsumsi rumah tangga investasi belanja perintah hitung angka belanja masyarakat belanja rumah tangga investasi belanja perintah purbaya aku khawatir belanja perintah kontributor besar tumbuh ekonomi kadang kadang hitung situ drive belanja rumah tangga habis investasi baru belanja perintah khawatir data badan pusat statistik bps konsumsi perintah alami tumbuh kuartal konsumsi perintah tumbuh tahun komponen keluar tumbuh tinggi ekonomi nasional tumbuh kuartal ii konsumsi perintah tumbuh kuat tahun ekonomi indonesia tumbuh periode konsumsi rumah tangga tumbuh menteri uang sebut kuat konsumsi perintah kuartal ii topang cepat belanja barang belanja pegawai belanja barang tumbuh belanja pegawai tumbuh iring laksana program prioritas makan gizi gratis desa nelayan sekolah rakyat belanja negara sorot besar realisasi belanja otomatis kualitas belanja sorot kualitas belanja dpr juli delapan fraksi dpr catat efektivitas belanja negara lanjut fiskal bahas pertanggungjawaban apbn kualitas belanja anggar serap rupiah keluar perintah hasil manfaat ekonomi sosial padan realisasi belanja perintah pusat semester capai rp triliun tumbuh banding periode belanja program makan gizi gratis bantu sosial bantu iur jamin sehat program keluarga harap kartu sembako bayar gaji thr gaji aparatur sorot purbaya perintah hati hati kelola apbn presiden prabowo subianto perhati lanjut fiskal perintah tetap target defisit pdb defisit apbn tetap pdb purbaya presiden defisit apbn tahan lapor realisasi juni angka angka tahan belanja realisasi bilang defisit keluar variasi kertas aman target rasio utang pdb tekan rendah tumbuh ekonomi cepat perintah baik terima negara pajak pabean cukai pnbp purbaya klaim terima pajak baik signifikan tumbuh pajak penuh catat negatif tumbuh sebut dekat full year tumbuh negatif tumbuh pajak baik signifikan baik sempurna baik purbaya ukur kualitas apbn perintah belanja anggar defisit hasil belanja cipta tumbuh tingkat terima negara jaga mampu perintah bayar utang fiscal sustainability terjemah bayar utang bayar utang acu monitor jaga purbaya simak video prabowo belanja negara tumbuh defisit apbn
FINANCE,purbaya pede kopdes tekan bocor subsidi menteri uang menkeu purbaya yudhi sadewa operasional koperasi desa lurah merah putih kdmp tekan bocor distribusi barang subsidi pasal barang subsidi salur kdmp purbaya perintah bentuk satu tugas satgas awas salur subsidi kdmp satgas isi kemenkeu badan atur bp badan usaha milik negara bumn menteri koperasi kemenkop expect hemat signifikan barang barang subsidi bocor manfaat orang koperasi jalan tim monitor hemat subsidi purbaya kantor kemenkeu jakarta kamis purbaya salur subsidi sumbang untung operasional kdmp untung masuk dana desa kdmp operasi kopdes aja jalan kopdesnya untung purbaya gaji manajer kdmp bayar anggar dapat belanja negara apbn gaji manajer kopdes tanggung negara hitung pungkas simak video prabowo bikin koperasi merah putih klinik sehat
FINANCE,juta warga desil terima bansos digital perintah tetap juta orang terima bantu sosial bansos bas digital ketua komite cepat transformasi digital perintah luhut binsar pandjaitan kelompok kategori masyarakat tersmiskin bansos salur langsung terima rekening buat perintah depan perintah ubah skema subsidi bas produk langsung terima subsidi produk subsidi langsung rakyat bank account rakyat arah presiden bawa adil adil masyarakat masyarakat miskin juta juta luhut konferensi pers kantor dewan ekonomi nasional jakarta pusat kamis luhut sebut sumber dana bansos asal hemat perintah hitung perintah hasil hemat rp triliun digitalisasi tanya uang fiskal kemarin presiden hemat digitalisasi hitung capai rp triliun angka turun luhut luhut juta masyarakat terima bansos kelompok desil singgung perintah baik data desil akurat desi desil luhut ketua dewan ekonomi nasional informasi perintah bangun sistem perlinsos digital bas digital public infrastructure dpi integrasi identitas digital tukar data antarinstansi bayar digital verifikasi terima biometrik wajah hubung data dukcapil sistem masyarakat ecek aju bansos mandiri nik portal resmi perintah sistem verifikasi layak terima data lintas instansi milik kendara status asn simak video bps tegas desil variabel tunggal
FINANCE,menteri pu pegawai indikasi main judol sanksi pegawai menteri kerja pu indikasi main judi online alias judol temu ppatk menteri pu dody hanggodo langsung inspektorat jenderal menindaklanjuti temu inspektorat jenderal menteri pu periksa serius pegang bukti tentu laku bukti langgar pegawai sanksi proses hukum bukti langgar jalan sanksi temu unsur pidana lanjut proses hukum tutup tutup hukum orang dasar menteri pu kelola kerja anggar negara tuntut orang orang dalam milik disiplin integritas padan tanggung dody terang kamis dody tekan tangan judi online lingkung menteri pu upaya jaga percaya publik aparatur sipil negara institusi menteri informasi pegawai menteri pu identifikasi judi online data telaah verifikasi posisi pegawai pola transaksi tingkat libat unsur langgar bukti menindaklanjuti arah menteri pu inspektur jenderal maulidya indah junica terang periksa nama masuk temu telaah verifikasi kategori nama periksa data bukti sedia inspektorat jenderal serah hasil verifikasi unit organisasi ditindaklanjuti proses jatuh sanksi disiplin sesuai tentu laku butuh dalam periksa tangan temu verifikasi henti tindak jatuh sanksi disiplin maulidya maulidya tangan jalan mekanisme disiplin pegawai sesuai tingkat langgar proses temu indikasi tindak pidana cegah berantas tindak pidana cuci uang atur undang undang nomor tangan terus sesuai wenang mekanisme tega hukum laku sekretaris jenderal menteri pu apri artoto temu bahan evaluasi menteri pu kuat sistem bina awas internal pegawai tangan pegawai bukti langgar sesuai tentu laku evaluasi sistem awas bina pegawai apri terang langgar bukti ditindaklanjuti sesuai tentu sanksi kalah baik sistem lanjut jadi upaya cegah lihat video kemensos telusur juta kpm indikasi judol bansosnya tahan
FINANCE,polis asuransi jamin lps telat juli tentu lembaga jamin simpan lps target program jamin polis ppp asuransi laku lambat juli atur teknis laksana tahap susun ketua dewan komisioner lps anggito abimanyu ada ppp masuk lindung pegang polis dukung stabilisasi industri asuransi dorong tumbuh industri asuransi nasional tetap amandemen undang undang sk lps cepat akselerasi siap aktivasi ppp skenario juli rapat kerja komisi xi dpr ri kompleks parlemen senayan jakarta pusat kamis turut program jamin polis asuransi salah instrumen tingkat percaya publik produk asuransi negeri tingkat penetrasi asuransi indonesia tingkat produk domestik bruto pdb program jamin polis salah instrument pulih percaya yakin publik kerja utama proses siap realisasi program jamin polis anggito isu strategis perhati komisi xi dpr ri membership serta program coverage cakup jamin batas maksimum jamin limit dana funding rancang infrastruktur teknologi informasi kerangka regulasi teknis atur turun susun tahap susun kuat sdm kesiap siap integrated core system ppp platform registrasi elektronik proses daftar serta ppp kerangka atur dukung implementasi ppp menteri uang ojk rangka integrasi kesiap kesiap lps jalan ppp bentuk pmo project management office anggito sempat anggota dewan komisioner lps bidang program jamin polis ferdinan purba milik roadmap siap aktivasi ppp atur perintah pp ppp terbit pasti program jamin diaktivasi alias lps jamin polis asuransi cantum pp ppp laksana target cepat april lambat juli skenario skenario optimis skenario moderat temu ferdinan asumsi triwulan iii keluar atur perintah program jamin polis skenario optimis optimistik april moderat juli ferdinan kerja siap terap ppp garap lps capai angka capai september progres desain program desain program cantum pp papar lihat video jurus bos lps biar anak muda kalah saing dunia kerja
FINANCE,respons bulog kepala kanwil jateng periksa kpk komisi berantas korupsi kpk dalam korupsi proses salur bantu sosial bansos beras program keluarga harap pkh kepala bulog kanwil jawa jateng sri muniati periksa perum bulog hormat proses hukum jalan kpk jajar senantiasa kooperatif informasi terang aparat tegak hukum sikap minta terang kpk giat bantu sosial beras bsb pkh alokasi agustus september oktober karyawan bulog bulog tanggung sedia barang pintu gudang bulog proses beras gudang terima keluarga terima manfaat kpm tanggung transporter salur kepala divisi hubung masyarakat perum bulog tom wijaya informasi proses kait kuantum beras terima transporter bulog beras diserahterimakan alat angkut area pintu gudang bulog bulog hormat proses hukum jalan dukung informasi tom terang kamis tom bulog jalan tugas sesuai wenang sedia serah beras salur sesuai tentu bulog pasti komitmen depan prinsip tata kelola tugas perintah kooperatif rangka dukung proses hukum tom perum bulog komitmen hormat tahap proses hukum jalan dukung upaya tega hukum profesional transparan badan usaha pangan milik negara bulog upaya jaga amanah tugas perintah depan prinsip tata kelola patuh regulasi kesiap informasi butuh wenang simak video respons tito jarah minimarket gudang bulog sibolga
FINANCE,catat jadwal uji coba lrt jakarta velodrome manggarai lrt jakarta fase hubung velodrome manggarai uji coba uji coba tahap terang resmi waskita karya kamis periode lrt jakarta undang wakil warga lembaga key opinion leader kol jurnalis tanggal september uji coba periode tanggal september oktober lrt operasi batas tujuh jam wib kali lrt jakarta buka masyarakat komunitas registrasi oktober november laku uji coba jam wib periode stasiun aktif tumpang batas registrasi proyek milik pt jakarta propertindo roda waskita bangun jalur kilometer km lengkap stasiun cakup rawamangun pramuka matraman proklamasi manggarai stasiun lrt jakarta rancang integrasi angkut stasiun manggarai integrasi langsung kereta rel listrik krl commuter line layan bus transjakarta kereta bandara bandara soekarno hatta harap langkah tingkat modernisasi sistem transportasi indonesia jakarta pusat giat ekonomi perintah tukar budaya simak video lrt velodrome manggarai rampung pramono resmi presiden
FINANCE,perintah atur guna uang bansos khawatir modal judol ketua dewan ekonomi nasional den ketua komite cepat transformasi digital perintah luhut binsar pandjaitan salur bantu sosial bentuk subsidi produk bantu salur transfer tunai langsung masyarakat rekening bank terima rencana salur bansos bentuk langsung transfer tunai langsung kuartal luhut perintah selesai data terima bansos sasar luhut perintah cari dana bansos masuk rekening masyarakat pakai judi online salah opsi pikir perintah kupon batas guna dana bansos accountnya disalahgunakan uang mikir kupon judi online bayar listrik bayar beras bayar bensin luhut kantor den jakarta kamis luhut bantu prioritas langkah antisipasi dana bansos judi online waspada judol uang uang dana target judol luhut perintah target juta masyarakat masuk kategori desil bansos masyarakat miskin juta juta tanya uang fiskal kemarin presiden hemat digitalisasi hitung capai rp triliun angka turun presiden adil perintah hadir masyarakat presiden prabowo subianto masyarakat milik rekening pt bank rakyat indonesia persero tbk bri pt bank syariah indonesia persero tbk bsi rekening bank salur bantu sosial bansos perintah menteri uang purbaya yudhi sadewa rekening masyarakat usia milik rekening bank buka rekening salur bansos cepat bantu cepat sasar bansos rencana presiden purbaya wartawan kawasan sunter jakarta utara selasa purbaya proses buka rekening libat data direktorat jenderal duduk catat sipil dukcapil bank indonesia bi lembaga jamin simpan lps selesai sih diskusi diskusi orang bikin ktp langsung otomatis buat rekening terang lihat video kemensos telusur juta kpm indikasi judol bansosnya tahan
FINANCE,luhut digitalisasi bansos luncur perintah luncur digitalisasi bantu sosial bansos nasional oktober ketua komite cepat transformasi digital perintah luhut binsar pandjaitan arah langsung presiden prabowo subianto data bansos integrasi salah sasar terima harap atas proses digitalisasi kemarin presiden arah ketua komite cepat proses presiden rancang oktober minggu tiga roll luhut konferensi pers kantor dewan ekonomi nasional jakarta pusat kamis luhut perintah hadap akurasi desil atas kerja lintas instansi sederhana desil desil kerja kompak atas harap presiden roll oktober serius perintah bangun sistem perlinsos digital bas digital public infrastructure dpi integrasi identitas digital tukar data antarinstansi bayar digital verifikasi terima biometrik wajah hubung data dukcapil sistem masyarakat ecek aju bansos mandiri nik portal resmi perintah sistem verifikasi layak terima data lintas instansi milik kendara status asn perintah mekanisme sanggah warga layak terima bantu daftar luhut sistem bangun manfaat artificial intelligence meminimalisir salah lihat video luhut kan skema salur bansos
FINANCE,lrt jakarta velodrome manggarai operasi moda lrt jakarta fase operasi batas rangka uji coba direktur operasi ii waskita karya paulus budi kartiko tahap bangun proyek nila rp triliun rampung lrt jakarta fase aman nyaman lewat rangkai tes struktur syukur masyarakat rasa langsung sarana transportasi lrt jakarta fase bangun penuh teliti hitung alam baik tumpang percaya meter jalur lrt tanggung waskita karya kontraktor paulus terang resmi rabu proyek milik pt jakarta propertindo roda waskita bangun jalur kilometer km lengkap stasiun cakup rawamangun pramuka matraman proklamasi manggarai stasiun lrt jakarta rancang integrasi angkut stasiun manggarai integrasi langsung kereta rel listrik krl commuter line layan bus transjakarta kereta bandara bandara soekarno hatta harap langkah tingkat modernisasi sistem transportasi indonesia jakarta pusat giat ekonomi perintah tukar budaya jadwal uji coba periode lrt jakarta undang wakil warga lembaga key opinion leader kol jurnalis tanggal september uji coba periode tanggal september oktober lrt operasi batas tujuh jam wib kali lrt jakarta buka masyarakat komunitas registrasi tanggal oktober november laku uji coba jam wib periode stasiun aktif tumpang batas registrasi simak video lrt velodrome manggarai rampung pramono resmi presiden
FINANCE,china borong juta metrik ton kedelai jelang xi jinping trump temu juta metrik ton kedelai amerika serikat beli china kargo kedelai siap kirim china beli tingkat signifikan jelang kunjung presiden china xi jinping jumpa presiden donald trump kutip reuters kamis china komitmen beli juta ton kedelai beli kedelai china nilai lebih komitmen kedelai baca zulhas buka buka sebab ri impor kedelai usaha logistik pangan china sinograin mes kargo kirim terminal teluk desember februari departemen tani rabu lapor jual kedelai china ton ton tuju simak video trump borong gandum kedelai tani pakai aset iran beku
FINANCE,ri kalah singapura asuransi bukti ketua dewan komisioner lps lembaga jamin simpan anggito abimanyu lapor tingkat penetrasi asuransi indonesia produk domestik bruto pdb turut angka rendah banding negara negara tetangga asia tenggara asean negara banding thailand malaysia singapura indonesia penetrasi asuransi pdb tinggal banding negara negara asean selenggara program jamin polis anggito rapat kerja komisi xi dpr ri kompleks parlemen senayan jakarta pusat kamis slide papar anggito tingkat penetrasi asuransi asean tinggi singapura angka pdb telah susul thailand tingkat penetrasi pdb malaysia tingkat penetrasi filipina angka telah indonesia tingkat penetrasi asuransi angka lapor word bank allianz global insurance report anggito nilai rendah tingkat penetrasi arah rendah tingkat literasi inklusivitas masyarakat produk asuransi indonesia literasi inklusi rendah inklusi masyarakat indonesia produk asuransi tingkat literasi inklusi rendah tingkat literasi inklusi perban papar turut data masyarakat indonesia sepenuh tempat asuransi prioritas lindung dasar dasar lps nilai cepat program jamin polis ppp asuransi program jamin polis salah instrument pulih percaya yakin publik kerja utama anggito simak video dirut bpjs sehat sistem baik sejarah ri
FINANCE,boy thohir borong juta saham usaha data center mglv konglomerat garibaldi boy thohir beli saham pt nexai digital infrastruktur tbk mglv langkah investasi susul prospek jangka usaha sektor teknologi aksi boy thohir beli juta lembar saham mglv boy thohir afiliasi mglv entitas pt trinugraha thohir pt trinugraha thohir harmoni prospek usaha janji pesat kembang infrastruktur teknologi boy thohir terang tulis rabu baca mglv resmi main ai data center boy kembang ekonomi digital tingkat adopsi layan cloud computing artificial intelligence ai cepat transformasi digital sektor dorong tingkat butuh infrastruktur pusat data andal aman kapasitas langkah jalan visi kuat peran institusi pasar modal dukung tumbuh ekonomi tingkat partisipasi investor domestik turut banyak investor domestik pasar saham kuat tahan pasar modal investor asing net sell bentuk dukung cipta stabilitas pasar modal pasar saham ketidakpastian global pungkas simak video boy thohir klaim usaha dukung prabowo timnas amin
FINANCE,bos gudang garam tindak hilang rokok ilegal pt gudang garam tbk ggrm respons upaya perintah berantas edar rokok ilegal gencar persero nilai langkah selesai hadap industri rokok direktur gudang garam istata taswin siddharta aku tindak perintah edar rokok ilegal turut tindak fenomena puncak es rokok ilegal data tangkap naik atas luruh puncak gunung es rokok ilegal industri istata public expose virtual kamis istata aku baik tindak edar rokok ilegal turut hilang edar barang baik prestasi tindak bagus hilang rokok ilegal imbas marak edar rokok ilegal gudang garam aku turun volume jual signifikan kondisi kelas tengah turun kualitas rokok imbas naik harga cukai direktur gudang garam heru budiman beban cukai jenis sigaret kretek mesin skm alami naik rp periode konsumen alih jenis rokok sigaret kretek tangan skt periode kelas tengah alami baik daya beli konsumer tengah usaha cari alternatif murah pindah skm skt survive samping rokok penuh atur cukai alias rokok rokok ilegal lihat video tugas bea cukai razia warung madura viral cari rokok ilegal
FINANCE,janji purbaya terbit pajak pajak kecuali perintah naik target dapat negara pajak cukai rancang anggar dapat belanja negara rapbn target terima pajak patok rp triliun rp triliun banding cantum nota uang rp triliun terima pajak target terima pabean cukai naik rp triliun rp triliun menteri uang purbaya yudhi sadewa sebut terap bijak cukai pajak wacana terap cukai minum man kemas mbdk laku cukai mbdk man makmur pajakin tumbuh ekonomi lihat pajakin guna ekonomi lambat turun detikcom jakarta selasa sempat purbaya bilang ketat sisi tax collection kumpul pajak besar dapat negara sisi hati hati baik kerja internal menteri uang kemenkeu hati hati impact nya negatif naikin kayak tahun naik tumbuh terima pajak baik kumpul pajak naik dapat signifikan beber papar evaluasi kerja efisien internal bukti dongkrak tumbuh terima purbaya contoh ekspos sidak direktorat jenderal bea cukai djbc tanda baik lembaga tumbuh pajak baik signifikan baik sempurna baik baik purbaya lihat bea cukai tuh lumayan aktif tuh ekspos selundup emas selundup batam tuh narkoba sekian ton aktif banding lanjut duga baik dongkrak terima negara kali lipat sisi paja signifikan duga terima kali lipat terima negara signifikan masuk kondisi ideal kira dengar ekspor bohong invoicing jadi cpo batu bara tindak praktik invoicing purbaya klaim negara pasu pasal eksportir main bayar pajak paruh harga sisi devisa terima ri paruh terima rupiah lari rapi baik dsi danantara sumberdaya indonesia baik bea cukai baik purbaya lihat video menkeu bidik rp terima pajak
FINANCE,gudang garam buka buka bandara dhoho kasih cuan pt gudang garam tbk ggrm aku operasional bandara dhoho diri jawa timur kontribusi positif dapat usaha kondisi direktur gudang garam istata taswin siddharta bandara dhoho proyek jangka aku operasional bandara kontribusi dapat hasil gudang garam bandara proyek jangka kontribusi positif usaha kira istata public expose virtual kamis istata sebab minim kontribusi operasional bandara dhoho kerja uang persero persero milik rencana investasi kembang bandara tol dhoho proyek jalan tol rencana pungkas semester ggrm buku turun dapat rp triliun imbas turun jual rokok jenis sigaret kretek mesin skm sigaret kretek tangan skt direktur gudang garam heru budiman volume dagang turun semester persero catat turun beban dapat dapat persero turun turun volume slide masuk cost revenue alami turun jalan turun volume operating expense cakup selling general administrative kembang positif angka turun pungkas lihat video heboh gudang garam landa isu phk massal
FINANCE,orang kaya china pindah duit malaysia orang orang superkaya asia buka tempat kaya jenis aset emas pindah dubai singapura orang orang kaya china lirik malaysia tuju investasi tren ungkap ceo malayan bank bhd maybank singapura alvin lee sebut investor china pindah bisnis boyong keluarga malaysia valuasi aset negara relatif murah banding singapura hurun global rich list terbit maret china milik miliarder banding amerika serikat milik miliarder orang china beli properti malaysia guna pribadi bisnis kuala lumpur salah terima malaka nang tarik masyarakat china lee lansir cnbc kamis singapura salah tuju utama simpan kaya negeri konflik timur dorong kembali dana pindah singapura dubai singapura milik daya tarik kuat kaya offshore konflik timur uang tinggal singapura dubai uang emas fisik kirim dubai singapura historis golong lee singapura cenderung untung langsung langsung krisis regional global topang status singapura safe lindung kaya intelektual kuat perintah stabil rezim paja tarik lee kelompok ultra high net worth individual uhnwi cari peluang investasi instrumen uang aset fisik properti logam mulia orang orang kaya instrumen uang aset fisik real estat logam mulia naik harga emas bukti emas simpan nilai emas tarik harga emas turun rekor tinggi harga kisar us troy ounce banding level historis goldman sachs harga emas capai us troy ounce salah satu dorong beli bank sentral lihat video muncul usul pajak orang kaya harta rp
FINANCE,harga emas antam harga emas antam alami naik jatuh tren lemah pekan kemarin harga emas antam karat rp gram level rp gram situs logam mulia antam kamis satu harga emas kecil ukur gram angka rp harga emas gram jual harga rp ukur emas besar gram kg banderol rp tarik pek harga emas antam rentang rp gram bulan harga emas antam gerak rentang rp gram buyback emas harga emas buyback emas antam rp level rp gram harga buyback jual emas antam bel harga sesuai atur menteri uang pmk nomor beli emas batang kena pph potong pajak rendah serta npwp transaksi rincian harga emas harga emas gram rp harga emas gram rp harga emas gram rp harga emas gram rp harga emas gram rp harga emas gram rp harga emas gram rp harga emas gram rp harga emas gram rp harga emas gram rp harga emas gram rp harga emas gram rp rincian harga emas keluar antam gram gram kamis lihat video harga emas antam ambruk
FINANCE,dolar kuat tipis rp nilai tukar dolar amerika serikat kuat rupiah pagi mata uang paman sam level rp kutip data bloomberg kamis nilai tukar dolar level rp kuat baca rupiah tekan dolar level rp gera dolar mata uang variasi cenderung stagnan nilai tukar dolar dolar kanada chf swiss france dolar hong kong posisi stagnan dolar lemah yen jepang dolar lemah korea simak video menteri umkm dampak naik dolar laku usaha
FINANCE,bulog kawal salur bantu pangan beras cirebon sasar perum bulog awal salur bantu pangan beras manfaat terima masyarakat hak satu kerja cabang cirebon bulog tahap distribusi monitor optimal dukung program perintah jaga tahan pangan penuh butuh masyarakat tanggap informasi duga penyalahgunaan karung beras bantu pangan oknum perangkat desa ambit camat waled kabupaten cirebon bulog hormat proses hukum jalan pimpin wilayah perum bulog jawa barat nurman susilo salur bantu pangan kabupaten cirebon desa ambit camat waled sesuai tentu pbp tetap perintah tim bulog cabang cirebon salur bantu pangan beras desa ambit camat waled sesuai tentu bukti dokumentasi lengkap beras bagi terima giat tahap manfaat bantu terima manfaat lapang nurman terang kamis kabupaten cirebon salur bantu pangan beras alokasi juli september terima bantu pangan pbp total alokasi kilogram ton beras realisasi salur capai persen kilogram beras salur masyarakat terima manfaat desa ambit camat waled alokasi pbp bulog laksana salur pbp bulog awal lapang perintah desa babinsa bhabinkamtibnas proses salur jalan transparan sasar ajak unsur libat jaga amanah program bantu pangan manfaat rasa terima tetap papar nurman laksana tugas perintah bulog kuat koordinasi perintah daerah tni polri bantu pangan beras salur efektif tingkat masyarakat dukung jaring operasional sebar indonesia bulog upaya jaga kualitas tepat sasar lancar distribusi bantu pangan simak video tan stok beras bulog capai juta ton
FINANCE,ihsg kuat pagi tembus indeks harga saham gabung ihsg buka kuat pagi ihsg kuat tembus level data dagang rti kamis ihsg pagi buka level nilai indeks saham garuda kuat poin level wib level tinggi ihsg hasil sentuh rendah mayoritas saham kuat rincian saham saham lemah saham stagnan volume dagang pagi catat capai miliar saham nilai transaksi capai rp triliun frekuensi dagang kali ihsg catat alami naik minggu bulan ihsg year date catat lemah acd acd
FINANCE,perintah buka buka alas mudah tka kerja ri perintah mudah izin tenaga kerja asing tka serta tanam modal indonesia dorong mudah pasti usaha kuat daya tarik investasi nasional bijak tanda penandatanganan surat putus skb menteri ketenagakerjaan yassierli menteri imigrasi masyarakat agus andrianto menteri investasi hilir kepala bkpm ros roeslani atur integrasi layan tenaga kerja asing tka rangka tanam modal skb langkah kolaboratif dukung lancar proses tanam modal cipta iklim investasi kondusif indonesia ros terang resmi kamis spesifik skb isi integrasi sistem online single submission oss milik menteri investasi hilir bkpm sistem informasi aplikasi layan ketenagakerjaan siapkerja kemnaker aplikasi indonesia milik menteri imigrasi masyarakat integrasi cakup layan kesah rencana guna tenaga kerja asing rptka aju visa tinggal batas vitas izin tinggal batas itas izin tinggal itap tka rangka tanam modal skb bentuk tim teknis integrasi ros integrasi antarsistem upaya perintah hadir layan investasi mudah cepat pasti laku usaha kolaborasi pasti usaha tenaga kerja asing izin butuh ros pria jabat ceo danantara nilai mudah tka indonesia potensi dorong investasi asing masuk negeri sektor butuh tenaga kerja asing bawa usaha investasi harap integrasi dampak positif foreign direct investment masuk indonesia cipta lapang kerja kualitas sektor industri butuh tenaga kerja asing harap transfer knowledge transfer technology sumber daya manusia ros izin kerja tka mudah integrasi sistem ros proses izin tka layan target selesai izin keluar izin terbit otomatis sesuai mekanisme tetap mekanisme proses izin layan lanjut reformasi pp selesai otomatis izin keluar skb atur pasti layan service level agreement sla batas layan lampau dokumen terbit mekanisme fiktif positif integrasi oss integrasi akses layan tukar manfaat data antarsistem proses transparan integrasi oss fungsi pintu layan single entry gateway integrasi laku usaha aju mohon kesah rptka mohon vitas itas itap menteri ketenagakerjaan laksana proses layan nilai layak terbit kesah rptka siapkerja menteri imigrasi masyarakat laksana verifikasi terbit tuju vitas itas itap aplikasi indonesia proses selesai data terbit alir sistem oss lihat video detik detik gagal selundup tka china malaysia bintan
FINANCE,ssia tahan target laba rp miliar jsmr bmas siap aksi korporasi market overview indeks harga saham gabung ihsg zona merah dagang rabu ihsg turun level saham gerak dagang ammn susul impc kuat aadi sisi bbca turun bmri lemah asi koreksi tekan investor asing pasar reguler catat jual bersih asing rp miliar hitung pasar jual bersih asing capai rp miliar gera sektoral tekan sektor lemah sektor healthcare alami turun transportation logistic catat kuat besar bursa amerika serikat indeks utama tutup lemah dow jones turun level koreksi nasdaq turun lemah sektor healthcare cermin aksi ambil posisi katalis erupsi anak krakatau hilang momentum tekan etf eido turun indeks msci indonesia lemah berita emiten surya semesta internusa ssia ssia belanja modal capital expenditure capex rp triliun porsi besar kembang kawasan subang smartpolitan rp triliun alokasi butuh akuisisi lahan kembang lahan ssia sedia rp miliar proses rebranding paradisus mel bal semester realisasi dana butuh capai rp miliar ssia sesuai target dapat dapat proyeksi capai rp triliun turun target rp triliun sesuai target kait tunda jual geser kontrak nrca target dapat ubah ssia tahan target laba bersih rp miliar capai target cermin tumbuh laba bersih banding jasa marga jsmr jsmr anggar capex rp triliun semester realisasi belanja modal persero capai rp triliun anggar arah cepat bangun operasi proyek jalan tol proyek liput jakarta cikampek ii selatan seksi setu sadang akses patimban jogja bawen jogja solo probolinggo banyuwangi tol jogja bawen seksi ambarawa bawen kilometer target operasi november seksi yogyakarta ss banyurejo target rampung konstruksi september jsmr target tol akses patimban kilometer operasi ruas probolinggo banyuwangi total kilometer seksi paiton besuk pasuk tahap uji laik fungsi operasi ulfo ruas target operasi jsmr target tambah kilometer jalan tol operasi bank kasikorn indonesia bmas bmas rencana laksana tambah modal pmhmetd iv rights issue persero tetap rasio saham maksimal miliar saham tara modal tempat setor penuh laksana pmhmetd iv harga laksana tetap rp saham skema bmas potensi oleh dana rp triliun dana hasil aksi korporasi modal kerja dukung tingkat salur kredit kasikorn vision financial company pte ltd kvf pegang saham utama bmas milik laksana hmetd hak hmetd alih kasikornbank kbank kvf tindak beli siaga milik kvf bmas potensi tingkat pegang saham ambil hak pmhmetd iv potensi alami lus maksimal periode dagang laksana hmetd jadwal november desember cum right pasar reguler negosiasi tetap november rekomendasi saham arci buy tp sl tlkm buy tp sl hrum buy tp sl jarr buy tp sl akra buy tp sl disclaimer analisis rekomendasi saham artikel sifat informatif aja beli jual saham ang ang
FINANCE,ekonomi batam tumbuh topang tumbuh ekonomi batam kuartal ii catat yoy angka banding tumbuh ekonomi provinsi pulau riau kepri tumbuh ekonomi nasional aktivitas ekonomi batam topang sektor industri investasi dagang jasa kepala bp batam amsakar achmad capai tumbuh percaya dunia usaha batam kuat tumbuh hasil kerja tugas jaga momentum layan cepat infrastruktur iklim investasi kompetitif amsakar terang tulis kamis turut lanjut tumbuh ekonomi batam dukung tingkat kualitas layan bangun infrastruktur cipta iklim investasi kompetitif wakil kepala bp batam li claudia chandra tumbuh ekonomi ukur angka manfaat rasa masyarakat tumbuh tumbuh cipta kerja luas peluang usaha tingkat kualitas hidup masyarakat li claudia kuat layan dasar sedia air bersih transportasi bangun infrastruktur kota prioritas kembang batam deputi bidang investasi bp batam fary djemy francis investasi masuk batam dampak ekonomi nyata dorong produksi cipta lapang kerja investasi henti komitmen investasi proyek proyek produksi produksi cipta lapang kerja fary hasil investasi nilai investasi masuk cepat realisasi nilai hasil lapang kerja cipta acd acd
FINANCE,harga minyak tembus us barel harga minyak mentah dunia lonjak tembus level us barel harga tutup tinggi mei lansir cnbc kamis lonjak harga minyak dorong tingkat tempur amerika serikat lawan iran teluk sia laku pasar khawatir turun ekspor energi selat hormuz dagang rabu kontrak jangka brent kerap patok global us barel harga minyak mentah west texas intermediate wti tutup us barel pasu militer catat hasil hancur kapal tanker minyak mentah iran selasa balas upaya serang iran kapal perang milik amerika serang hasil hindar salah kepala riset komoditas global goldman sachs daan struyven sebut eskalasi konflik iran pasuk tujuh tingkat risiko harga minyak dunia lonjak us barel utama dorong tingkat upaya serang kapal struyven skenario dasar goldman ekspor teluk sia pulih tahap iring adaptasi produsen ganggu cari rute kirim alternatif kapasitas pipa tambah tingkat tegang tingkat skenario ekspor gagal pulih serang kapal tanker struyven acd acd
FINANCE,tumpang padat kci jalan krl bogor pt kereta commuter indonesia kci kai commuter evaluasi pola operasi jalan sesuai jalan commuter line bogor senin september awat sarana krl vp corporate secretary kai commuter karina amanda hasil evaluasi kamis tambah jalan commuter line bogor alias red line tambah hasil evaluasi padat guna imbas sesuai jalan commuter line bogor langkah ambil atur pola edar sarana commuter line lintas layan optimal jadwal jalan karina terang resmi kamis karina kai commuter rekayasa pola edar rangkai sarana commuter line lintas tanjung priok operasi lintas bogor operasi rangkai jalan commuter line bogor tambah jalan jalan tambah dukung butuh sedia kapasitas angkut layan commuter line bogor kamis jalan commuter line bogor jalan total jalan commuter line jabodetabek jalan jalan tanggal september karina operasi rangkai lintas tanjung priok jalan lintas bogor operasional jalan commuter line priok layan rangkai commuter line basoetta alias kereta bandara layan tarif jadwal ubah laku layan rangkai krl operasi commuter line lintas tanjung priok rangkai commuter line basoetta harus sesuai jadwal layan jalan commuter line basoetta kamis september jadwal layan jalan commuter line basoetta jalan jalan karina imbau guna commuter line basoetta sesuai jadwal jalan update jadwal jalan mesan tiket commuter line bosetta akses aplikasi access access kai guna commuter line basoetta milik tiket jalan dampak sesuai jadwal guna jadwal jadwal berangkat refund tiket loket stasiun stasiun commuter line basoetta terang karina turut langkah ambil kai commuter evaluasi sesuai operasional jalan commuter line imbas awat sarana krl optimal jadwal jalan commuter line hari kai commuter mohon maaf ketidaknyamanan timbul sesuai layan jalan commuter line lintas layan dampak karina acd acd
FINANCE,tahun purbaya gaya koboi awal kocek negara genap tahun purbaya yudhi sadewa nakhoda menteri uang eks ketua dewan komisioner lps ekonomi indonesia tekan bayang pesimisme gaya komunikasi koboi ceplas ceplos penuh kejut purbaya keluar bijak gelontor rp triliun dana perintah himbara melotot belanja menteri lembaga tahun tumbuh ekonomi purbaya jabat tumbuh kuartal purbaya kuartal telah capai poin persentase desain sesuai presiden tumbuh cepat kisar purbaya detikcom wawancara khusus selasa kemarin tantang selesai target tumbuh ekonomi perintah optimistis purbaya bawa ekonomi indonesia capai angka simak wawancara khusus detikcom menteri uang purbaya yudhi sadewa program detiksore kamis jam wib eds eds
FINANCE,tka mudah kerja indonesia atur perintah mangkas proses izin tenaga kerja asing tka serta tanam modal indonesia lantar sektor industri tanah air butuh tka bijak tanda penandatanganan surat putus skb menteri ketenagakerjaan yassierli menteri imigrasi masyarakat agus andrianto menteri investasi hilir kepala bkpm ros roeslani kantor menteri investasi hilir bkpm jakarta rabu skb integrasi sistem online single submission oss sistem informasi aplikasi layan ketenagakerjaan siapkerja aplikasi indonesia skb bentuk tim teknis integrasi skb menteri sistem online single submission oss menteri investasi hilir bkpm integrasi siapkerja milik menteri ketenagakerjaan aplikasi indonesia menteri imigrasi masyarakat ros proses izin tka target selesai lewat batas izin terbit otomatis sesuai mekanisme tetap bijak laku september rencana jalan implementasi rencana informasi insyaallah jalan hasil sepakat tiga ros ros bijak mangkas tingkat investasi industri indonesia bijak harap dampak positif foreign direct investment fdi tanam modal asing sektor industri butuh tenaga kerja asing perlu harap transfer knowledge transfer technology sumber daya manusia terang ros ceo danantara menteri ketenagakerjaan menaker yassierli skb layan menaker monitoring jalan proses izin kerja kta insyaallah implementasi layan hasil efektif efisien terang yassierli hrp hns
FINANCE,rokok ilegal jakarta tindak bea cukai tanda masalah serius tindak bidang cukai jakarta rokok ilegal alami tingkat kanwil direktorat jenderal bea cukai djbc jakarta tindak juta batang rokok ilegal kepala kantor wilayah bea cukai jakarta hendri darnadi total rugi langgar tembus rp miliar turut edar rokok ilegal rugi negara cipta saing usaha sehat kali giat tindak bidang cukai hasil juta juta batang rokok ilegal hendri konferensi pers kantor kanwil djbc jakarta rabu hendri sebut isu atensi terima negara cukai golong edar rokok ilegal terima negara fiskal gerogot atensi perhati serius rokok salah bidang cukai sumber terima negara besar peredaraan rokok ilegal gerogot terima negara fiskal hendri hendri sebut tingkat banding capai periode kanwil djbc jakarta catat tindak capai juta batang rokok ilegal tingkat banding capai periode agustus juta batang tanda masalah serius giat dagang rokok ilegal masif informasi total rugi hitung hasil tindak minum kandung etil alkohol mmea liter bea cukai jakarta tindak liter etil alkohol tindak bidang cukai tingkat banding capai nilai barang bidang cukai rokok ilegal mmea etil alkohol tembus rp miliar acd acd
FINANCE,bri bsi tugas siap rekening warga ri gimana presiden prabowo subianto masyarakat indonesia milik rekening bank menteri koordinator bidang ekonomi airlangga hartarto sebut bank rakyat indonesia bri bank syariah indonesia bsi rekening masyarakat milik rekening terima rekening bri bsi airlangga sebut konsolidasi airlangga buat rekening tuju salur program perintah konsolidasi rekening program perintah konsolidasi bri bsi multiple account lihat airlangga kompleks istana presiden rabu konfirmasi ulang airlangga benar masyarakat milik rekening bank terima rekening bri bsi tetep dapet airlangga singkat rencana perintah rekening perban masyarakat ungkap kali airlangga rapat batas prabowo perintah bahas milik rekening masyarakat indonesia tingkat inklusi literasi uang nasional presiden duduk indonesia rekening koran bri bank syariah indonesia rekening masyarakat airlangga kompleks istana presiden jakarta senin airlangga perintah data duduk direktorat jenderal duduk catat sipil dukcapil data padan sistem bank indonesia bi data pakai data dukcapil data dukcapil padan sistem bank indonesia payment sistem gateway sistem qris airlangga acd acd
FINANCE,mrt rencana sulap kawasan kota tua pt mrt jakarta roda rencana kembang kota tua konsep blok tahan identitas heritage kawasan kembang jalan rencana panjang jalur mrt kota tua kepala divisi business planning expansion mrt jakarta samuel ryan pradipta pranowo kembang kawasan bas transit oriented development tod bangun ruang fisik bareng ruang aktivitas konsep placemaking hidup kawasan bisnis dukung giat masyarakat kota konsep terap blok kota tua placemaking proses cipta hidup ruang ruang fungsi karakter aktivitas makna orang guna area kota tua revitalisasi mudah mudah hidup tahan identitas heritage nya heritage chinatown nya little amsterdam nya hilang area nya hidup kombinasi retail komunitas samuel acara workshop mrt fellowship wisma nusantara jakarta rabu konsep placemaking kembang kawasan acu karakter demografi kawasan soul jiwa identitas uni samuel salah kunci kembang kawasan konsep activity generation partnership dorong aktivtas libat komunitas kawasan konsep akomodasi masyarakat kumpul aktivitas hal blok milik agam aktivitas komunitas dalam blok kembang kumpul beraktivtas pusat kuliner lifestyle blok identitas kawasan bangun urban youth hub anak muda bawa unsur nostalgia generasi kota tua samuel elemen glodok pecinan heritage tahan area kawasan kombinasi unsur modern futuristik kawasan glodok dulunya kenal pusat elektronik heritage modern sisi lawan kombinasi kawasan komunitas kota tua heritage movie seni komunitas target rangkul komunitas suka ngelukis art performer placemaking tentu tema komunitas rangkul komunitas sesuai tema rangkul samuel kembang placemaking jalan iring bangun mrt kota tua samuel merincikan revitalisasi kawasan bangun fokus selesai stasiun thamrin monas target operasi desember revitalisasi kawasan kota tua jalur mrt jakarta sambung kawasan rencana besar jalur mrt north south target tembus kota tua revitalisasi kawasan kota iring jalan target kota buka extended concourse desember palcemaking dekat thamrin monas stasiun thamrin monas target operasi desember shc hns
FINANCE,ruu ketenagakerjaan nilai harap buruh besok demo koalisi juang buruh indonesia kbpbi gelar aksi serentak kota kabupaten kamis aksi libat ribu buruh gelar aksi massa buruh audiensi dprd perintah kabupaten kota perintah provinsi aspirasi substansi ruu ketua konfederasi aliansi serikat buruh indonesia kasbi sunarno aksi bentuk awal bahas ruu ketenagakerjaan nilai harap kerja buruh nilai krusial akomodasi september aksi awal daerah indonesia daerah kota kabupaten aksi turun jalan estimasi besok aksi mula kira buruh sunarno terang tulis rabu ketua gera serikat buruh indonesia gsbi rudi hb daman ruu inisiatif dpr utama buruh rudi tentu ruu nilai tahan semangat omnibus law tolak kalang buruh ruu inisiatif dpr harap buruh undang undang salah satu milik semangat omnibus law rudi contoh tentu magang nilai potensi skema politik upah murah praktik outsourcing kbpbi rudi skema magang hapus atur magang untuk siswa mahasiswa konteks didik durasi maksimal magang sorot janji kerja pkwt rudi sebut ruu atur pkwt koalisi tuntut hapus kompromi perintah dpr atur rudi kritik banyak tentu ruu delegasi perintah atur perintah atur presiden atur menteri catat sampai pasal delegasi atur perintah pasal atur menteri pasal atur presiden undang undang delegasi atur perintah esensi demokratisasi hilang upah perhati buruh rudi nilai formula upah minimum variabel alfa potensi picu polemik kalang kerja kbpbi desak perintah dpr alfa tetap upah minimum indeks nilai jamin tingkat sejahtera kerja rudi aksi september bentuk tampung aspirasi basis buruh daerah ingat dpr perintah buka ruang baik ruu turut basis buruh daerah desak aksi langsung gelar jakarta pimpin serikat buruh pilih tempuh komunikasi ruang dpr perintah respons tuntut kawan kawan daerah desak gerak jakarta presiden konfederasi serikat kerja indonesia kspsi andi gani nena wea video conferencenya buruh ikut aksi september daerah taat atur hukum jaga tertib aspirasi andi gani aksi damai tertib massa buruh tindak anarkis rusa bentuk buruh aksi besok taat atur hukum aspirasi tertib tindak rusa andi gani andi gani buruh rencana gelar aksi pusat massa jakarta rencana ubah presidium kbpbi oleh informasi potensi susup aksi september timbang presidium kbpbi putus aksi gelar wilayah bijak ambil aksi jalan tertib jaga selamat serta aksi andi gani tekan ubah lokasi aksi kurang semangat buruh aspirasi juang penting kerja harap elemen buruh jaga situasi kondusif ruang manfaat aksi penting agenda juang buruh hns hns
FINANCE,menaker formula upah minimum tunggu aja kalang buruh hitung besar naik upah minimum kelompok buruh usul naik upah minimum lantas perintah hitung formula upah minimum menteri ketenagakerjaan yassierli perintah bahas formula upah minimum bahas usul tampung tunggu aja usul yassierli formula upah minimum rabu bahas formula upah minimum kait revisi undang undang ketenagakerjaan yassierli perintah upaya masuk kerangka pakai uu ketenagakerjaan usaha usul indeks alfa presiden konfederasi serikat kerja indonesia kspi said iqbal usul naik upah minimum timbang inflasi tumbuh ekonomi indeks alfa usul indeks alfa buruh usul naik upah minimum inflasi tumbuh ekonomi indeks indeks usul buruh tidak tidak kspi ksp pb said kompleks dpr ri senayan jakarta senin inflasi kisar tumbuh ekonomi hitung said naik upah minimum kisar ambil tumbuh ekonomi tambah inflasi sekian persen udah ketemu tuh kali aja alfa naik upah minimum kisar informasi hitung naik upah minimum formula inflasi tumbuh ekonomi alfa perintah tetap rentang alfa alfa indeks gambar kontribusi tenaga kerja tumbuh ekonomi besar alfa salah komponen tentu persentase naik upah minimum said usul kira besar usul tunggu data resmi badan pusat statistik bps inflasi tumbuh ekonomi dasar hitung upah minimum tunggu lapor resmi bps inflasi tumbuh ekonomi hitung kalender takwim september oktober tunggu bps tau september oktober inflasi tumbuh ekonomi usul bagi kategori presiden konfederasi serikat kerja nusantara kspn ristadi sorot senjang upah minimum antardaerah nilai lebar ristadi contoh upah minimum cirebon rp juta kota bekas capai rp juta selisih cirebon rp juta kota bekas rp juta ekstrem prinsip kspn reformasi atur upah minimum uu ketenagakerjaan proses bahas dpr ristadi hubung detikcom skema kerja sektor industri jenis milik upah minimum indonesia sistem nilai adil kerja cipta saing sehat usaha sistem upah formula laku kspn usul persentase naik disamaratakan indonesia kspn usul naik upah minimum bagi kategori rinciannya upah minimum rp juta bulat upah minimum rp juta rp juta bulat upah minimum rp juta
FINANCE,salah promosi whatsapp bikin calon customer kabur whatsapp salah channel efektif komunikasi calon customer broadcast whatsapp orang ganggu pilih abai pesan bisnis salah salah laku usaha kirim pesan promosi pola ulang kali judul huruf kapital harga coret aja order konteks customer pesan relevan broadcast whatsapp isi promosi susun pesan pilih informasi tentu kirim pengaruh respons calon customer broadcast promosi spam pesan masuk isi tawar diskon aja beli customer terima spam informasi manfaat pesan jual risiko terima hilang tari buka pesan jangka pengaruh hubung bisnis customer komunikasi whatsapp efektif ajar broadcast whatsapp efektif bingung broadcast spam kelas whatsapp marketing maksimalin cuan pakai whatsapp doang batch salah pilih ajar strategi kelas online jumat september bahas susun broadcast informatif hilang tuju jual serta ajar copywriting studi butuh laku bisnis hari cocok laku usaha maksimal whatsapp kelas milik usaha whatsapp salah channel jual bangun sistem komunikasi digital broadcast whatsapp hasil maksimal produk pesan yuk daftar diri detikevent hns hns
FINANCE,buku usaha jasa manual ajar accurate latih pakai excel catat tulis tangan buku usaha jasa risiko buang rawan salah hitung ujung putus bisnis keliru accurate service company latih akuntansi jasa bas accurate batch hadir laku usaha jasa level catat manual sistem digital rapi real time migrasi manual sistem digital catat manual gampang human error susah telusur selisih bikin lapor uang telat kali butuh dadak aju pinjam evaluasi bulan software akuntansi accurate bantu proses cepat minim drama ajar latih gelar rabu september jumat september wib online latih ajak serta praktik langsung kelola transaksi usaha jasa accurate catat jual jasa kas bank transaksi sesuai alur lengkap lapor uang pakai cocok latih pas laku usaha jasa andal manual staf administrasi uang upgrade skill mahasiswa akuntansi paham sistem kerja software akuntansi sungguh teori kelas tunggu lapor beranta aman slot latih accurate service company batch detikevent hns hns
FINANCE,prabowo pakar ri negara empat ekonomi besar dunia presiden prabowo subianto sebut pakar institusi dunia ramal indonesia negara ekonomi besar empat dunia prabowo acara raya hut partai demokrat saksi virtual rabu pakar institusi dunia indonesia negara empat negara empat ekonomi besar dunia one great powers prabowo sisi prabowo omong pakar masyarakat indonesia terkadang sadar besar potensi milik indonesia kadang kadang orang indonesia sadar betapa betapa potensi kuat prabowo prabowo indonesia negara ekonomi besar empat dunia pimpin generasi muda tugas perintah pondasi kuat generasi anak anak muda indonesia muda muda sby generasi anak tangga generasi muda ambil alih tanggung terus bangkit bangsa indonesia terang prabowo hns hns
FINANCE,buka rekening masyarakat jawab perintah program buka rekening masyarakat bijak perintah presiden prabowo subianto jajar rapat batas tumbuh ekonomi senin menteri koordinator ekonomi airlangga hartarto buka rekening bahas bank indonesia bi otoritas jasa uang ojk siap roll nya bahas bi ojk airlangga kompleks istana presiden jakarta pusat rabu rapat teknis bentuk regulasi masuk program dewan nasional uang inklusif siap rapat teknis siap regulasi masuk dewan nasional uang inklusif buat timeline nya terang airlangga airlangga siap buka rekening masyarakat insyaallah airlangga hns
FINANCE,kopdes merah putih gandeng pnm pt pos koperasi desa lurah merah putih gandeng bumn kuat layan bumn pt modal nasional madani pnm pt pos indonesia chief operation officer danantara kepala badan atur bumn dony oskaria pnm buka kantor kopdes pnm salur biaya masyarakat desa bunga rendah langkah putus mata rantai rentenir putus mata rantai rentenir desa pnm buka kantor koperasi desa rangka salur kredit hindar saudara saudara kena rentenir bunga collecting agent distribution agent nya dony temu kantor menteri uang jakarta rabu kopdes agen layan logistik harap mudah masyarakat kirim barang kopdes kerja pt pos indonesia teman teman saudara saudara era era online bisnis desa order pick nya pt pos indonesia koperasi desa channel logistik agen logistik pt pos indonesia dony kopdes merah putih masyarakat tarik uang setor tunai kopdes agen brilink orang akses perban masyarakat kopdes kopdes brilink agen brilink masyarakat desa tari setor uang situ terang dony hns hns
FINANCE,otorita ikn rp triliun purbaya menteri uang purbaya yudhi sadewa aku terima usul anggar tambah otorita kota nusantara oikn tambah anggar aju rp triliun pagu indikatif oikn purbaya lampu hijau tambah anggar bangun ikn aku ajar usul anggar lihat surat alas purbaya wartawan kantor kemenkeu jakarta rabu informasi tambah anggar usul sekretaris oikn bimo adi nursanthyasto rapat komisi ii selasa kemarin tambah anggar alokasi bangun fisik sarana prasarana dukung bangun ikn batch ii iii rapat bimo pagu indikatif oikn catat rp triliun total butuh anggar bangun ikn capai rp triliun total butuh anggar otorita ikn anggar rp triliun alokasi pagu indikatif rp triliun butuh tambah anggar rp triliun bangun ikn batch rp triliun bangun ikn batch tiga rp triliun bimo kutip youtube tv parlemen ahi hns
FINANCE,bulog jatah minyakita mendag tegas umkm bagi menteri dagang mendag budi santoso alias bus rencana ubah bijak persentase salur minyakita hasil domestic market obligation dmo bumn sektor pangan atur bumn pangan bulog id food wajib salur pasok dmo minyakita masyarakat praktik bumn pangan total salur produk minyakita turut bumn umkm libat distributor dmo minyakita dasar turut tingkat persentase dmo minyakita salur bulog id food jaga usaha usaha realisasi capai umkm distributor distributor minyakita bareng bareng bus temu aeon mall bsd city tangerang rabu sesuai naik atur salur dmo minyakita bumn pangan budi perintah kembang situasi lapang dinamis jaga imbang salur minyakita bumn pangan laku usaha jalan dinamika umkm bareng bulog id food kasih sempat umkm pungkas perum bulog tunggu putus menteri dagang usul porsi salur minyakita bumn pangan tingkat realisasi domestic market obligation dmo direktur utama perum bulog ahmad rizal ramdhani usul tingkat porsi tulis menteri dagang mendag aju tulis mendag naik dmo bumn rizal tinjau operasi pasar pasar jatinegara jakarta timur sabtu kutip rizal bulog aju tingkat porsi salur sesuai arah menteri tani andi amran sulaiman rizal tingkat porsi salur bumn pangan usul kuat sedia minyakita pasar igo fdl
FINANCE,video tanyadetikfinance purbaya umr hidup gen scroll tombol klik panah sisi kanan jajah feed video umr hidup gen harga butuh hasil bagi butuh lantas hasil ideal gen hidup layak ruang tabung simak jawab purbaya tanyadetikfinance
FINANCE,bni biaya kopdes merah putih nilai minim risiko kredit macet head investor relation pt bank negara indonesia persero tbk bni yohan setio nilai salur kredit program prioritas perintah milik risiko rendah pasal bayar kredit program perintah tanggung anggar dapat belanja negara apbn emiten kode saham bbni salur kredit salah program prioritas perintah koperasi desa lurah merah putih kdmp persero suku bunga kredit murah program kdmp lihat perintah garap proyek bangun koperasi desa merah putih agrinas bank himbara partisipasi kredit suku bunga rendah banding suku bunga komersial suku bunga komersial bni angka proyek koperasi desa merah putih murah yohan acara public expose virtual rabu suku bunga kredit khusus lantar sumber bayar proyek kdmp tanggung apbn langsung profil risiko program rendah proyek sumber bayar apbn langsung profil risiko teori rendah alas pricingnya rendah sisi profitabilitas yohan kredit program perintah milik margin oleh himpun bank milik negara himbara tekan bni cari profit salur kredit program perintah profitabilitas profit petik bank himbara jalan proyek perintah cari profit tuju utama balance profit wajar bangun negara ahi hns
FINANCE,kopdes klaim bikin negara hemat rp putus mata rantai rentenir perintah jadi koperasi desa lurah merah putih kopdes merah putih salur distribusi barang subsidi masyarat barang subsidi perintah sasar coo danantara kepala bp bumn dony oskaria salur barang subsidi langsung kopdes merah putih masyarakat tekan bocor subsidi sistem data terima subsidi integrasi dony menteri uang menteri koperasi engah sistem daring tekan bocor subsidi hitung tekan rp triliun target single data nya bocor subsidi kurang diskus tim tim tim purbaya tim menteri koperasi bangun online system basis hak terima subsidi temu kantor menteri uang jakarta rabu teman teman bayang hemat subsidi sasar rp triliun tahun mesti dampak sambung dony sebut hadir koperasi instrumen perintah kendali harga barang butuh pokok daerah jaring kopdes sebar desa nilai perintah intervensi distribusi naik harga channel tekan inflasi inflasi orang main mainin harga distribution desa harga beras contoh tinggal distribusi khusus kopdes harga sekian inflasi tekan bahan pokok mesti lihat manfaat lokasi coverage nya desa terang kopdes merah putih masyarakat tarik uang setor tunai kopdes agen brilink putus mata rantai rentenir desa pnm buka kantor koperasi desa rangka salur kredit hindar saudara saudara kena rentenir bunga collecting agent distribution agent nya dony kopdes agen layan logistik harap mudah masyarakat kirim barang kopdes pt pos indonesia teman teman saudara saudara era era online bisnis desa order pick nya pt pos indonesia koperasi desa channel logistik agen logistik pt pos indonesia dony fdl fdl
FINANCE,buru main nostalgia kampoeng main blok jakarta kampoeng main blok square tuju buru koleksi main action figure kartu pokmon anak anak kolektor dewasa beli pilih koleksi main jual kampoeng main blok square jakarta rabu agam jenis main sedia action figure lego hot wheels kartu pok mon koleksi tawar sasar anak anak orang dewasa milik tari dunia main giat koleksi harga main tawar agam puluh ribu rupiah juta rupiah kondisi koleksi variasi barang pre loved bekas beli sesuai pilih butuh anggar kampoeng main buka wib unjung lihat koleksi cari main buru barang tambah koleksi pribadi koleksi milik nilai sendiri langka karakter suka kenang lekat main populer kampoeng main nama eks hadir salah temu gemar main usia ruang aktivitas jual beli koleksi kawasan main anak anak ruang orang dewasa nikmat hobi gemar agam pilih rentang harga sedia kampoeng main salah gemar main temu koleksi rawat nostalgia
FINANCE,bri tugas buka rekening warga ri khusus aceh bsi ceo badan kelola investasi bpi danantara ros roeslani tugas bank rakyat indonesia bri bank syariah indonesia bsi sedia rekening masyarakat ros buka rekening nasional bri khusus wilayah aceh buka rekening bsi buka rekening indonesia bri aceh khusus bsi laksana cepat ros temu kompleks istana presiden jakarta pusat rabu ros sebut manajemen bri bsi koordinasi tugas ros sebut mekanisme serah rekening bahas perintah mekanisme rancang ros berita perintah rekening warga usia rekening isi saldo rp ribu menteri koordinator bidang ekonomi airlangga hartarto saldo cair milik saldo asal anggar dapat belanja negara apbn anggar rp triliun tarik airlangga singkat temu kompleks istana presiden jakarta pusat rabu acd acd
FINANCE,duit apbn pakai biaya buka rekening bank purbaya buka suara menteri uang menkeu purbaya yudhi sadewa buka suara anggar dapat belanja negara apbn pakai dana buka rekening bank buka rekening masyarakat perintah presiden prabowo subianto prabowo tugas pt bank rakyat indonesia persero tbk bri pt bank syariah indonesia persero tbk bsi sedia rekening masyarakat purbaya buka guna apbn saldo buka rekening rp ribu kali sekian lihat purbaya wartawan kantor menteri uang jakarta rabu purbaya anggar alokasi cadang belanja perintah turut besar anggar penuh butuh saldo buka rekening cadang belanja perintah lihat masuk berita menteri koordinator ekonomi airlangga hartarto saldo buka rekening sumber apbn hitung butuh anggar rp triliun jalan program sedia rekening masyarakat dana apbn total juta duduk juta rp airlangga kompleks istana presiden jakarta pusat rabu ahi hns
FINANCE,nasib karyawan telkom gedung tempat bgn badan gizi nasional bgn pindah kantor gedung merah putih gmp telkom kawasan gatot subroto jakarta kantor bgn kawasan kebon sirih jakarta lantas nasib karyawan telkom gmp tempat bgn coo danantara kepala bp bumn dony oskaria karyawan gedung siap kerja ganti dony rencana bgn tempat gmp gedung ganti kadang kadang suka tempat orang dipindahin kerja jalan gedung hitung dony temu kantor tri uang jakarta rabu kabar media sosial barang barang gedung tanda bgn dony masyarakat gampang percaya kabar pasal dony bgn tempat gedung milik telkom barang barang tag gimana bgn nya aja masuk hati hati tag sewa sewa telkom usaha buka teman teman makan usaha buka proses ikut tentu laku usaha buka fair value nya larang ojk kena bentur penting harga pasar pakai sewa usaha buka kepala bgn sudaryono sesi rdp komisi ix dpr ri kamis benar rencana pindah kantor bgn gedung merah putih koordinasi danantara rencana koordinasi danantara badan gizi nasional duduk gedung graha merah putih kantor telkom sudaryono sudaryono aral lintang pindah kantor bgn gedung merah putih insyaallah pindah kantor graha merah putih terang sudaryono sempat pegawai tempat gedung merah putih bgn pindah gedung telkom belah orang tempat gedung graha merah putih tempat gedung telkom belah gedung fdl fdl
FINANCE,warga ri rekening saldo rp ribu cair perintah rekening warga usia bank rakyat indonesia bri bank syariah indonesia bsi rekening isi saldo rp ribu menteri koordinator bidang ekonomi airlangga hartarto saldo cair milik informasi beri rekening masyarakat salah upaya perintah tingkat inklusi uang tarik airlangga singkat temu kompleks istana presiden jakarta pusat rabu saldo asal anggar dapat belanja negara apbn total anggar siap juta duduk capai rp triliun perintah larang saldo rekening disalahgunakan judi online judol airlangga menyalahgunakan langsung tangkap wajib judol langsung tangkap airlangga rekening terima masyarakat otomatis pergi bank perintah manfaat data duduk catat sipil dukcapil otomatis kerja dukcapil data data kayak terang airlangga teknis buat rekening perintah airlangga bri bsi milik program dukung bijak terap per teknis bi bank bsi bri program laku periode program direct menteri uang rekening orang tutup airlangga acd acd
FINANCE,milik ktp usia otomatis buat rekening bri bsi chief executive officer ceo bpi danantara ros roeslani respons rencana perintah rekening bank warga negara indonesia usia milik kartu tanda duduk ktp ros perintah bank pelat merah sedia rekening pt bank rakyat indonesia persero tbk bri pt bank syariah indonesia tbk bsi iya bri bsi ros temu istana presiden jakarta pusat rabu perintah danantara manajemen perban koordinasi kaji program jalan pelosok tanah air manajemen koordinasi rencana akselerasi buka rekening indonesia bri aceh khusus bsi laksana cepat tetap saldo buka rekening rp sumber dana ros tahap susun merinci program teknis daftar lapang mekanisme rancang singkat fdl fdl
FINANCE,warga usia otomatis rekening pergi bank menteri koordinator bidang perkeonomian airlangga hartarto mekanisme buat rekening bank rakyat indonesia bri danbank syariah indonesia bsi buat rekening perintah langsung presiden prabowo subianto airlangga masyarakat usia terima rekening otomatis pergi bank perintah manfaat data duduk catat sipil dukcapil otomatis kerja dukcapil data data kayak airlangga temu kompleks istana presiden jakarta pusat rabu teknis buat rekening perintah airlangga bri bsi milik program dukung bijak terap per teknis bi bank bsi bri program laku periode program direct menteri uang rekening orang program airlangga merinci sebut rapat teknis regulasi lengkap siap rapat teknis siap regulasi masuk dewan nasional uang inklusif buat timeline nya tutup airlangga acd acd
FINANCE,cicil kopdes merah putih pakai duit negara purbaya jamin gagal bayar menteri uang menkeu purbaya yudhi sadewa jamin perintah gagal bayar cicil kredit bangun koperasi desa lurah merah putih kdmp himpun bank milik negara himbara bank bumn pasti gelar temu kepala badan atur bp badan usaha milik negara bumn dony oskaria menteri koperasi menkop ferry juliantono purbaya bayar menteri uang kemenkeu terima minta bayar menteri koperasi kemenkop gagal bayar perban ada menteri koperasi kirim surat minta bayar syarat syarat janji beliau purbaya wartawan kantor kemenkeu jakarta rabu perintah bentuk satu tugas satgas operasional kdmp jalan kdmp arah salur bantu sosial bansos perintah tiga sepakat bentuk satgas manfaat koperasi merah putih maksimal salur barang barang subsidi purbaya cicil kredit langsung transfer rekening himbara sesuai minta kemenkop dana jatuh tempo bayar uang anggar abt dana bank sedia terang purbaya sempat ferry satgas isi menkeu kepala bp bumn satgas kuat awas salur barang subsidi perintah infrastruktur kdmp kemenkop verifikasi validasi ulang kdmp aju bayar kemenkeu bayar cicil kdmp surat aju menteri uang dony tim menteri uang utilitas guna pasti barang barang subsidi infrastruktur perintah nama koperasi desa lurah merah putih sepakat tim pungkas ahi hns
FINANCE,adhi karya buka suara tutup anak usaha pt adhi karya persero tbk adhi buka suara badan kelola investasi bpi daya anagata nusantara danantara badan atur bp badan usaha milik negara bumn tutup anak cucu usaha danantara bp bumn pegang saham seri seri persero direktur portofolio bisnis manajemen risiko adhi karya rozi sparta streamlining mangkas entitas usaha persero skema divestasi usaha afiliasi proses target hasil sesuai arah aspirasi pegang saham seri seri adhi karya back core usaha relevan core streamlining streamlining nya salah satu adhi karya dorong usaha afiliasi divestasi rozi acara public expose virtual rabu baca adhi karya pangkas anak usaha rozi adhi karya milik entitas usaha tujuh anak usaha cucu usaha usaha afiliasi bas entitas usaha asal sektor properti bangun gedung kelola jalan tol sempat direktur utama adhi karya moeharmein zein chaniago persero fokus bisnis kontraktor dasar laku mangkas entitas usaha adhi karya jalan aspirasi pegang saham fokus bisnis inti core bisnis kontraktor construction tata anak usaha zein adhi karya divestasi anak usaha divestasi entitas usaha tahap proses target rampung divest usaha anak usaha cepat sisa laku program divestasi pungkas berita kepala bp bumn coo bpi danantara dony oskaria adhi karya buka anak usaha pasal bentuk anak usaha entitas usaha masalah lihat nih bikin anak usaha masalah stop anak anak usaha adhi fokus kontraktor dony unggah resmi instagram bumn id jumat acd acd
FINANCE,masyarakat buat rekening saldo rp ribu sumber apbn rp masyarakat milik rekening bank presiden prabowo subianto tugas bri bank syariah indonesia sedia rekening masyarakat rencana rekening saldo rp dana menteri koordinator ekonomi airlangga hartarto sumber apbn hitung butuh anggar rp triliun jalan program sedia rekening masyarakat dana apbn total juta duduk juta rp airlangga kompleks istana presiden jakarta pusat rabu anggar masuk apbn enggan anggar bahas anggar bahas langsung segitu itu sedia rekening tahap airlangga masyarakat terima rekening airlangga bilang uang dana endap rp ambil sepenuh tarik tonton video tanyadetikfinance utang whoosh alih kemenkeu ndak bahaya ta hns
FINANCE,danantara bgn pindah gedung telkom sewa harga pasar coo danantara kepala bp bumn dony oskaria buka suara gedung merah putih gmp milik telkom kawasan gatot subroto jakarta tempat badan gizi nasional bgn dony optimalisasi aset milik telkom kaji internal usaha corporate action timbang kadang kadang sisi negatif optimalisasi aset kaji telkom dony temu kantor menteri uang jakarta rabu bgn merta pindah bayar biaya sewa dony sewa gedung transaksi bisnis normal nilai kantor jasa nilai publik kjpp harga transaksi dony nilai sewa gedung merah putih bgn harga pasar proses sewa usaha buka lewat bentur penting kjpp nya market price nya dengar harga harga pasar sewa dony lihat gedung kadang kadang tuh gedung sewa ojk sewa gedung sewa gedung normal aja sambung pt telkom indonesia persero tbk telkom sambut positif rencana manfaat gedung graha merah putih gmp badan gizi nasional bgn skema business business langkah sewa strategi leveraging asset usaha optimal aset properti buka peluang dapat konektivitas digital direktur utama telkom dian siswarini skema bisnis jalan proporsional depan tata kelola usaha good corporate governance telkom group rencana sewa gedung gmp bgn bentuk leveraging asset hadir peluang bisnis sedia layan konektivitas solusi digital unggul milik dian terang selasa unit kait sebar lokasi kerja jakarta tata cipta lingkung kerja integrasi sesuai stream unit harap kolaborasi mudah proses kerja efektif produktivitas karyawan tingkat dian proses transisi tempat ruang kerja bgn gmp tahap bahas negosiasi rampung telkom aman selamat nyaman operasional karyawan prioritas utama hasil survei diskusi telkom bgn rencana manfaat gmp ruang kerja fasilitas workstation standar manfaat proses tata unit unit telkom pindah alat kerja existing lokasi pakat dian tonton video maaf minum susu kental manis larang masuk menu mbg hrp fdl
FINANCE,prabowo janji bonus rp raih emas asi games presiden prabowo subianto bonus atlet asi games tetap rp miliar bonus emas sea games naik bonus prabowo bisik menteri pemuda olahraga erick thohir lupa lapor erick sea games medali emas rp miliar asi games medali rp miliar prabowo lepas kontingen indonesia istana presiden jakarta pusat rabu ketua urus satu angkat besi indonesia pb pabsi ros perkasa roeslani syukur bonus janji prabowo alhamdulillah bentuk apresiasi perintah ros acara turut prabowo pesan atlet kompetisi medali emas bangga hormat atlet bangga masyarakat indonesia apresiasi presiden langsung ros tonton video bicara kesiap atlet asi games mensesneg siap ara
FINANCE,kepala awas bursa mineral ri tentu harga nikel alas kepala eksekutif awas bursa mineral komoditas strategis bmks otoritas jasa uang ojk sarjito ungkap rencana kembang bmks sarjoto lantik mahkamah agung sarjito sorot posisi indonesia salah produsen nikel besar dunia milik pengaruh tentu harga turut harga nikel acu harga bentuk negara hasil contoh nikel besar dunia tentu harga harga tentu yuridiksi ironi sarjito lantik jakarta pusat rabu nilai ada bmks kuat posisi indonesia ada bursa harap indonesia tahap price taker ikut harga bentuk tentu harga price taker price influencer bursa reference end sanggup confident price maker kuat posisi indonesia bentuk harga ada bursa tingkat awas transaksi komoditas antisipasi transfer pricing invoicing data harga volume transaksi pantau mesti confident bangun bursa sempat isu transfer pricing invoicing harga volume kontrol sarjito sarjito ungkap komoditas kali dagang bursa perintah tunggu atur presiden pres tentu mineral komoditas strategis masuk dagang bursa terap tahap sarjito perintah langsung masuk komoditas sistem jalan optimal tunggu pres dagang work gradual dagang ojk kejar susun atur awas bursa mineral komoditas strategis sarjito sebut atur ojk pojk target undang september tar bmks target operasi januari keluar pojk tuju dpr undang tanggal september pojk susun pojk pojk tunggu atur presiden beginning mineral komunitas strategis dagang tutup sarjito tonton video jagung pamer uang rp hasil sita korupsi nikel pt cni acd acd
FINANCE,purbaya kejar potensi pajak dagang emas gelap menteri uang purbaya yudhi sadewa sistem lembaga national single window lnsw kejar potensi pajak dagang emas gelap purbaya lnsw deteksi potensi pajak dagang emas ilegal lnsw deteksi beli emas tambang emas izin peti kejar dapat masuk kocek negara tahu belah belakang sih beli catat beli barang peti peti ilegal kejar income nya masuk negara kejar purbaya kantor lnsw jakarta pusat rabu potensi dapat kejar purbaya bilang hitung bilang data potensi tari pajak dagang emas ilegal hitung purbaya nama nama dagang emas ilegal kantong langsung tarik pajak sih clear nama pt pt nya tuh kejar orang pajak periksa usaha beli belakang terus bayar pajak suruh bayar pajak kayak gitu nama ekstensifikasi erti efisien tingkat efisiensi kumpul pajak analisa big data papar purbaya tonton video banggar tagih profil utang perintah purbaya dpr ara
FINANCE,danantara beli saham bei bursa milik perintah badan kelola investasi bpi danantara minat salah pegang saham bursa efek indonesia bei skema demutualiasi minat danantara investment management dim ceo badan kelola investasi bpi danantara ros roeslani rencana matang besar porsi ambil danantara bahas libat detail bahas ambil porsi saham bei iya bahas bahas danantara ros singkat temu kantor menteri investasi hilir bpkm jakarta rabu direktur utama bursa efek indonesia bei jeffrey hendrik benar minat badan kelola investasi bpi daya anagata nusantara danantara beli saham bursa efek skema demutualisasi demutualisasi ubah status hukum usaha tutup usaha publik skema amanat undang undang uu kembang kuat sektor uang sk sah uu menteri uang kemenkeu bank indonesia bi bpi danantara pegang saham bei demutualisasi jeffrey sebut porsi aju lantar tunggu atur otoritas jasa uang pojk demutualisasi minat bpi danantara dim komunikasi bangun tunggu pojk jeffrey wartawan gedung bei jakarta rabu jeffrey bei kaji demutualisasi bursa efek aku skema demutualisasi contoh bursa hong kong singapura australia malaysia kaji bursa bursa demutualisasi hong kong singapura australia malaysia bursa bursa demutualisasi sempat pisah jeffrey ungkap investor potensial beli saham bei jaga independensi pasar modal kendati demutualisasi milik saham tahan independensi bursa efek jeffrey konferensi pers virtual rabu
FINANCE,bajaj eks gempur ojol jakarta marak transportasi online bajaj konvensional tahan layan tumpang stasiun cikini jakarta pusat kemudi ojek online bajaj aktivitas stasiun cikini jakarta pusat kemarin kawasan stasiun titik temu tumpang turun krl moda transportasi lanjut jalan moda transportasi roda identik jakarta layan jalan warga banyak pilih transportasi bas aplikasi padat aktivitas moda kawasan stasiun ruang temu kendara pejal kaki ojol salah pilih transportasi warga butuh kendara kawasan stasiun moda transportasi karakter beda aktivitas kawasan salah titik mobilitas warga mudah mesan aplikasi salah ubah masyarakat kendara lanjut jalan bajaj pilih warga jalan mobilitas jarak kawasan kota hadir transportasi bas aplikasi salah tantang moda konvensional bajaj tumpang beda transportasi online tentu jalan aplikasi tarif bajaj konvensional pakat langsung kemudi tumpang ubah pola mobilitas masyarakat kuat transportasi bas aplikasi bajaj tahan hidup transportasi jakarta
FINANCE,anak krakatau erupsi harga bahan pokok aman mendag erupsi gunung anak krakatau ganggu aktivitas terbang moda transportasi wilayah dampak harga bahan pokok menteri dagang mendag budi santoso alias bus kondisi data sistem pantau pasar butuh pokok sp kp harga bahan pokok relatif stabil pantuan sp kp komunikasi sp kp bus temu kantor jakarta pusat rabu bus sebar abu vulkanik pengaruh rantai pasok distribusi bahan pokok daerah dampak indikasi naik harga pantau sp kp sp kp kabupaten kota kena dampak distribusi masuk lihat harga stabil lepas imbas sebar abu vulkanik bus perintah perhati kembang harga barang pokok nasional turut perintah fokus harga alami lonjak harga jatuh rendah ancam potensi tekan produsen contoh harga telur ayam turun rp kilogram harga acu kisar rp kilogram perintah intervensi nilai komoditas tingkat harga nasional kayak telur rp rp dekat harga acu tonton video jurnalis hilang kontak anak krakatau cari luas igo fdl
FINANCE,perintah mudah izin tenaga kerja asing langsung terbit menteri investasi hilir kepala bkpm ros perkasa roeslani sektor industri indonesia butuh tenaga kerja asing tka perintah mangkas proses izin tka serta tanam modal indonesia tanda penandatanganan surat putus skb menteri ketenagakerjaan yassierli menteri imigrasi masyarakat agus andrianto menteri investasi hilir kepala bkpm ros roeslani kantor menteri investasi hilir bkpm jakarta rabu skb integrasi sistem online single submission oss sistem informasi aplikasi layan ketenagakerjaan siapkerja aplikasi indonesia skb bentuk tim teknis integrasi skb menteri sistem online single submission oss menteri investasi hilir bkpm integrasi siapkerja milik menteri ketenagakerjaan aplikasi indonesia menteri imigrasi masyarakat ros proses izin tka target selesai lewat batas izin terbit otomatis sesuai mekanisme tetap putus laku rencana jalan implementasi rencana informasi insyaallah jalan hasil sepakat tiga ros pangkas ros tingkat iklim investasi industri indonesia bijak harap dampak positif tanam modal asing foreign direct investment fdi sektor industri butuh tenaga kerja asing perlu harap transfer knowledge transfer technology sumber daya manusia terang menteri ketenagakerjaan yassierli skb layan komitmen monitoring jalan proses izin kerja kta insyaallah implementasi layan hasil efektif efisien tonton video kemendikdasmen langgar tka hrp fdl
FINANCE,presentasi online umkm ri buyer negara menteri dagang kemendag catat transaksi ekspor usaha mikro tengah umkm januari juli hasil capai us juta tara rp triliun kurs rp angka lampau capai transaksi us juta rp triliun periode januari desember menteri dagang mendag budi santoso alias bus capai transaksi catat hasil program damping umkm ekspor usung kemendag nilai ekspor produk umkm program transaksi capai us juta tahun januari juli capai us juta bus buka program damping umkm tajuk gapai pasar global ai kantor jakarta pusat rabu bus program umkm ekspor manfaat jaring milik kemendag negeri program laku usaha sambung langsung jajar direktorat jenderal kembang ekspor nasional pen kantor wakil indonesia negara presentasi produk daring wakil dagang itpc indonesia trade promotion center negara negara tinggal presentasi presentasi produk online wakil cari buyer cari calon beli importir produk umkm negara lancar proses negosiasi kemendag sedia damping bahasa laku usaha hadap beli asing buyer nya taiwan jepang pakai bahasa khawatir terjemah teman teman damping imbuh bus berkat fasilitas turut perintah hasil dongkrak transaksi ekspor produk umkm pesat rp triliun tujuh bus dorong laku umkm program rambah pasar negeri umkm ekspor ekspor khawatir ekspor aja ekspor pungkas tonton video driver ojol umkm pres kebut agustus fdl fdl
FINANCE,purbaya kebut sistem deteksi pajak ekspor impor pakai ai menteri uang purbaya yudhi sadewa sempurna sistem lembaga national single window lnsw salah satu fungsi deteksi pajak ekspor impor kembang lnsw cerdas buat artificial intelligence ai menganalisa potensi dapat baik sistem kembang aplikasi ai bantu analis potensi dapat oleh baik sistem integrasi pakai data lnsw purbaya kantor lnsw jakarta pusat rabu lnsw sistem kuat bantu analisa paja signifikan bentuk potensi pajak cukai deteksi potensi pajak potensi cukai miss deteksi purbaya purbaya programmer jago awak lnsw hasil kerja tentu masyarakat awak lnsw sungguh sungguh contoh tata kelola ekspor impor batu bara potensi bayar pajak lnsw deteksi batu bara usaha potensi bayar pajak gabung nya main main monitor teliti pakai data integrasi manfaat ai data purbaya tonton video menkeu bidik rp terima pajak ara
FINANCE,rencana cek tawar bri multiguna pre approved butuh dana tambah muncul rencana biaya didik anak renovasi rumah butuh sehat siap nikah butuh keluarga kondisi biaya multiguna salah pilih bantu penuh butuh dana nasabah pilih pt bank rakyat indonesia persero tbk bri milik fasilitas bri multiguna pre approved tawar proses aju mudah cepat banding aju biaya reguler bri multiguna pre approved bri multiguna pre approved fasilitas biaya bri khusus nasabah pilih kriteria tetap bri status pre approved proses aju biaya sederhana banding aju reguler nasabah tawar akses pinjam multiguna butuh sesuai tentu produk unggul bri multiguna pre approved fasilitas mudah nasabah tawar proses aju cepat sederhana banding aju biaya reguler unggul bri multiguna pre approved aju cepat proses mudah banding aju reguler khusus nasabah bri pilih penuh kriteria butuh produktif konsumtif sesuai tentu produk proses nasabah oleh tawar akses biaya praktis butuh dana rencana siap butuh sesuai nama pinjam multiguna butuh nasabah sesuai manfaat dana prioritas biaya dana didik biaya didik anak anggota keluarga dana manfaat renovasi rumah baik tambah rumah nyaman butuh sehat biaya obat awat timbang biaya siap nikah butuh acara keluarga butuh keluarga rencana sifat desak nasabah kembang usaha fasilitas manfaat modal usaha guna sesuai tentu produk laku fleksibilitas bri multiguna salah alternatif biaya nasabah milik butuh tawar bri multiguna pre approved otomatis sedia nasabah bri tawar khusus nasabah pilih penuh kriteria tentu tetap bri salah kelompok nasabah sempat oleh tawar nasabah payroll bayar gaji salur bri sedia tawar gantung hasil seleksi kriteria laku bri nasabah tawar nasabah pilih informasi tawar bri multiguna pre approved kanal resmi bri whatsapp blast resmi bri informasi tawar bri multiguna pre approved pop notification tawar aplikasi brimo nasabah akses aplikasi terima salah notifikasi nasabah detail tawar lanjut proses aju sesuai tahap sedia tawar khusus nasabah saran informasi terima asal kanal resmi bri pin password kode otp data rahasia perban aju bri multiguna pre approved foto bri nasabah oleh tawar aju bri multiguna pre approved aplikasi brimo proses aju ikut tahap sedia brimo syarat tentu laku tawar pre approved proses praktis banding aju biaya reguler dana oleh rencana sesuai butuh biaya didik renovasi rumah butuh sehat siap nikah butuh keluarga cek tawar bri multiguna pre approved rencana uang butuh siap dana butuh muncul pilih biaya mudah akses bantu nasabah atur rencana arah nasabah bri tawar bri multiguna pre approved salah pilih penuh butuh produktif konsumtif sesuai tentu laku payroll salur bri salah ecek oleh tawar bri multiguna pre approved informasi ecek tawar milik kunjung laman lihat video dirut bri papar evolusi industri perban
FINANCE,bencana beban ekonomi negara jalur cincin api indonesia bilang datang negara datang bencana gempa erupsi banjir indonesia khatam peristiwa peristiwa alam salah perintah anggar logistik mitigasi tanggulang bencana alam presiden prabowo angka anggar bencana prabowo ratas kembang tangan bencana alam virtual istana merdeka prabowo sebut deret bencana takdir ajar indonesia ajar perintah pimpin alokasi anggar mitigasi bencana signifikan hadap prabowo tanggap menteri uang ri purbaya yudhi sadewa anggar kelola badan nasional tanggulang bencana bnpb tunggu hitung bnpb tambah anggar tingkat sesuai minta bnpb hitung lihat hitung bnpb terima purbaya kutip detikfinance senin angka usaha maksimal ngaco hitung gitu aja meja parlemen rencana sambut ketua dpr ri puan maharani sepakat anggar manfaat masyarakat bencana negara perhati masak masak anggar rusa infrastruktur lambat ekonomi dampak psikologis masyarakat muara beban fiskal moneter negara bencana beban ekonomi negara anggar ideal butuh negara memitigasi dampak bencana simak ulas detiksore ekonom senior indef tauhid ahmad alih berita nusantara proses cari jurnalis lapor hilang liput aktivitas gunung anak krakatau air selat sunda pasuk kantor sar banten pesawat awak termal drone luas lokasi cari temu orang tim sar gabung lanjut cari luas area sisir sesuai hasil evaluasi kondisi lapang kepala kantor cari tolong banten al amrad kutip detiknews jurnalis orang awak kapal kembang baru cari jurnalis upaya tim sar simak lapor lengkap jurnalis detikcom jelang petang detiksore bedah strategi cari cuan volatilitas pasar saham ihsg angsur baik naik fluktuasi tipis hadap kondisi peka milik investor strategi keruk untung pasar saham tentu simak ulas sunsetalk detiksore ikut berita baru mutu detiksore tonton tayang langsung platform media sosial lupa follow detiksore instagram tiktok detiksore hore hore vys gub
FINANCE,sah sarjito kepala awas bursa mineral mahkamah agung resmi lantik sarjito kepala eksekutif awas bursa mineral komoditas strategis bmks otoritas jasa uang ojk sarjito sumpah jabat hadap ketua sunarto sunarto surat putus presiden republik tanggal agustus sarjito angkat anggota dewan komisioner otoritas jasa uang memang jabat anggota dewan komisioner ojk sudara wajib sumpah sedia saudara sumpah jabat agama saudara sunarto kantor jakarta pusat rabu sarjito lantas sedia sumpah sarjito sebut laksana tugas sesuai atur undang undang terima langsung langsung janji beri bentuk sumpah laksana tugas wajib anggota dewan komisioner ojk baik penuh tanggung atur undang undang tugas wajib sarjito sumpah sumpah sarjito resmi jabat kepala awas bmks ojk dewan wakil rakyat dpr resmi tetap sarjito kepala bmks ojk periode sarjito jalan uji layak patut kepala bmks ojk komisi xi dpr hasil uji layak komisi xi tuju tetap sarjito sah rapat paripurna dpr agustus uji layak sarjito aku tantang hadap praktik invoicing transfer pricing tentu harga nilai penting bmks pasar percaya alias trusted market penting trusted market market bagus pakai arbitrage price arbitrage supervisory regulatory arbitrage sarjito agenda fit proper test sarjito calon tunggal kepala eksekutif awas bmks ojk rangkap jabat anggota dewan komisioner adk ojk dpr ri terima surat presiden surpres presiden prabowo subianto usul nama sarjito simak video ojk biang kerok ihsg merah asia
FINANCE,mglv resmi main ai data center pt nexal digital infrastruktur tbk mglv nama pt panca anugrah wisesa tbk resmi ubah fokus bisnis usaha mglv fokus bisnis sedia layan pusat data cerdas buat artificial intelligence ai data center putus oleh rapat pegang saham rups lb rapat pegang saham independen rups independen senin pegang saham tuju rencana kuat modal tambah modal hak mes efek pmhmetd rights issue aksi persero rencana terbit maksimal saham dana oleh rights issue dukung kembang bisnis persero sektor infrastruktur digital ahmad zulfikar presiden direktur nexal tuju pegang saham ino landas persero cepat ekspansi sektor infrastruktur digital terima kasih percaya dukung pegang saham tuju landas akselerasi penetrasi sektor infrastruktur digital bangun fondasi tumbuh solid industri al data center kembang cepat terang tulis rabu jalan ubah giat usaha pegang saham tuju rencana persero lepas milik anak usaha kait lini usaha tiga alih aset liabilitas rups independen pegang saham independen tujul akuisisi persero saham pt nextier askara center nac pt nextier gena center ngc serta piutang pt nextier datamate center ndc salah pegang saham persero divestasi anak usaha akuisisi nac ngc langkah konkret tata portofolio persero sesuai fokus usaha usaha kuat pondasi operasional strategi kembang bisnis al data center zulfikar lihat video minta ram sk hynix kapasitas produksi
FINANCE,otorita ikn pasti karhutla tol balsam bukit tengkorak padam otorita kota nusantara ikn bakar hutan lahan karhutla kawasan jalan tol balikpapan samarinda balsam km kawasan bukit tengkorak kawasan taman hutan raya tahura bukit soeharto camat paku padam kece staf khusus kepala otorita ikn bidang manajemen bijak strategi konstruksi dan sumadilaga dan kece tol balsam km desa wonotiro camat samboja kawasan bukit tengkorak rabu dan kondisi bukit tengkorak padam kece wita bakar aktif asap tipis titik alhamdulillah bakar asap hasil madam tim darat udara water bombing bukit tengkorak padam dan terang tulis rabu dan komunikasi tangan karhutla cepat koordinasi upaya madam darat udara dan hasil madam ikut langkah antisipasi api muncul monitoring patroli kondisi kawasan aman potensi bakar susul mudah mudah laku upaya monitoring patroli bakar dan otorita ikn apresiasi kerja libat tangan karhutla madam darat dukung madam udara otorita ikn tangan karhutla henti api padam pantau patroli jalan cegah deteksi asap titik api din simak video puan lahan bekas karhutla kebun sawit tindak
FINANCE,jasa marga jajak potensi investasi tol siap dana rp pt jasa marga persero tbk jsmr buka jaja investasi tol operasi persero belanja modal capital expenditure capex butuh investasi tol rp triliun direktur utama jasa marga rivan achmad purwantono capex arah optimalisasi jadwal konstruksi operasional tol tahap semester realisasi capex persero capai rp triliun operasional pelihara investasi bangun tol serap capex gantung kondisi realisasi lapang estimasi capex investasi capai rp triliun rivan acara public expose virtual rabu rivan persero buka investasi bangun tol sesuai arah kembang usaha putus partisipasi kembang tol putus komprehensif timbang prospek timbang investasi cakup prospek lintas konektivitas jaring jalan tol existing layak investasi mampu finansial usaha jasa marga buka investasi sektor brownfield ekspansi sesuai arah strategis jasa marga buka peluang investasi sektor brownfield tender jalan tol banding periode proses streamlining jalan bp badan usaha milik negara bumn badan kelola investasi bpi daya anagata nusantara danantara rivan jasa marga peran transformasi turut langkah optimalisasi portofolio tingkat nilai jasa marga koordinasi koordinasi pegang saham danantara bp bumn usaha usaha masuk streamlining proses tata perhati prinsip tata kelola pungkas lihat video viral mobil pecah ban massal tol jagorawi jasa marga buka suara
FINANCE,juta rokok ilegal jakarta tindak bea cukai negara rugi rp kanwil direktorat jenderal bea cukai djbc jakarta tindak rokok ilegal juta batang kepala kantor wilayah bea cukai jakarta hendri darnadi total rugi tembus rp miliar sebut edar rokok ilegal rugi negara cipta saing usaha sehat djbc sinergi menteri industri instansi lindung industri hasil tembakau legal kali giat tindak bidang cukai hasil juta juta batang rokok ilegal hendri konferensi pers kantor kanwil djbc jakarta rabu hendri sebut tingkat banding capai periode kanwil djbc jakarta catat tindak capai juta batang rokok ilegal tingkat banding capai periode agustus juta batang tanda masalah serius giat dagang rokok ilegal sanga masif informasi total rugi hitung hasil tindak minum kandung etil alkohol mmea liter bea cukai jakarta tindak liter etil alkohol tindak bidang cukai tingkat banding capai nilai barang bidang cukai rokok ilegal mmea etil alkohol tembus rp miliar hendri isu atensi terima negara cukai golong edar rokok ilegal terima negara fiskal gerogot atensi perhati serius rokok salah bidang cukai sumber terima negara besar peredaraan rokok ilegal gerogot terima negara fiskal hendri lihat video tugas bea cukai razia warung madura viral cari rokok ilegal
FINANCE,bitcoin mati investor tanda etf bitcoin spot amerika serikat catat net inflow us miliar pekan dagang periode agustus september data sosovalue tunjuk minat institusional bitcoin jaga gera harga volatil harga bitcoin turun kisar us us data coingecko selasa bitcoin gerak rentang us us chief marketing officer indodax aloysia dian nilai konsistensi arus masuk etf salah indikator dinamika minta bitcoin tarik besar arus masuk konsistensi harga bitcoin alami tekan gera harga jangka pendek arus dana etf gerak arah bitcoin horizon alih alih reaksi gera hari terang tulis rabu kuat arus dana etf perhati pasar rangkai data ekonomi amerika serikat acu putus fed producer price index ppi jadwal rilis september susul consumer price index cpi september federal open market committee fomc september nilai salah katalis utama ekspektasi pasar peluang naik suku bunga basis poin bps capai peluang suku bunga ekspektasi pengaruh data tenaga kerja agustus tambah lapang kerja tingkat anggur arah ekspektasi pasar ubah iring rilis data inflasi temu fomc aloysia nilai rangkai data gambar makro luas tentu tunggal arah pasar arus dana etf gambar minta institusional ppi cpi putus fed tentu pasar baca kondisi makro investor indikator riset mandiri dyor jadi data satu dasar ambil putus simak video bnn sulit lacak transaksi narkoba bitcoin kripto
FINANCE,bea cukai tindak juta batang rokok ilegal rugi negara rp direktorat jenderal bea cukai djbc kantor wilayah jakarta tindak rokok ilegal wilayah kerja kanwil bea cukai jakarta hasil batang rokok ilegal hasil tindak kepala kantor wilayah bea cukai jakarta hendri darnadi oleh tindak periode agustus september estimasi potensi rugi negara capai rp miliar kantor wilayah djbc jakarta kantor bea cukai marunda aman juta batang rokok ilegal wilayah pademangan jakarta utara estimasi potensi rugi negara capai rp miliar hendri konferensi pers kantor djbc jakarta rabu kantor bea cukai marunda terima limpah koli isi ribu batang rokok ilegal estimasi rugi negara rp juta total batang rokok ilegal aman capai juta batang total rugi rp miliar total rangkai tindak limpah polres metro jakarta barat batang rokok ilegal estimasi rugi negara rp miliar barang asal wilayah jawa timur rencana barang pasar wilayah jawa barat sumatera kalimantan rokok ilegal asal jawa timur kirim daerah pasar deteksi jawa barat sumatera kalimantan hendri hendri barang hasil tindak barang diserahterimakan proses teliti sesuai tentu atur undang undang laksana tugas sinergi polri jaksa tni perintah provinsi menteri lembaga apresiasi sinergi kolaborasi jalin bea cukai komisi iii dpr ri menteri industri perintah provinsi dki jakarta polri tni jaksa instansi upaya lindung masyarakat edar rokok ilegal tutup hendri lihat video tugas bea cukai razia warung madura viral cari rokok ilegal
FINANCE,tol probolinggo banyuwangi operasi pt jasa marga persero tbk jsmr tol probolinggo banyuwangi operasi jasa marga siap ruas paiton besuk operasional tol direktur kembang usaha jasa marga ari respati ruas paiton besuk jalan uji laik fungsi operasi ulfo progress konstruksi ruas capai ruas tol probolinggo banyuwangi target operasional kuartal progress konstruksi ruas gending kraksaan kraksaan paiton capai jalan tol probolinggo banyuwangi km probolinggo situbondo barat selesai proses ulfo ruas paiton besuk siap laksana operasional rencana ari acara public expose virtual rabu ari proyek bangun tol persero ruas jakarta cikampek japek ii selatan proses bangun jalur setu sadang proyek tol akses patimban masuk tahap bangun jalan tol km bangun jalan skema dana viability gap funding vgf dukung layak finansial perintah persero target operasi tol jogja bawen masuk tahap selesai ruas yogyakarta banyurejo jasa marga proses profesional hand pho september kerja lapang selesai ruas ss ambarawa junction bawen pasuk fase tahap uji layak fungsi operasi ruas target operasi proyek tol jogja solo proyek ruas kartosuro prambanan operasi komersial tahap konstruksi ruas prambanan maguwoharjo trianggo junction sleman target operasi tahap pungkas lihat video ringsek innova zenix tabrak truk tol probolinggo
FINANCE,garuda cek pesawat terbang imbas abu vulkanik ratus terbang indonesia batal minggu kemarin imbas tutup bandara sebar abu vulkanik aktivitas erupsi gunung anak krakatau terbang selasa kemarin bandara buka buka bandara pulih terbang dampak abu vulkanik pesawat layan tumpang maskapai kondisi teknis armada periksa bersih awat sesuai tunjuk pabrikan proses maskapai pelat merah garuda indonesia armada garuda jalan tangan kondisi hasil periksa direktur teknik garuda indonesia mukhtaris butuh tangan beda pesawat periksa dasar tentu tindak pesawat periksa awat syarat selesai sesuai pandu pabrikan pesawat nyata laik terbang layan tumpang mukhtaris terang rabu abu vulkanik tangan khusus partikel tempel muka pesawat masuk area komponen sistem tangan cakup bersih periksa area potensi dampak sesuai tunjuk pabrikan pesawat parkir perhati badan pesawat sayap ekor horizontal abu endap salur masuk udara buka perangkat roda darat periksa pesawat alami papar terbang periksa cakup kaca kokpit sayap komponen mesin sesuai tentu pabrikan proses bersih tangan periksa pesawat mesin salur masuk udara sensor komponen potensi dampak hasil acu teknisi tentu area bersih periksa area dampak bersih metode material sesuai tunjuk pabrikan pilih bersih jaga kondisi komponen cegah abu masuk sistem pesawat hasil periksa tangan tambah teknisi lanjut periksa awat sesuai tentu teknis tuju tindak ikut butuh pesawat hasil periksa tahap verifikasi kelaikudaraan pesawat penuh syarat teknis operasi aman pesawat layan terbang kerja syarat selesai status kelaikudaraannya penuh tentu laku upaya jaga kondisi pesawat armada area potensi dampak koordinasi kelola bandara garuda indonesia tindak lindung pasang tutup mesin salur masuk udara sensor komponen sesuai instruksi pabrikan langkah lindung periksa bersih awat lengkap kesiap armada sama proses garuda indonesia pantau informasi selamat terbang koordinasi otoritas terbang kelola bandara dukung pulih operasional tahap selamat prioritas utama landas putus operasional paham sesuai terbang pengaruh rencana harga tumpang percaya tanggung kesiap pesawat layan jalan lanjut aman nyaman tutup mukhtaris lihat video imbas erupsi anak krakatau pesawat garuda darat kertajati
FINANCE,elnusa petrofin salur bantu ungsi erupsi gunung sabung pt elnusa petrofin epn anak usaha pt elnusa tbk idx elsa pertamina peduli salur bantu logistik warga dampak erupsi gunung sabung warga ungsi jambur ungsi desa sukatepu camat simpang kabupaten karo sumatera utara bantu liput masker medis bantu lindung warga papar abu vulkanik botol air mineral bungkus mi instan kaleng sarden kilogram beras botol susu steril erupsi gunung sabung september akibat gugur abu vulkanik jangkau wilayah kondisi dorong ribu warga tinggal tinggal lindung lokasi ungsi jaga selamat respons kondisi tanggap darurat elnusa petrofin unit bisnis transportasi integrated terminal medan kolaborasi pertamina peduli salur bantu sesuai butuh masyarakat ungsi manager corporate communication relations elnusa petrofin putiarsa bagus wibowo hadir usaha situasi bencana komitmen manfaat nyata masyarakat wilayah operasional usaha kondisi darurat akibat erupsi masker butuh bantu lindung masyarakat papar abu vulkanik sisi sedia pangan air minum butuh dasar warga ungsi penuh putiarsa terang tulis rabu putiarsa bantu wujud peduli respons kolaboratif elnusa petrofin pertamina peduli butuh masyarakat dampak upaya hadir bantu relevan langsung manfaat masyarakat harap dukung bantu kuat tahan logistik posko ringan beban ungsi dukung masyarakat lewat tanggap darurat kondisi angsur pulih bantu serah langsung kepala desa sukatepu josua ginting kelola distribusi warga tetap jambur ungsi koordinasi perintah desa bantu salur sasar sesuai butuh masyarakat dampak josua ginting apresiasi peduli dukung elnusa petrofin pertamina peduli masyarakat desa sukatepu terima kasih bantu warga jambur ungsi desa sukatepu bantu optimal kuat sedia butuh posko manfaat rasa warga harap dukung bantu ringan butuh masyarakat ungsi josua lihat video nasib warga gunung sabung pasca erupsi
FINANCE,bgn larang susu kental manis minum susu menu mbg badan gizi nasional bgn larang guna produk minuma susu menu program makan gizi gratis mbg produk larang cakup minum susu minum kandung susu minum susu susu kental manis putus hasil rapat koordinasi bgn menteri lembaga asosiasi selasa rapat bahas manfaat susu hewani menu program mbg bgn larang guna produk minum susu minum kandung susu minum susu susu kental manis menu mbg tulis terang akun instagram resmi bgn badangizinasional ri kutip rabu ganti bgn rekomendasi beri susu hewani terima manfaat liput hamil susu balita usia serta didik ken produk rekomendasi cakup susu pasteurisasi uht susu steril full cream plain produk boleh tambah gula awet asa warna produk susu memliki kandung susu segar minimal kantong izin edar resmi bpom ri khusus produk susu pasteurisasi tangan wajib sistem rantai dingin cold chain sarana produksi tangan terima manfaat tulis terang bgn beri susu hewani bgn tetap harga satu rp volume minimal ml rp volume ml dapur laksana putus manfaat susu hewani menu mbg harap penuh cukup konsumsi protein hewani terima manfaat dongkrak produktivitas sejahtera ternak lokal indonesia tutup terang bgn simak video ida bgn bijak susu formula massal mbg risiko
FINANCE,emiten rukun raharja rampung akuisisi saham pt lng pt rukun raharja tbk raja rampung akuisisi milik saham pt layar nusantara gas pt lng entitas anak saham milik usaha pt raharja gas kasur selesai transaksi tanda penandatanganan akta jual beli saham hadap notaris pt raharja gas kasur genting lng pte ltd genting lng september penuh syarat atur janji jual beli saham share sale purchase agreement sspa ditandatangani belah pt lng kembang infrastruktur midstream downstream fasilitas floating liquefied natural gas flng indonesia salah offtaker gas bumi produksi blok kasur papua barat kontrak hasil kasur kasur psc transaksi strategi ekspansi usaha usaha mitra strategis luas genting had group kembang operasi infrastruktur flng selesai transaksi tanda tonggak mitra strategis bangun genting had group milik saham pt lng kuat posisi raja group rantai nilai lng letak fondasi kolaborasi jangka luas dukung kembang ekosistem lng indonesia direktur utama pt rukun raharja tbk djauhar maulid terang tulis rabu baca laba raja lesat rp lapang asap kido merah akm blok kasur oleh tuju perintah rencana kembang lapang plan development pod rencana kembang tuju cakup pasok gas bumi mmscfd fasilitas flng kapasitas mtpa alokasi mmscfd pasar domestik milik saham pt lng raja oleh eksposur langsung segmen midstream likuefaksi gas lengkap portofolio persero bidang dagang gas transportasi infrastruktur energi investasi strategis luas hadir raja group lampau gas pipa rantai nilai lng integrasi luas keikutsertaan proyek flng indonesia tempat persero segmen partisipasi usaha domestik batas buka peluang kolaborasi genting had group ekosistem lng indonesia alokasi gas proyek pasar domestik dukung agenda tahan energi nasional jalan strategi kembang usaha jangka raja lihat video netflix tolak naik tawar paramount fix akuisisi warner bros
FINANCE,jaguar land rover phk karyawan pabrik mobil raksasa jaguar land rover jlr putus hubung kerja phk karyawan rencana mangkas tahap sasar karyawan kantor pusat inggris lansir bbc rabu putus phk massal ambil respons hambat usaha alami jlr saing mobil listrik murah china serang siber imbas bijak tarif presiden amerika serikat donald trump usaha komitmen dukung orang penuh perhati adil hormat proses putus hubung kerja ceo jaguar land rover pb balaji industri otomotif hadap tantang signifikan ubah teknologi saing ketat ketidakpastian geopolitik lanjut usaha harap capai kurang program phk sukarela jangka aju oktober jlr phk wajib syarat untung usaha karyawan kena mangkas terima email phk massal usaha target hemat biaya miliar poundsterling rp triliun kurs rp pounds inggris deret jaguar land rover produsen mobil inggris alami turun jual imbas kalah saing mobil china negara jlr pasar tumbuh sumber saing jangka jaguar land rover parah usaha alami serang siber sebab usaha kerja orang dunia henti lini produksi bulan atur tarif laku presiden donald trump rugi usaha saing milik pabrik lapor uang tahun maret jlr tarif serang siber alas utama jual anjlok miliar poundsterling rp triliun miliar poundsterling rp triliun lihat video tanyadetikfinance sinyal phk besar tokopedia
FINANCE,inggris larang total impor produk mukim ilegal israel tepi barat inggris umum larang impor produk asal mukim ilegal israel tepi barat bijak salah langkah ambil inggris aku daulat negara palestina kutip al jazeera menteri negeri inggris ed miliband tuduh israel bersih etnis warga palestina perintah inggris pandang luas mukim israel tepi barat tindak langgar hukum miliband umum batas ketat jual senjata israel israel umum balas larang anggota parlemen inggris pasuk israel tutup konsulat inggris yerusalem larang inggris dagang barang mukim ilegal israel laku tingkat keras mukim israel komunitas palestina tepi barat luas mukim picu debat eropa batas dagang wilayah pidato miliband parlemen negara keluar nyata dukung solusi negara timbang batas dagang mukim ilegal israel prancis inggris kanada denmark spanyol finlandia irlandia islandia norwegia polandia portugal swedia seru perintah israel henti luas mukim larang inggris dagang mukim ilegal israel cakup impor barang mukim ilegal israel tepi barat inggris jatuh sanksi organisasi bisnis individu sedia konstruksi infrastruktur biaya properti luas mukim larang total iklan jual properti mukim ilegal tepi barat inggris sanksi jatuh mukim ekstremis dukung hasut keras warga palestina izin ekspor senjata ekspor material kontribusi duduk tolak inggris tangguh izin senjata tentara israel gaza inggris salah mitra dagang israel nilai dagang negara capai miliar poundsterling rp triliun kurs rp sulit nilai barang asal langsung mukim inggris impor barang nila juta poundsterling wilayah duduk produk impor inggris israel batu logam mulia alat teknis medis plastik mesin produk tani buah buah inggris ekspor produk israel alat tahan drone helikopter komponen pesawat inggris tangguh lisensi ekspor senjata tindak israel gaza kecuali komponen pesawat tempur akses israel mitra mei inggris tangguh negosiasi modernisasi janji dagang cakup dagang digital bidang simak video prabowo praktik gelap ekspor impor ri puluh
FINANCE,garuk punggung pria cuan rp juta bulan sangka ide sederhana tambang uang modal jasa garuk punggung pria china selatan hasil bangun jaring bisnis cetak cuan yuan rp juta kurs rp yuan china lansir scmp rabu usaha unik lopor zhang xiaoqiao kali buka bisnis garuk punggung distrik bao shenzhen mei selang buka gerai cabang distrik futian dasar zhang orang jajak usaha usaha lulus universitas kenal coba tujuh kerja beda injak usia diri usaha sektor commerce lintas batas sulit raih sukses kecimpung industri konten kreator gagal dampak signifikan sengaja temu klip tampil wanita garuk punggung suami gatal lihat video pendek media sosial tonton komentar sedia bayar zhang kenang ayah garuk punggung bantu tidur nyenyak inspirasi buka jasa layan garuk punggung cuan jasa garuk punggung usung merek suma staf kerja zhang kena alat bantu bentuk kuku runcing rancang garuk tubuh langgan lembut baring tengkurap suasana pijat tarif yuan rp jam layan tuju reda stres tingkat kualitas tidur staf garuk area tubuh gatal bantu langgan rileks pancing tawa kota kota orang orang alami tingkat stres akibat layan mati zhang jenis layan china zhang riset kembang teknik garuk efektif mandiri nol usaha buah manis pasal gerai total hasil raup dapat kotor yuan rp juta berkat capai titik break even point alias modal singkat cetak untung layan langgan pria wanita langgan pria cakup zhang langgan layan tenang banding pijat milik basis langgan setia jasa sambung zhang rencana buka gerai negeri harap jasa garuk punggung aku profesi luas lihat video cuan ratus juta rupiah manis budidaya buah kelengkeng
FINANCE,ada perintah rp peluang umkm peluang usaha mikro tengah umkm koperasi libat ada barang jasa perintah lebar nilai ada perintah capai rp triliun milik daya ungkit ekonomi nasional umkm koperasi libat ada barang jasa perintah layan jamin pt jamin kredit indonesia persero jamkrindo tanda penandatanganan nota paham mou jamkrindo lembaga bijak ada barang jasa perintah lkpp manfaat layan jamin direktur utama jamkrindo abdul bari kerja langkah strategis kuat ekosistem ada barang jasa perintah manfaat layan jamin jamkrindo luas akses jamin laku usaha umkm koperasi libat ada perintah ruang lingkup mou cakup utama manfaat layan interkoneksi host host jamkrindo dukung ada barang jasa perintah elektronik aplikasi kelola lkpp manfaat layan jamin sosialisasi penyebarluasan informasi ada barang jasa perintah jamin publikasi seminar latih workshop kerja temu mandat lkpp bangun ekosistem ada efektif efisien transparan akuntabel jamkrindo hadir jamin tingkat aksesibilitas finansial kapasitas laku usaha sinergi mandat cipta multiplier effect ekonomi nasional abdul bari terang tulis rabu baca jamkrindo cetak laba rp abdul bari jamin peran instrumen percaya ada barang jasa perintah butuh pasti sedia penuh wajib sedia instrumen penuh syarat kelola risiko jalan atur lembaga bijak ada barang jasa perintah republik indonesia nomor atur menteri uang nomor pmk atur guna surat jamin laksana giat ada barang jasa terbit surat jamin usaha jamin konteks ada barang jasa perintah jamkrindo milik produk suretyship salah instrumen strategis pasti penuh wajib kontraktual layan jamkrindo dukung lancar proses ada luas akses laku usaha partisipasi proyek perintah kerja terjemah langkah implementasi konkret janji kerja jamkrindo lkpp pantau evaluasi kala laksana kerja jalan sesuai tuju dasar sempurna program kerja harap kolaborasi kembang luas hubung bilateral lkpp jamkrindo ekosistem kolaborasi manfaat nyata kuat ekosistem ada perintah tumbuh ekonomi nasional pungkas abdul bari kepala lkpp sarah sadiqa nilai ada perintah capai rp triliun ada milik daya ungkit ekonomi nasional rupiah belanja perintah kelola akuntabel transparan hasil nilai baik masyarakat turut besar skala ada tuntut bangun ekosistem ada kredibel inklusif efisien wujud perintah butuh kolaborasi kuat regulator legislatif laku usaha mang penting mitra lkpp jamkrindo milik arti strategis dukung transformasi digital ada barang jasa perintah nota paham interkoneksi sistem host host layan jamin harap mudah cepat transparan integrasi kuat percaya pasti kualitas tata kelola ada perintah kolaborasi harap buka ruang partisipasi luas umkm aman pasti usaha peluang kompetisi sehat ada perintah nota paham langkah konkret kuat percaya pasti tingkat kualitas tata kelola ada perintah kolaborasi buka ruang partisipasi luas luas umkm umkm libat rantai pasok perintah dampak kuat kapasitas usaha luas akses biaya cipta lapang kerja perata tumbuh ekonomi ketua komisi xi dpr ri mukhamad misbakhun apresiasi kolaborasi lkpp jamkrindo kuat ekosistem ada barang jasa perintah layan jamin harap kolaborasi manfaat luas laku usaha umkm dorong tumbuh kuat ekonomi nasional kolaborasi lkpp jamkrindo salah upaya konkret kuat daya tahan ekonomi nasional dorong umkm kembang usaha laku usaha ahi ara
FINANCE,pm singapura sumbang naik gaji rp perdana menteri pm singapura lawrence rencana sumbang naik gaji laku bentuk komitmen gagas revisi gaji politik penting negara gaji tahun us juta rp miliar kurs rp us juta rp gaji bonus akumulasi sumbang gaji us juta rp miliar gaji pm singapura tetap kali lipat patok gaji menteri tingkat mula revisi us juta us juta perintah bayar gaji tetap kerangka kerja sistem sumbang naik gaji tuju amal sesuai kutip straits times rabu putus usul komite tinjau naik gaji pegang jabat politik singapura menteri pm jabat pm terima bonus kerja bonus nasional aku dorong jabat politik ikut langkah percaya praktik tonton beri amal kerangka gaji putus kabinet perdana menteri pikul tanggung utama pribadi tangan naik ambil langkah ubah percaya penting singapura evaluasi posisi timbang kondisi turut dukung tuju tuju komitmen publik batas langkah timbul anggap perdana menteri ikut pilih simak video ingat pm singapura negara dunia kenal bahaya
FINANCE,pupuk panen peran pupuk indonesia jaga tahan pangan tahan pangan bicara hasil panen hasil tani produksi tani rantai tentu hasil panen salah satu sedia pupuk jangkau mudah akses konteks industri pupuk milik posisi strategis dukung tahan pangan nasional pupuk salah input bantu jaga produktivitas tanam tani penuh butuh produksi peran perintah dorong swasembada pangan sedia pupuk kait butuh industri hubung langsung aktivitas tani lapang pt pupuk indonesia persero salah usaha milik peran rantai jaga kapasitas produksi usaha transformasi pupuk sedia mudah akses tani pabrik lahan tani pupuk produksi pabrik lahan tani hasil industri pupuk ukur kapasitas produksi mampu jaga lancar distribusi pupuk indonesia catat salur ton pupuk subsidi tingkat banding tingkat salur dukung implementasi sistem pubers cepat mudah proses tebus pupuk subsidi terap atur presiden nomor sederhana tata kelola salur pupuk subsidi proses distribusi harap cepat mudah sasar september pupuk indonesia salur pupuk subsidi juta ton alokasi juta ton tetap perintah angka gambar besar skala distribusi pupuk kelola butuh tani penuh harga pupuk turun akses tani kuat sedia harga faktor tani biaya pupuk salah komponen biaya produksi tani ubah harga pengaruh mampu tani kelola lahan presiden ri prabowo subianto perintah hasil turun harga pupuk turut kondisi kali sejarah kali harga pupuk turun rakyat prabowo pidato sidang tahun mpr sidang dpr dpd ri jumat prabowo turun harga ikut tingkat volume sedia pupuk masyarakat harga turun volume sedia rakyat rakyat mudah pupuk produksi tingkat harga jangkau akses mudah pupuk harap bantu tani jaga produktivitas tanam dampak henti tingkat tani produktivitas tingkat pasok hasil tani potensi tingkat kuat sedia pangan negeri kapasitas produksi sangga butuh pupuk domestik penuh kapasitas produksi salah faktor pupuk indonesia milik kapasitas produksi nasional juta ton kapasitas ruang usaha penuh butuh pupuk negeri respons peluang pasar global ganggu pasok tani indonesia kapasitas produksi topang fasilitas produktif pupuk indonesia program remaja revitalisasi tujuh pabrik kuat kerja uang capai usaha ruang tingkat investasi program revitalisasi modernisasi fasilitas produksi pupuk indonesia tingkat kapasitas efisiensi produksi aset milik nilai optimal fasilitas produktif efisien mampu usaha jaga lanjut pasok pupuk harap kuat dukung sedia pupuk jangkau tani kerja usaha tahan pangan peran jaga pasok pupuk pupuk indonesia catat kerja uang positif januari juni usaha buku laba bersih rp triliun tumbuh banding periode dapat usaha capai rp triliun tumbuh ebitda tingkat rp triliun kerja dorong tingkat volume produksi efisiensi biaya operasional direktur utama pupuk indonesia rahmad pribadi transformasi usaha kuat kerja bisnis turut fondasi uang kuat ruang usaha kontribusi tahan pangan nasional berkat dukung perintah danantara transformasi bisnis buah hasil capai kerja uang bangga fondasi uang kuat optimistis tumbuh lanjut kerja usaha kontribusi tahan pangan nasional rahmad kerja uang peran strategis usaha ekosistem pangan milik kait usaha sehat finansial milik kapasitas jaga operasional investasi langsung pasok efisiensi jaga harga pasok tarik tumbuh laba pupuk indonesia perintah turun harga pupuk kondisi lepas strategi usaha tingkat efisiensi pupuk indonesia terap operational excellence cost leadership disiplin jaga daya saing usaha diversifikasi sumber dapat kuat segmen non subsidi produk non pupuk sisi bahan baku pupuk indonesia luas sumber pasok skema kontrak redam dampak volatilitas harga komoditas global struktur biaya langkah mampu sedia pupuk harga jangkau butuh struktur biaya sehat rahmad transformasi arah penting tani jalan agenda transformasi bumn dorong danantara ubah struktural muara pupuk jangkau cepat tani cost sehat negara jaga tahan pangan rahmad pupuk panen rantai hubung pupuk tahan pangan jalan sederhana pupuk produksi distribusi tani dukung proses budidaya hasil panen pupuk sedia industri dalam penting tani produksi pangan tahan pangan nasional transformasi pupuk indonesia arah rantai kuat efisiensi produksi optimalisasi aset digitalisasi distribusi diversifikasi bisnis hasil industri pupuk besar produksi laba usaha ukur kalah pupuk sedia harga jangkau tani jalan tahan pangan henti pabrik pupuk jalan lanjut lahan tani tuju panen penuh butuh masyarakat indonesia lihat video program pupuk indonesia bawa pulau lembata mandiri pangan anl ega
FINANCE,harga emas antam jatuh harga emas antam alami turun lanjut tren lemah pekan kemarin harga emas antam karat turun rp gram level rp gram situs logam mulia antam rabu satu harga emas kecil ukur gram angka rp harga emas gram jual harga rp ukur emas besar gram kg banderol rp tarik pek harga emas antam rentang rp gram bulan harga emas antam gerak rentang rp gram buyback emas harga emas buyback emas antam turun rp level rp gram harga buyback jual emas antam bel harga sesuai atur menteri uang pmk nomor beli emas batang kena pph potong pajak rendah serta npwp transaksi rincian harga emas harga emas gram rp harga emas gram rp harga emas gram rp harga emas gram rp harga emas gram rp harga emas gram rp harga emas gram rp harga emas gram rp harga emas gram rp harga emas gram rp harga emas gram rp harga emas gram rp rincian harga emas keluar antam gram gram rabu lihat video harga emas antam ambruk
FINANCE,otorita ikn buka suara karhutla jarak dekat kipp km presiden prabowo subianto perhati khusus bakar hutan lahan karhutla kota nusantara ikn kalimantan timur otorita ikn buka suara seru prabowo otorita tangan karhutla km titik delineasi ikn staf khusus kepala otorita ikn bidang manajemen bijak strategi konstruksi dan sumadilaga titik api kawasan inti pusat perintah kipp titik bakar dekat jarak kilometer kipp tangan kuat madam darat udara jarak titik kawasan inti pusat perintah ikn kilometer masuk delineasi ikn jarak kawasan inti dan terang rabu dan tangan langkah cegah titik titik bakar kembang luas wilayah laku tindak preventif bakar kembang dan dan angka hektare ha area dampak luas bakar area titik alami bakar hektare area dampak area titik titik bakar bakar bakar titik titik api dan hasil tangan titik titik api lokasi kurang lokasi perhati utama bukit tengkorak wilayah wonotirto otorita ikn buka suara karhutla jarak dekat kawasan inti km foto dok otorita ikn selasa pagi tim temu titik api tol balikpapan samarinda km titik tangan tim gabung otorita ikn tni polri jasa marga tangan udara water bombing tni au upaya tangan karhutla ikn padu madam darat udara sisi darat otorita ikn tni polri babinsa masyarakat tangan titik titik jangkau jalur darat water bombing jangkau area sulit akses tim darat upaya dukung bnpb tni bmkg kawasan bukit tengkorak titik bukit merdeka area area capai jalur darat daerah bukit tengkorak area capai water bombing titik bukit merdeka laku water bombing dan titik api kurang otorita ikn tingkat waspada lanjut patroli pantau lapang tim darat tni polri muncul titik api tangan temu pantau udara siaga pantau kembang kondisi lapang bakar luas langkah upaya oikn menindaklanjuti arah presiden tangan karhutla cepat tangan lapang otorita ikn kuat upaya cegah edukasi masyarakat buka lahan bakar upaya tuang atur kepala otorita ikn buka lahan bakar presiden prabowo subianto perhati bakar hutan lahan karhutla kota nusantara ikn kalimantan timur instruksi bakar kawasan inti pusat perintah kipp ikn orang nomor indonesia arah kerah aset aset perhati bakar ikn perhati kerah aset aset bakar zona inti beber prabowo ratas kembang tangan bencana virtual senin simak video puan lahan bekas karhutla kebun sawit tindak
FINANCE,rupiah tekan dolar level rp mata uang dolar amerika serikat lemah rupiah dagang pagi rabu mata uang paman sam buka level rp data bloomberg dolar lemah rp pagi dagang kamis dolar tutup rp dolar kuat rupiah mata uang paman sam gerak rentang rp baca dolar kuat rp dolar gerak variatif mata uang negara mata uang eur mata uang dolar kuat lemah mata uang gbp dolar kuat dolar kuat mata uang aud dolar lemah mata uang chf jpy turun lemah mata uang cad dolar kurang lihat video bi dolar tembus rp beda
FINANCE,ihsg buka lengser zona merah indeks harga saham gabung ihsg buka arah pagi kuat buka ihsg ujung lemah zona merah data dagang rti rabu ihsg buka level wib kuat zona hijau level tinggi sayang ihsg langsung anjlok zona merah telah wib ihsg lemah turun poin ihsg parkir level saham kuat saham lemah saham stagnan volume dagang capai miliar saham putar uang capai rp miliar frekuensi dagang catat kali ihsg lemah banding posisi nilai lemah banding posisi enam tahun ihsg lemah lihat video tanyadetikfinance pidato prabowo bikin ihsg turun
FINANCE,bulog gelontor beras premium ritel modern kota perum bulog kuat sedia beras premium pasar konsumen gelontor beras premium jaring ritel modern salur arah masyarakat kota wilayah kota oleh beras premium mudah distribusi beras premium bulog jangkau kota kota jakarta makassar surabaya sidoarjo bojonegoro semarang klaten solo salatiga bandung karawang subang kupang bulog luas pasok beras premium kota indonesia kuat pasok ritel modern strategi bulog luas akses masyarakat produk beras premium bulog sedia beras kanal distribusi wilayah tingkat butuh konsumsi data alokasi salur bulog pasok beras premium ribu ton jaring ritel modern alokasi pt indomarco prismatama pt megah daya pt inti cakrawala citr pt sumber aleria trijaya pt lion super indo pt swalayan sukses abadi pt matahari putra prima pt tip top supermarket pt midi utama indonesia pt hero retail nusantara direktur utama perum bulog letnan jenderal tni purn ahmad rizal ramdhani salur beras premium bulog jaring ritel modern upaya bulog dekat produk pangan masyarakat masyarakat wilayah kota milik akses mudah beras premium bulog kuat distribusi jaring ritel modern sebar kota ahmad terang tulis rabu ahmad luas distribusi kesiap bulog respons butuh konsumen agam ritel modern salah kanal produk beras premium bulog sedia masyarakat beras premium bulog hadir butuh masyarakat pasok kuat distribusi luas harap masyarakat oleh beras premium mudah ahmad luas akses konsumen kuat pasok beras ritel modern upaya bulog jaga imbang pasok pasar bulog monitor kembang stok distribusi butuh wilayah sedia beras jaga bulog beras sedia kanal dagang hadir ritel modern komitmen pilih akses pangan luas masyarakat pungkas lihat video ekspor ton beras bulog jemaah haji ancam batal
FINANCE,cabai rawit merah pedas harga tembus rp ribu jakarta harga cabai rawit merah tembus rp kilogram persen banding harga cabai rawit merah alami lonjak data pusat informasi harga pangan strategis pihps bank indonesia harga cabai rawit merah nasional capai rp kilogram persen banding harga cabai rawit merah nasional capai rp kilogram data pihps bank indonesia naik harga cabai salah gera harga pangan colok selasa cabai rawit merah harga cabai merah keriting persen rp kilogram harga cabai rawit hijau alami naik persen rp kilogram naik harga cabai naik komoditas pangan beras telur daging ayam minyak goreng
FINANCE,rekomendasi saham lirik ihsg kuat market overview indeks harga saham gabung ihsg kuat dagang selasa ihsg level kuat ihsg topang saham gerak ammn catat kuat smma mdka lesat beli turun bbni lemah bren koreksi aktivitas investor transaksi asing pasar reguler catat net buy rp miliar hitung pasar investor asing buku net buy rp miliar gera positif mayoritas sektor saham sektor zona hijau sektor basic materials catat naik sektor healthcare sektor alami turun bursa saham amerika serikat gerak lemah dagang dow jones turun turun nasdaq lemah level harga tembaga cetak rekor perhati pasar sentimen positif saham komoditas ammn mdka saham pengaruh gera ihsg pasar offshore etf eido kuat indeks msci indonesia baca ihsg tutup kuat berita emiten medela potentia mdla mdla buku jual rp triliun semester angka tingkat banding jual periode rp triliun laba bersih persero tambah tahun rp miliar rp miliar semester tumbuh serta naik laba kotor mdla catat gross profit rp miliar yoy rp miliar kerja topang tingkat volume distribusi tambah prinsipal kembang produk merek brand manfaat kanal digital sisi bisnis alat sehat jual produk stardec tumbuh yoy mdla lanjut kembang infrastruktur distribusi bangun gudang aam medan capai progres target operasi kuartal iv persero bangun national distribution center ndc fasilitas dukung butuh cold storage rencana bangun lahan luas hektare kawasan industri jababeka trimitra trans persada blog blog catat dapat rp miliar semester dapat rp miliar periode laba bersih blog tingkat rp miliar banding rp miliar manajemen target tumbuh laba target dukung ekspansi bisnis kontrak langgan jangka kontrak jangka harap bantu persero hadap dampak naik biaya bahan bakar minyak bbm blog anggar belanja modal capital expenditure capex rp miliar semester realisasi capex kisar rp miliar tambah rp miliar semester ii dana capex bangun gudang tambah armada unit kembang sistem teknologi informasi persero integrasi sistem transportation management system tms warehouse management system wms ios resources asia pasifik psab psab tetap bagi dividen tunai interim rp saham periode juni total dividen siap capai rp miliar dividen bagi pegang miliar saham persero edar putus bagi dividen psab buku laba bersih us juta semester angka tingkat yoy banding periode naik laba pengaruh untung aksi divestasi proyek tambang emas doup anak usaha united tractors untr transaksi hasil untung us juta laba bersih dividen interim rp saham cermin dividend payout ratio saham psab dagang selasa tutup level rp saham harga dividen interim rp saham tara dividend yield investor oleh hak dividen perhati jadwal cum date pasar reguler negosiasi cum date tetap september bayar dividen jadwal september rekomendasi saham mbma buy tp sl tlkm buy tp sl enrg buy tp sl jarr buy tp sl untr buy tp sl disclaimer analisis rekomendasi saham artikel sifat informatif aja beli jual saham ang ang
FINANCE,ratus terbang inggris delay batal sedia kontrol lintas udara nats alami teknis ujung ganggu terbang bandara bandara inggris ratus terbang bandara heathrow bandara gatwick bandara manchester bandara stansted dampak batal tunda identifikasi sistem pemrosesan terbang teknisi lokasi lanjut operasi normal cepat terbang berangkat wilayah udara buka pulih butuh nats nyata kutip cnbc rabu otoritas bandara heathrow pusat terbang besar inggris nats selesai baca inggris lirik proyek kereta ri data platform lacak terbang flightaware terbang batal heathrow tunda sisi terbang tunda gatwick total terbang otoritas bandara edinburgh nats pengaruh operasional nada bandara dublin irlandia terbang berangkat alami ganggu bandara lapor tunda batal bandara luton bandara birmingham bandara aberdeen bandara glasgow easyjet sebab tunda eropa ryanair wizz air virgin atlantic komentar apa juli teknis radar sistem kendali lintas udara inggris ganggu terbang jam bandara bandara utama london heathrow ara
FINANCE,perintah kuat database terima gas melon lpg kg jakarta salur lpg kg alias gas melon tingkat perintah benah data warga hak akses lpg subsidi kerja bongkar muat gas lpg pangkal gas kawasan pondok cabe tangerang selatan kemarin menteri energi sumber daya mineral esdm kuat basis data terima lpg kg upaya benah tata kelola distribusi salur barang subsidi sasar proyeksi salur lpg kg capai juta ton persen kuota kutip rancang anggar dapat belanja negara rapbn kuota volume lpg kg tulis juta ton banding kuota lpg kg apbn transformasi distribusi lpg maret tahap tahap data guna lpg kg sistem bas web laksana beli lpg kg sesuai hasil data tahap padan data pensasaran guna lpg laju konsumsi lpg tahun tekan
FINANCE,puan lahan bekas karhutla kebun sawit usut ketua dewan wakil rakyat dpr puan maharani kabar lahan bekas bakar hutan lahan karhutla ubah kebun sawit singkat selidik puan peristiwa kait karhutla ubah alih fungsi selidik selidik puan gedung dpr ri jakarta pusat selasa indonesia masuk jalur cincin api pasifik ring fire sebut perintah mitigasi antisipasi tangan bencana puan tekan padu libat koordinasi lintas menteri lembaga harap perintah kl mitigasi depan laku koordinasi menko menteri lembaga beber fokus tangan bencana puan tekan antisipasi dampak jangka pascabencana sosial sehat ispa didik anak anak ganggu ispa kondisi anak anak didik ganggu atas depan solusi imbuh menteri hutan menhut raja juli antoni buka suara duga lokasi bekas bakar hutan lahan karhutla tanam sawit raja giat bakar hutan giat ilegal tindak milik konsekuensi hukum nama bakar hutan lahan bakar hutan bakar hutan pasti tanam sawit ilegal raja kompleks dpr jakarta selasa menteri hutan koordinasi menteri agraria tata ruang badan tanah nasional atr bpn menteri tani cegah lokasi bekas bakar diri usaha tanam sawit bakar area guna apl koordinasi menteri atr bpn nusron wahid lahan hak usaha hgu acd acd
FINANCE,bps dtsen daftar terima bantu sosial data tunggal sosial ekonomi nasional dtsen terobos konsolidasi ambil bijak bas data indonesia dtsen social registry indonesia basis data utama salur program perintah kepala badan pusat statistik bps amalia adininggar widyasanti dtsen paham social registry beneficiary registry daftar terima bantu ada dtsen otomatis jadi terima bantu program perintah daftar bantu beneficiary registry daftar bantu terima program tentu menteri sesuai bijak amalia terang rabu amalia contoh tentu terima manfaat program sekolah rakyat kelompok sasar desil social registry masyarakat desil otomatis terima bantu kriteria tambah tetap menteri beneficiary registry amanah kelola dtsen menteri lembaga perintah daerah bantu mutakhir verifikasi validasi data data sebar konsolidasi himpun tunggal integrasi bps sesuai amanah inpres nomor dtsen menteri lembaga manfaat dtsen sesuai butuh program salah dasar tentu sasar program bantu intervensi dtsen isi registrasi database kumpul daftar duduk indonesia milik nik kk jadi data tunggal amalia mutakhir data amalia dtsen data sifat dinamis kondisi sosial ekonomi masyarakat ubah data baru kala cermin kondisi masyarakat warga masyarakat hak suara jalur koreksi mudah transparan dtsen milik perintah dtsen milik milik indonesia jaga amalia amalia libat masyarakat mutakhir data jaga akurasi dtsen data baru baik perintah mudah temu masyarakat butuh jangkau program sesuai data nama keluarga juang jangkau dtsen amalia lanjut keluarga data data perintah perintah ulur bantu baik mutakhir dtsen proses lanjut perintah perapihan data masyarakat informasi kondisi sosial ekonomi keluarga sesuai masyarakat temu informasi keluarga sesuai kondisi baru mekanisme usul sanggah kanal resmi sedia cek bansos cekbansos kemensos go id aplikasi siks ng operator desa lurah cek dtsen dtsen form bps go id juta orang bansos sisi menteri sosial saifullah yusuf hasil manfaat dtsen data padu bantu temu masyarakat terima program dtsen bentuk kpm terima bantu terima bantu pkh program keluarga harap red bantu pangan non tunai terima bantu iur hidup hasil bantu perintah hadir temu dtsen saifullah dtsen sempurna error baik ajak masyarakat peran baik mutakhir data data error orang putus bantu sosial orang desil desil bansos koreksi dalam telusur verifikasi validasi saifullah
